z,SampleDate,SampleTime,StationCode,Volume Received (mL),Volume Analyzed (mL),Percent of Sample Counted,Field-of-view (mm²),Slide/ Chamber Area (mm²),Area Counted,Number of Fields Counted,Factor,BSA_TIN,Taxon,Diatom/SoftBody,Genus,Species,Synonym,Unit Abundance,Number of cells per unit,GALD,Colony/Filament/Individual Group Code,BSA#,Taxonomist,Comments,Shape,Biovolume 1,Biovolume 2,Biovolume 3,Biovolume 4,Biovolume 5,Biovolume 6,Biovolume 7,Biovolume 8,Biovolume 9,Biovolume 10
Phyto,10/16/2015,10:00,C10A,63,20,31.75%,0.0697,314.159,0.767211489,11,20.47,40,Achnanthidium exiguum,Diatom,Achnanthidium,exiguum,,2,2,11.1,i,BSA.10-01,KS,Low sediment and moderate detritus. Many broken diatoms.,elliptic prism,180.64,,,,,,,,,
Phyto,10/16/2015,10:00,C10A,63,20,31.75%,0.0697,314.159,0.767211489,11,20.47,44,Achnanthidium minutissimum,Diatom,Achnanthidium,minutissimum,,1,1,11.1,i,BSA.10-01,KS,Low sediment and moderate detritus. Many broken diatoms.,elliptic prism,61.29,,,,,,,,,
Phyto,10/16/2015,10:00,C10A,63,20,31.75%,0.0697,314.159,0.767211489,11,20.47,46,Achnanthidium sp.,Diatom,Achnanthidium,sp.,,1,1,14.8,i,BSA.10-01,KS,Low sediment and moderate detritus. Many broken diatoms.,elliptic prism,81.72,,,,,,,,,
Phyto,10/16/2015,10:00,C10A,63,20,31.75%,0.0697,314.159,0.767211489,11,20.47,145,Cocconeis placentula,Diatom,Cocconeis,placentula,,1,1,14.8,i,BSA.10-01,KS,Low sediment and moderate detritus. Many broken diatoms.,elliptic prism,318.26,,,,,,,,,
Phyto,10/16/2015,10:00,C10A,63,20,31.75%,0.0697,314.159,0.767211489,11,20.47,147,Cocconeis sp.,Diatom,Cocconeis,sp.,,1,1,9.3,i,BSA.10-01,KS,Low sediment and moderate detritus. Many broken diatoms.,elliptic prism,77.72,,,,,,,,,
Phyto,10/16/2015,10:00,C10A,63,20,31.75%,0.0697,314.159,0.767211489,11,20.47,191,Cyclotella spp.,Diatom,Cyclotella,spp.,,3,3,5.6,i,BSA.10-01,KS,Low sediment and moderate detritus. Many broken diatoms.,cylinder,46.80,,,,,,,,,
Phyto,10/16/2015,10:00,C10A,63,20,31.75%,0.0697,314.159,0.767211489,11,20.47,412,cf. Geissleria decussis,Diatom,Geissleria,decussis,,2,2,24.1,i,BSA.10-01,KS,Low sediment and moderate detritus. Many broken diatoms.,elliptic prism,455.22,,,,,,,,,
Phyto,10/16/2015,10:00,C10A,63,20,31.75%,0.0697,314.159,0.767211489,11,20.47,559,Navicula capitatoradiata,Diatom,Navicula,capitatoradiata,,2,2,38.9,i,BSA.10-01,KS,Low sediment and moderate detritus. Many broken diatoms.,elliptic prism,1051.29,,,,,,,,,
Phyto,10/16/2015,10:00,C10A,63,20,31.75%,0.0697,314.159,0.767211489,11,20.47,632,Navicula spp.,Diatom,Navicula,spp.,,8,8,14.8,i,BSA.10-01,KS,Low sediment and moderate detritus. Many broken diatoms.,elliptic prism,240.85,,,,,,,,,
Phyto,10/16/2015,10:00,C10A,63,20,31.75%,0.0697,314.159,0.767211489,11,20.47,632,Navicula spp.,Diatom,Navicula,spp.,,5,5,22.2,i,BSA.10-01,KS,Fragment. Low sediment and moderate detritus. Many broken diatoms.,elliptic prism,477.39,,,,,,,,,
Phyto,10/16/2015,10:00,C10A,63,20,31.75%,0.0697,314.159,0.767211489,11,20.47,651,Navicula viridula,Diatom,Navicula,viridula,,1,1,38.9,i,BSA.10-01,KS,Low sediment and moderate detritus. Many broken diatoms.,elliptic prism,1591.15,,,,,,,,,
Phyto,10/16/2015,10:00,C10A,63,20,31.75%,0.0697,314.159,0.767211489,11,20.47,750,Nitzschia spp.,Diatom,Nitzschia,spp.,,3,3,35.2,i,BSA.10-01,KS,Degraded. Low sediment and moderate detritus. Many broken diatoms.,prism on parallelogram,123.73,,,,,,,,,
Phyto,10/16/2015,10:00,C10A,63,20,31.75%,0.0697,314.159,0.767211489,11,20.47,845,Planothidium rostratum,Diatom,Planothidium,rostratum,,1,1,13,i,BSA.10-01,KS,Low sediment and moderate detritus. Many broken diatoms.,elliptic prism,245.55,,,,,,,,,
Phyto,10/16/2015,10:00,C10A,63,20,31.75%,0.0697,314.159,0.767211489,11,20.47,846,Planothidium sp.,Diatom,Planothidium,sp.,,2,2,9.3,i,BSA.10-01,KS,Low sediment and moderate detritus. Many broken diatoms.,elliptic prism,77.72,,,,,,,,,
Phyto,10/16/2015,10:00,C10A,63,20,31.75%,0.0697,314.159,0.767211489,11,20.47,850,Pleurosigma sp.,Diatom,Pleurosigma,sp.,,1,1,157.4,i,BSA.10-01,KS,Low sediment and moderate detritus. Many broken diatoms.,prism on parallelogram,6522.66,,,,,,,,,
Phyto,10/16/2015,10:00,C10A,63,20,31.75%,0.0697,314.159,0.767211489,11,20.47,858,cf. Psammothidium sp.,Diatom,Psammothidium,sp.,,3,3,9.3,i,BSA.10-01,KS,Low sediment and moderate detritus. Many broken diatoms.,elliptic prism,77.72,,,,,,,,,
Phyto,10/16/2015,10:00,C10A,63,20,31.75%,0.0697,314.159,0.767211489,11,20.47,890,Sellaphora pupula,Diatom,Sellaphora,pupula,,2,2,20.4,i,BSA.10-01,KS,Low sediment and moderate detritus. Many broken diatoms.,box,948.19,,,,,,,,,
Phyto,10/16/2015,10:00,C10A,63,20,31.75%,0.0697,314.159,0.767211489,11,20.47,915,Staurosira construens var. venter,Diatom,Staurosira,construens var. venter,,1,1,6.5,i,BSA.10-01,KS,Low sediment and moderate detritus. Many broken diatoms.,elliptic prism,160.10,,,,,,,,,
Phyto,10/16/2015,10:00,C10A,63,20,31.75%,0.0697,314.159,0.767211489,11,20.47,931,Stephanocyclus meneghiniana,Diatom,Stephanocyclus,meneghiniana,,5,5,11.1,i,BSA.10-01,KS,Low sediment and moderate detritus. Many broken diatoms.,cylinder,541.91,,,,,,,,,
Phyto,10/16/2015,10:00,C10A,63,20,31.75%,0.0697,314.159,0.767211489,11,20.47,976,Synedra cf. ulna,Diatom,Synedra,ulna,,7,7,5.6,i,BSA.10-01,KS,Fragment. Low sediment and moderate detritus. Many broken diatoms.,box,60.21,,,,,,,,,
Phyto,10/16/2015,10:00,C10A,63,20,31.75%,0.0697,314.159,0.767211489,11,20.47,987,cf. Thalassiosira sp.,Diatom,Thalassiosira,sp.,,1,1,33.3,i,BSA.10-01,KS,Low sediment and moderate detritus. Many broken diatoms.,cylinder,6444.80,,,,,,,,,
Phyto,10/16/2015,10:00,C10A,63,20,31.75%,0.0697,314.159,0.767211489,11,20.47,1031,cf. Chlamydomonas sp.,Soft Body,Chlamydomonas,sp.,,1,1,9.3,i,BSA.10-01,KS,Low sediment and moderate detritus. Many broken diatoms.,sphere,380.40,,,,,,,,,
Phyto,10/16/2015,10:00,C10A,63,20,31.75%,0.0697,314.159,0.767211489,11,20.47,1037,Chlorella sp.,Soft Body,Chlorella,sp.,,12,12,3.7,i,BSA.10-01,KS,Low sediment and moderate detritus. Many broken diatoms.,sphere,26.52,,,,,,,,,
Phyto,10/16/2015,10:00,C10A,63,20,31.75%,0.0697,314.159,0.767211489,11,20.47,1704,Monoraphidium minutum,Soft Body,Monoraphidium,minutum,,2,2,5.6,i,BSA.10-01,KS,Low sediment and moderate detritus. Many broken diatoms.,2 cones,10.59,,,,,,,,,
Phyto,10/16/2015,10:00,C10A,63,20,31.75%,0.0697,314.159,0.767211489,11,20.47,1235,Scenedesmus sp.,Soft Body,Scenedesmus,sp.,,1,2,3.7,c,BSA.10-01,KS,Low sediment and moderate detritus. Many broken diatoms.,prolate spheroid,6.99,,,,,,,,,
Phyto,10/16/2015,10:00,C10A,63,20,31.75%,0.0697,314.159,0.767211489,11,20.47,1306,Chrysococcus spp.,Soft Body,Chrysococcus,spp.,,3,3,5.6,i,BSA.10-01,KS,Low sediment and moderate detritus. Many broken diatoms.,prolate spheroid,54.22,,,,,,,,,
Phyto,10/16/2015,10:00,C10A,63,20,31.75%,0.0697,314.159,0.767211489,11,20.47,1791,Chroomonas nordstedtii,Soft Body,Chroomonas,nordstedtii,,4,4,11,i,BSA.10-01,KS,Low sediment and moderate detritus. Many broken diatoms.,cone + half sphere,554.36,,,,,,,,,
Phyto,10/16/2015,10:00,C10A,63,20,31.75%,0.0697,314.159,0.767211489,11,20.47,1341,Chroomonas rosenbergii,Soft Body,Chroomonas,rosenbergii,,3,3,8.3,i,BSA.10-01,KS,Low sediment and moderate detritus. Many broken diatoms.,cone + half sphere,250.69,,,,,,,,,
Phyto,10/16/2015,10:00,C10A,63,20,31.75%,0.0697,314.159,0.767211489,11,20.47,1349,Cryptomonas cf. ovata,Soft Body,Cryptomonas,ovata,,2,2,16.7,i,BSA.10-01,KS,Obscured by detritus. Low sediment and moderate detritus. Many broken diatoms.,prolate spheroid,478.83,,,,,,,,,
Phyto,10/16/2015,10:00,C10A,63,20,31.75%,0.0697,314.159,0.767211489,11,20.47,1364,Plagioselmis nannoplanctica,Soft Body,Plagioselmis,nannoplanctica,,1,1,9.3,i,BSA.10-01,KS,Low sediment and moderate detritus. Many broken diatoms.,cone + half sphere,337.38,,,,,,,,,
Phyto,10/16/2015,10:00,C10A,63,20,31.75%,0.0697,314.159,0.767211489,11,20.47,1419,Chroococcus microscopicus,Soft Body,Chroococcus,microscopicus,,327,1105,0.65,c,BSA.10-01,KS,Low sediment and moderate detritus. Many broken diatoms.,sphere,0.27,0.27,0.27,0.27,0.27,0.07,0.07,0.07,0.07,0.07
Phyto,10/16/2015,10:00,C10A,63,20,31.75%,0.0697,314.159,0.767211489,11,20.47,1629,Peridinium sp.,Soft Body,Peridinium,sp.,,1,1,25.9,i,BSA.10-01,KS,Low sediment and moderate detritus. Many broken diatoms.,ellipsoid,7876.48,,,,,,,,,
Phyto,10/19/2015,14:05,EZ2 SJR,62,5,8.06%,0.0697,314.159,0.348732495,5,180.17,95,Aulacoseira sp. ,Diatom,Aulacoseira,sp.,,1,1,5.6,i,BSA.10-02,KS,Fragment. High sediment and moderate detritus. Many broken diatoms.,cylinder,137.93,,,,,,,,,
Phyto,10/19/2015,14:05,EZ2 SJR,62,5,8.06%,0.0697,314.159,0.348732495,5,180.17,145,Cocconeis cf. placentula,Diatom,Cocconeis,placentula,,2,2,18.5,i,BSA.10-02,KS,Fragment. High sediment and moderate detritus. Many broken diatoms.,elliptic prism,698.89,,,,,,,,,
Phyto,10/19/2015,14:05,EZ2 SJR,62,5,8.06%,0.0697,314.159,0.348732495,5,180.17,190,Cyclotella sp.,Diatom,Cyclotella,sp.,,2,2,7.4,i,BSA.10-02,KS,High sediment and moderate detritus. Many broken diatoms.,cylinder,159.13,,,,,,,,,
Phyto,10/19/2015,14:05,EZ2 SJR,62,5,8.06%,0.0697,314.159,0.348732495,5,180.17,1732,Entomoneis cf. paludosa,Diatom,Entomoneis,paludosa,,1,1,37,i,BSA.10-02,KS,High sediment and moderate detritus. Many broken diatoms.,elliptic prism,3010.59,,,,,,,,,
Phyto,10/19/2015,14:05,EZ2 SJR,62,5,8.06%,0.0697,314.159,0.348732495,5,180.17,976,Synedra cf. ulna,Diatom,Synedra,ulna,,1,1,5.6,i,BSA.10-02,KS,Fragment. High sediment and moderate detritus. Many broken diatoms.,box,30.92,,,,,,,,,
Phyto,10/19/2015,14:05,EZ2 SJR,62,5,8.06%,0.0697,314.159,0.348732495,5,180.17,1119,Lagerheimia genevensis,Soft Body,Lagerheimia,genevensis,,1,1,5.6,i,BSA.10-02,KS,High sediment and moderate detritus. Many broken diatoms.,ellipsoid,20.61,,,,,,,,,
Phyto,10/19/2015,14:05,EZ2 SJR,62,5,8.06%,0.0697,314.159,0.348732495,5,180.17,1731,Aphanizomenon cf. klebahnii ,Soft Body,Aphanizomenon,klebahnii,,1,55,5.6,f,BSA.10-02,KS,High sediment and moderate detritus. Many broken diatoms.,cylinder,60.21,,,,,,,,,
Phyto,10/19/2015,14:05,EZ2 SJR,62,5,8.06%,0.0697,314.159,0.348732495,5,180.17,1419,Chroococcus microscopicus,Soft Body,Chroococcus,microscopicus,,440,1173,0.65,c,BSA.10-02,KS,High sediment and moderate detritus. Many broken diatoms.,sphere,0.27,0.27,0.27,0.27,0.27,0.07,0.07,0.07,0.07,0.07
Phyto,10/19/2015,14:05,EZ2 SJR,62,5,8.06%,0.0697,314.159,0.348732495,5,180.17,1468,Merismopedia sp.,Soft Body,Merismopedia,sp.,,1,16,1.9,c,BSA.10-02,KS,High sediment and moderate detritus. Many broken diatoms.,cube,6.86,,,,,,,,,
Phyto,10/19/2015,14:05,EZ2 SJR,62,5,8.06%,0.0697,314.159,0.348732495,5,180.17,1678,cf. Synechococcus salinarum,Soft Body,Synechococcus,salinarum,,2,2,5.6,i,BSA.10-02,KS,High sediment and moderate detritus. Many broken diatoms.,sphere,91.95,,,,,,,,,
Phyto,10/19/2015,14:05,EZ2 SJR,62,5,8.06%,0.0697,314.159,0.348732495,5,180.17,1611,Gymnodinium sp.,Soft Body,Gymnodinium,sp.,,1,1,9.3,i,BSA.10-02,KS,High sediment and moderate detritus. Many broken diatoms.,ellipsoid,201.79,,,,,,,,,
Phyto,10/19/2015,13:15,D28A,59,6,10.17%,0.0697,314.159,0.767211489,11,68.25,95,Aulacoseira sp. ,Diatom,Aulacoseira,sp.,,3,3,9.3,i,BSA.10-03,KS,Fragment. Low sediment and detritus.,cylinder,154.56,,,,,,,,,
Phyto,10/19/2015,13:15,D28A,59,6,10.17%,0.0697,314.159,0.767211489,11,68.25,1764,cf. Bacillaria sp.,Diatom,Bacillaria,sp.,,1,1,5.6,i,BSA.10-03,KS,Fragment. Low sediment and detritus.,box,116.03,,,,,,,,,
Phyto,10/19/2015,13:15,D28A,59,6,10.17%,0.0697,314.159,0.767211489,11,68.25,145,Cocconeis placentula,Diatom,Cocconeis,placentula,,1,1,20.4,i,BSA.10-03,KS,Low sediment and detritus.,elliptic prism,551.32,,,,,,,,,
Phyto,10/19/2015,13:15,D28A,59,6,10.17%,0.0697,314.159,0.767211489,11,68.25,191,Cyclotella spp.,Diatom,Cyclotella,spp.,,4,4,9.3,i,BSA.10-03,KS,Degraded. Low sediment and detritus.,cylinder,251.34,,,,,,,,,
Phyto,10/19/2015,13:15,D28A,59,6,10.17%,0.0697,314.159,0.767211489,11,68.25,713,cf. Nitzschia inconspicua,Diatom,Nitzschia,inconspicua,,1,1,7.4,i,BSA.10-03,KS,Low sediment and detritus.,prism on parallelogram,20.72,,,,,,,,,
Phyto,10/19/2015,13:15,D28A,59,6,10.17%,0.0697,314.159,0.767211489,11,68.25,749,Nitzschia sp.,Diatom,Nitzschia,sp.,,1,1,5.6,i,BSA.10-03,KS,Fragment. Low sediment and detritus.,prism on parallelogram,58.02,,,,,,,,,
Phyto,10/19/2015,13:15,D28A,59,6,10.17%,0.0697,314.159,0.767211489,11,68.25,976,Synedra cf. ulna,Diatom,Synedra,ulna,,1,1,7.4,i,BSA.10-03,KS,Fragment. Low sediment and detritus.,box,120.42,,,,,,,,,
Phyto,10/19/2015,13:15,D28A,59,6,10.17%,0.0697,314.159,0.767211489,11,68.25,1038,Chlorella spp.,Soft Body,Chlorella,spp.,,14,14,3,i,BSA.10-03,KS,Low sediment and detritus.,sphere,14.14,,,,,,,,,
Phyto,10/19/2015,13:15,D28A,59,6,10.17%,0.0697,314.159,0.767211489,11,68.25,1768,Plagioselmis lacustris,Soft Body,Plagioselmis,lacustris,,6,6,13,i,BSA.10-03,KS,Low sediment and detritus.,cone + half sphere,902.58,,,,,,,,,
Phyto,10/19/2015,13:15,D28A,59,6,10.17%,0.0697,314.159,0.767211489,11,68.25,1364,Plagioselmis nannoplanctica,Soft Body,Plagioselmis,nannoplanctica,,11,11,6.5,i,BSA.10-03,KS,Low sediment and detritus.,cone + half sphere,122.78,,,,,,,,,
Phyto,10/19/2015,13:15,D28A,59,6,10.17%,0.0697,314.159,0.767211489,11,68.25,1731,Aphanizomenon cf. klebahnii ,Soft Body,Aphanizomenon,klebahnii,,1,45,4,f,BSA.10-03,KS,Low sediment and detritus.,cylinder,28.27,,,,,,,,,
Phyto,10/19/2015,13:15,D28A,59,6,10.17%,0.0697,314.159,0.767211489,11,68.25,1419,Chroococcus microscopicus,Soft Body,Chroococcus,microscopicus,,372,1180,0.65,c,BSA.10-03,KS,Low sediment and detritus.,sphere,0.27,0.27,0.27,0.27,0.27,0.07,0.07,0.07,0.07,0.07
Phyto,10/19/2015,13:15,D28A,59,6,10.17%,0.0697,314.159,0.767211489,11,68.25,1420,Chroococcus minimus,Soft Body,Chroococcus,minimus,,2,8,1.9,c,BSA.10-03,KS,Low sediment and detritus.,sphere,3.59,,,,,,,,,
Phyto,10/19/2015,13:15,D28A,59,6,10.17%,0.0697,314.159,0.767211489,11,68.25,1421,cf. Chroococcus minutus,Soft Body,Chroococcus,minutus,,2,3,4.6,c,BSA.10-03,KS,Low sediment and detritus.,sphere,50.96,,,,,,,,,
Phyto,10/19/2015,13:15,D28A,59,6,10.17%,0.0697,314.159,0.767211489,11,68.25,1471,Merismopedia tenuissima,Soft Body,Merismopedia,tenuissima,,1,14,1.9,c,BSA.10-03,KS,Low sediment and detritus.,cube,6.86,,,,,,,,,
Phyto,10/19/2015,13:15,D28A,59,6,10.17%,0.0697,314.159,0.767211489,11,68.25,1678,cf. Synechococcus salinarum,Soft Body,Synechococcus,salinarum,,5,5,5.6,i,BSA.10-03,KS,Low sediment and detritus.,sphere,91.95,,,,,,,,,
Phyto,10/20/2015,12:00,P8,64,3,4.69%,0.0697,314.159,1.534422978,22,68.25,704,Nitzschia frustulum,Diatom,Nitzschia,frustulum,,3,3,25,i,BSA.10-04,JW,Moderate detritus.,prism on parallelogram,92.50,,,,,,,,,
Phyto,10/20/2015,12:00,P8,64,3,4.69%,0.0697,314.159,1.534422978,22,68.25,987,cf. Thalassiosira sp.,Diatom,Thalassiosira,sp.,,1,1,5.6,i,BSA.10-04,JW,Moderate detritus.,cylinder,73.89,,,,,,,,,
Phyto,10/20/2015,12:00,P8,64,3,4.69%,0.0697,314.159,1.534422978,22,68.25,1037,Chlorella sp.,Soft Body,Chlorella,sp.,,15,15,3.7,i,BSA.10-04,JW,Moderate detritus.,sphere,26.52,,,,,,,,,
Phyto,10/20/2015,12:00,P8,64,3,4.69%,0.0697,314.159,1.534422978,22,68.25,1235,Scenedesmus sp.,Soft Body,Scenedesmus,sp.,,1,2,5.6,c,BSA.10-04,JW,Moderate detritus.,prolate spheroid,40.14,,,,,,,,,
Phyto,10/20/2015,12:00,P8,64,3,4.69%,0.0697,314.159,1.534422978,22,68.25,1349,Cryptomonas ovata,Soft Body,Cryptomonas,ovata,,4,4,16.7,i,BSA.10-04,JW,Moderate detritus.,prolate spheroid,756.28,,,,,,,,,
Phyto,10/20/2015,12:00,P8,64,3,4.69%,0.0697,314.159,1.534422978,22,68.25,1364,Plagioselmis nannoplanctica,Soft Body,Plagioselmis,nannoplanctica,,13,13,7.4,i,BSA.10-04,JW,Moderate detritus.,cone + half sphere,172.03,,,,,,,,,
Phyto,10/20/2015,12:00,P8,64,3,4.69%,0.0697,314.159,1.534422978,22,68.25,1733,Plagioselmis prolonga,Soft Body,Plagioselmis,prolonga,,22,22,5.6,i,BSA.10-04,JW,Moderate detritus.,cone + half sphere,76.35,,,,,,,,,
Phyto,10/20/2015,12:00,P8,64,3,4.69%,0.0697,314.159,1.534422978,22,68.25,1649,Rhodomonas salina,Soft Body,Rhodomonas,salina,,6,6,11,i,BSA.10-04,JW,Moderate detritus.,cone + half sphere,582.87,,,,,,,,,
Phyto,10/20/2015,12:00,P8,64,3,4.69%,0.0697,314.159,1.534422978,22,68.25,1731,Aphanizomenon cf. klebahnii ,Soft Body,Aphanizomenon,klebahnii,,1,21,5.6,f,BSA.10-04,JW,Moderate detritus.,cylinder,93.07,,,,,,,,,
Phyto,10/20/2015,12:00,P8,64,3,4.69%,0.0697,314.159,1.534422978,22,68.25,1419,Chroococcus microscopicus,Soft Body,Chroococcus,microscopicus,,350,812,0.65,c,BSA.10-04,JW,Moderate detritus.,sphere,0.27,0.27,0.27,0.27,0.27,0.07,0.07,0.07,0.07,0.07
Phyto,10/20/2015,12:00,P8,64,3,4.69%,0.0697,314.159,1.534422978,22,68.25,1420,Chroococcus minimus,Soft Body,Chroococcus,minimus,,1,8,1,c,BSA.10-04,JW,Moderate detritus.,sphere,0.52,,,,,,,,,
Phyto,10/20/2015,12:00,P8,64,3,4.69%,0.0697,314.159,1.534422978,22,68.25,1421,Chroococcus minutus,Soft Body,Chroococcus,minutus,,1,1,3.7,c,BSA.10-04,JW,Moderate detritus.,sphere,26.52,,,,,,,,,
Phyto,10/20/2015,12:00,P8,64,3,4.69%,0.0697,314.159,1.534422978,22,68.25,1423,Chroococcus sp.,Soft Body,Chroococcus,sp.,,1,1,2,c,BSA.10-04,JW,Moderate detritus.,sphere,4.19,,,,,,,,,
Phyto,10/20/2015,12:00,P8,64,3,4.69%,0.0697,314.159,1.534422978,22,68.25,1678,cf. Synechococcus salinarum,Soft Body,Synechococcus,salinarum,,4,4,5.6,i,BSA.10-04,JW,Moderate detritus.,sphere,91.95,,,,,,,,,
Phyto,10/21/2015,13:02,EZ6,58,3,5.17%,0.0697,314.159,0.627718491,9,166.83,1732,Entomoneis paludosa,Diatom,Entomoneis,paludosa,,1,1,37,i,BSA.10-05,JW,Moderate sediment and high detritus.,elliptic prism,5376.05,,,,,,,,,
Phyto,10/21/2015,13:02,EZ6,58,3,5.17%,0.0697,314.159,0.627718491,9,166.83,631,Navicula sp.,Diatom,Navicula,sp.,,1,1,28,i,BSA.10-05,JW,Moderate sediment and high detritus.,elliptic prism,428.83,,,,,,,,,
Phyto,10/21/2015,13:02,EZ6,58,3,5.17%,0.0697,314.159,0.627718491,9,166.83,1696,Tryblionella granulata,Diatom,Tryblionella,granulata,,1,1,20,i,BSA.10-05,JW,Moderate sediment and high detritus.,elliptic prism,344.00,,,,,,,,,
Phyto,10/21/2015,13:02,EZ6,58,3,5.17%,0.0697,314.159,0.627718491,9,166.83,998,Tryblionella levidensis,Diatom,Tryblionella,levidensis,,1,1,13,i,BSA.10-05,JW,Moderate sediment and high detritus.,elliptic prism,114.35,,,,,,,,,
Phyto,10/21/2015,13:02,EZ6,58,3,5.17%,0.0697,314.159,0.627718491,9,166.83,1037,Chlorella sp.,Soft Body,Chlorella,sp.,,1,1,2.8,i,BSA.10-05,JW,Moderate sediment and high detritus.,sphere,11.49,,,,,,,,,
Phyto,10/21/2015,13:02,EZ6,58,3,5.17%,0.0697,314.159,0.627718491,9,166.83,1364,Plagioselmis nannoplanctica,Soft Body,Plagioselmis,nannoplanctica,,7,7,7.4,i,BSA.10-05,JW,Moderate sediment and high detritus.,cone + half sphere,186.37,,,,,,,,,
Phyto,10/21/2015,13:02,EZ6,58,3,5.17%,0.0697,314.159,0.627718491,9,166.83,1733,Plagioselmis prolonga,Soft Body,Plagioselmis,prolonga,,1,1,5.6,i,BSA.10-05,JW,Moderate sediment and high detritus.,cone + half sphere,76.35,,,,,,,,,
Phyto,10/21/2015,13:02,EZ6,58,3,5.17%,0.0697,314.159,0.627718491,9,166.83,1649,Rhodomonas salina,Soft Body,Rhodomonas,salina,,1,1,13,i,BSA.10-05,JW,Moderate sediment and high detritus.,cone + half sphere,902.58,,,,,,,,,
Phyto,10/21/2015,13:02,EZ6,58,3,5.17%,0.0697,314.159,0.627718491,9,166.83,1419,Chroococcus microscopicus,Soft Body,Chroococcus,microscopicus,,414,938,0.65,c,BSA.10-05,JW,Moderate sediment and high detritus.,sphere,0.27,0.27,0.27,0.27,0.27,0.07,0.07,0.07,0.07,0.07
Phyto,10/21/2015,13:02,EZ6,58,3,5.17%,0.0697,314.159,0.627718491,9,166.83,1678,cf. Synechococcus salinarum,Soft Body,Synechococcus,salinarum,,18,18,5.6,i,BSA.10-05,JW,Moderate sediment and high detritus.,sphere,91.95,,,,,,,,,
Phyto,10/19/2015,14:25,EZ6 SJR,63,5,7.94%,0.0697,314.159,0.348732495,5,180.17,95,Aulacoseira sp. ,Diatom,Aulacoseira,sp.,,1,1,13,i,BSA.10-06,KS,Fragment. High sediment and detritus.,cylinder,883.08,,,,,,,,,
Phyto,10/19/2015,14:25,EZ6 SJR,63,5,7.94%,0.0697,314.159,0.348732495,5,180.17,147,Cocconeis sp.,Diatom,Cocconeis,sp.,,1,1,14.8,i,BSA.10-06,KS,Fragment. High sediment and detritus.,elliptic prism,318.26,,,,,,,,,
Phyto,10/19/2015,14:25,EZ6 SJR,63,5,7.94%,0.0697,314.159,0.348732495,5,180.17,190,cf. Cyclotella sp.,Diatom,Cyclotella,sp.,,1,1,7.4,i,BSA.10-06,KS,High sediment and detritus.,cylinder,159.13,,,,,,,,,
Phyto,10/19/2015,14:25,EZ6 SJR,63,5,7.94%,0.0697,314.159,0.348732495,5,180.17,987,cf. Thalassiosira sp.,Diatom,Thalassiosira,sp.,,1,1,3.7,i,BSA.10-06,KS,High sediment and detritus.,cylinder,20.43,,,,,,,,,
Phyto,10/19/2015,14:25,EZ6 SJR,63,5,7.94%,0.0697,314.159,0.348732495,5,180.17,1352,Cryptomonas sp.,Soft Body,Cryptomonas,sp.,,1,1,14.8,i,BSA.10-06,KS,Obscured by detritus. High sediment and detritus.,prolate spheroid,670.23,,,,,,,,,
Phyto,10/19/2015,14:25,EZ6 SJR,63,5,7.94%,0.0697,314.159,0.348732495,5,180.17,1419,Chroococcus microscopicus,Soft Body,Chroococcus,microscopicus,,630,1932,0.65,c,BSA.10-06,KS,High sediment and detritus.,sphere,0.27,0.27,0.27,0.27,0.27,0.07,0.07,0.07,0.07,0.07
Phyto,10/19/2015,14:25,EZ6 SJR,63,5,7.94%,0.0697,314.159,0.348732495,5,180.17,1681,cf. Chroococcus planctonicus,Soft Body,Chroococcus,planctonicus,,1,1,3.7,i,BSA.10-06,KS,High sediment and detritus.,sphere,26.52,,,,,,,,,
Phyto,10/19/2015,14:25,EZ6 SJR,63,5,7.94%,0.0697,314.159,0.348732495,5,180.17,1678,cf. Synechococcus salinarum,Soft Body,Synechococcus,salinarum,,5,5,5.6,i,BSA.10-06,KS,High sediment and detritus.,sphere,91.95,,,,,,,,,
Phyto,10/23/2015,11:50,D6,64,3,4.69%,0.0697,314.159,1.813408974,26,57.75,1032,cf. Chlamydomonas spp.,Soft Body,Chlamydomonas,spp.,,2,2,7.4,i,BSA.10-07,JW,Degraded. Moderate sediment and detritus.,sphere,172.03,,,,,,,,,
Phyto,10/23/2015,11:50,D6,64,3,4.69%,0.0697,314.159,1.813408974,26,57.75,1037,Chlorella sp.,Soft Body,Chlorella,sp.,,4,4,3.7,i,BSA.10-07,JW,Moderate sediment and detritus.,sphere,26.52,,,,,,,,,
Phyto,10/23/2015,11:50,D6,64,3,4.69%,0.0697,314.159,1.813408974,26,57.75,1339,Chroomonas acuta,Soft Body,Chroomonas,acuta,,1,1,15,i,BSA.10-07,JW,Moderate sediment and detritus.,cone + half sphere,1319.47,,,,,,,,,
Phyto,10/23/2015,11:50,D6,64,3,4.69%,0.0697,314.159,1.813408974,26,57.75,1364,Plagioselmis nannoplanctica,Soft Body,Plagioselmis,nannoplanctica,,3,3,5.6,i,BSA.10-07,JW,Moderate sediment and detritus.,cone + half sphere,83.74,,,,,,,,,
Phyto,10/23/2015,11:50,D6,64,3,4.69%,0.0697,314.159,1.813408974,26,57.75,1733,Plagioselmis prolonga,Soft Body,Plagioselmis,prolonga,,6,6,5.6,i,BSA.10-07,JW,Moderate sediment and detritus.,cone + half sphere,76.35,,,,,,,,,
Phyto,10/23/2015,11:50,D6,64,3,4.69%,0.0697,314.159,1.813408974,26,57.75,1419,Chroococcus microscopicus,Soft Body,Chroococcus,microscopicus,,494,1174,0.65,c,BSA.10-07,JW,Moderate sediment and detritus.,sphere,0.27,0.27,0.27,0.27,0.27,0.07,0.07,0.07,0.07,0.07
Phyto,10/23/2015,11:50,D6,64,3,4.69%,0.0697,314.159,1.813408974,26,57.75,1423,Chroococcus sp.,Soft Body,Chroococcus,sp.,,1,2,2,i,BSA.10-07,JW,Moderate sediment and detritus.,sphere,4.19,,,,,,,,,
Phyto,10/23/2015,11:50,D6,64,3,4.69%,0.0697,314.159,1.813408974,26,57.75,1500,Planktolyngbya limnetica,Soft Body,Planktolyngbya,limnetica,,1,14,2,i,BSA.10-07,JW,Moderate sediment and detritus.,cylinder,1.01,,,,,,,,,
Phyto,10/23/2015,11:50,D6,64,3,4.69%,0.0697,314.159,1.813408974,26,57.75,1545,Euglena sp.,Soft Body,Euglena,sp.,,1,1,16.7,i,BSA.10-07,JW,Moderate sediment and detritus.,half ellipsoid + cone on an elliptic base,487.92,,,,,,,,,
Phyto,10/23/2015,9:55,D41,65,3,4.62%,0.0697,314.159,1.39492998,20,75.07,74,Amphora sp.,Diatom,Amphora,sp.,,2,2,41,i,BSA.10-08,JW,Low sediment and moderate detritus.,cymbelloid,382.69,,,,,,,,,
Phyto,10/23/2015,9:55,D41,65,3,4.62%,0.0697,314.159,1.39492998,20,75.07,1792,Odontella aurita,Diatom,Odontella,aurita,,1,1,31.5,i,BSA.10-08,JW,Low sediment and moderate detritus.,elliptic prism,5071.70,,,,,,,,,
Phyto,10/23/2015,9:55,D41,65,3,4.62%,0.0697,314.159,1.39492998,20,75.07,1031,Chlamydomonas sp.,Soft Body,Chlamydomonas,sp.,,1,1,7.4,i,BSA.10-08,JW,Low sediment and moderate detritus.,sphere,108.49,,,,,,,,,
Phyto,10/23/2015,9:55,D41,65,3,4.62%,0.0697,314.159,1.39492998,20,75.07,1037,Chlorella sp.,Soft Body,Chlorella,sp.,,3,3,3.7,i,BSA.10-08,JW,Low sediment and moderate detritus.,sphere,26.52,,,,,,,,,
Phyto,10/23/2015,9:55,D41,65,3,4.62%,0.0697,314.159,1.39492998,20,75.07,1364,Plagioselmis nannoplanctica,Soft Body,Plagioselmis,nannoplanctica,,10,10,7.4,i,BSA.10-08,JW,Low sediment and moderate detritus.,cone + half sphere,172.03,,,,,,,,,
Phyto,10/23/2015,9:55,D41,65,3,4.62%,0.0697,314.159,1.39492998,20,75.07,1733,Plagioselmis prolonga,Soft Body,Plagioselmis,prolonga,,7,7,5.6,i,BSA.10-08,JW,Low sediment and moderate detritus.,cone + half sphere,76.35,,,,,,,,,
Phyto,10/23/2015,9:55,D41,65,3,4.62%,0.0697,314.159,1.39492998,20,75.07,1419,Chroococcus microscopicus,Soft Body,Chroococcus,microscopicus,,420,944,0.65,c,BSA.10-08,JW,Low sediment and moderate detritus.,sphere,0.27,0.27,0.27,0.27,0.27,0.07,0.07,0.07,0.07,0.07
Phyto,10/23/2015,9:55,D41,65,3,4.62%,0.0697,314.159,1.39492998,20,75.07,1545,Euglena sp.,Soft Body,Euglena,sp.,,1,1,24,i,BSA.10-08,JW,Low sediment and moderate detritus.,half ellipsoid + cone on an elliptic base,557.95,,,,,,,,,
Phyto,10/20/2015,10:35,MD10A,64,10,15.63%,0.0697,314.159,0.557971992,8,56.30,74,Amphora sp.,Diatom,Amphora,sp.,,2,2,20.5,i,BSA.10-09,JW,Moderate sediment and detritus. Many broken diatoms.,cymbelloid,114.82,,,,,,,,,
Phyto,10/20/2015,10:35,MD10A,64,10,15.63%,0.0697,314.159,0.557971992,8,56.30,91,Aulacoseira granulata,Diatom,Aulacoseira,granulata,,1,1,13,i,BSA.10-09,JW,Fragment. Moderate sediment and detritus. Many broken diatoms.,cylinder,1235.43,,,,,,,,,
Phyto,10/20/2015,10:35,MD10A,64,10,15.63%,0.0697,314.159,0.557971992,8,56.30,99,Bacillaria paxillifera,Diatom,Bacillaria,paxillifera,,3,3,81.5,i,BSA.10-09,JW,Moderate sediment and detritus. Many broken diatoms.,box,3015.50,,,,,,,,,
Phyto,10/20/2015,10:35,MD10A,64,10,15.63%,0.0697,314.159,0.557971992,8,56.30,145,Cocconeis placentula,Diatom,Cocconeis,placentula,,2,2,18.5,i,BSA.10-09,JW,Moderate sediment and detritus. Many broken diatoms.,elliptic prism,319.66,,,,,,,,,
Phyto,10/20/2015,10:35,MD10A,64,10,15.63%,0.0697,314.159,0.557971992,8,56.30,182,Cyclotella meneghiniana,Diatom,Cyclotella,meneghiniana,,1,1,11,i,BSA.10-09,JW,Moderate sediment and detritus. Many broken diatoms.,cylinder,703.24,,,,,,,,,
Phyto,10/20/2015,10:35,MD10A,64,10,15.63%,0.0697,314.159,0.557971992,8,56.30,265,Diadesmis contenta,Diatom,Diadesmis,contenta,,1,1,9.3,i,BSA.10-09,JW,Moderate sediment and detritus. Many broken diatoms.,elliptic prism,20.45,,,,,,,,,
Phyto,10/20/2015,10:35,MD10A,64,10,15.63%,0.0697,314.159,0.557971992,8,56.30,631,Navicula sp.,Diatom,Navicula,sp.,,1,1,37,i,BSA.10-09,JW,Moderate sediment and detritus. Many broken diatoms.,elliptic prism,795.65,,,,,,,,,
Phyto,10/20/2015,10:35,MD10A,64,10,15.63%,0.0697,314.159,0.557971992,8,56.30,1038,Chlorella spp.,Soft Body,Chlorella,spp.,,28,28,0.8,i,BSA.10-09,JW,Moderate sediment and detritus. Many broken diatoms.,sphere,0.27,,,,,,,,,
Phyto,10/20/2015,10:35,MD10A,64,10,15.63%,0.0697,314.159,0.557971992,8,56.30,1119,Lagerheimia genevensis,Soft Body,Lagerheimia,genevensis,,2,2,5.6,i,BSA.10-09,JW,Moderate sediment and detritus. Many broken diatoms.,ellipsoid,21.70,,,,,,,,,
Phyto,10/20/2015,10:35,MD10A,64,10,15.63%,0.0697,314.159,0.557971992,8,56.30,1134,Monoraphidium contortum,Soft Body,Monoraphidium,contortum,,3,3,9.3,i,BSA.10-09,JW,Moderate sediment and detritus. Many broken diatoms.,2 cones,4.87,,,,,,,,,
Phyto,10/20/2015,10:35,MD10A,64,10,15.63%,0.0697,314.159,0.557971992,8,56.30,1200,Scenedesmus abundans,Soft Body,Scenedesmus,abundans,,1,4,5.6,c,BSA.10-09,JW,Moderate sediment and detritus. Many broken diatoms.,prolate spheroid,11.73,,,,,,,,,
Phyto,10/20/2015,10:35,MD10A,64,10,15.63%,0.0697,314.159,0.557971992,8,56.30,1346,Cryptomonas erosa,Soft Body,Cryptomonas,erosa,,4,4,14.8,i,BSA.10-09,JW,Moderate sediment and detritus. Many broken diatoms.,prolate spheroid,424.35,,,,,,,,,
Phyto,10/20/2015,10:35,MD10A,64,10,15.63%,0.0697,314.159,0.557971992,8,56.30,1364,Plagioselmis nannoplanctica,Soft Body,Plagioselmis,nannoplanctica,,10,10,7.4,i,BSA.10-09,JW,Moderate sediment and detritus. Many broken diatoms.,cone + half sphere,172.03,,,,,,,,,
Phyto,10/20/2015,10:35,MD10A,64,10,15.63%,0.0697,314.159,0.557971992,8,56.30,1733,Plagioselmis prolonga,Soft Body,Plagioselmis,prolonga,,9,9,5.6,i,BSA.10-09,JW,Moderate sediment and detritus. Many broken diatoms.,cone + half sphere,76.35,,,,,,,,,
Phyto,10/20/2015,10:35,MD10A,64,10,15.63%,0.0697,314.159,0.557971992,8,56.30,1419,Chroococcus microscopicus,Soft Body,Chroococcus,microscopicus,,360,789,0.65,c,BSA.10-09,JW,Moderate sediment and detritus. Many broken diatoms.,sphere,0.27,0.27,0.27,0.27,0.27,0.07,0.07,0.07,0.07,0.07
Phyto,10/20/2015,10:35,MD10A,64,10,15.63%,0.0697,314.159,0.557971992,8,56.30,1421,Chroococcus minutus,Soft Body,Chroococcus,minutus,,13,16,3.7,c,BSA.10-09,JW,Moderate sediment and detritus. Many broken diatoms.,sphere,26.52,,,,,,,,,
Phyto,10/20/2015,10:35,MD10A,64,10,15.63%,0.0697,314.159,0.557971992,8,56.30,1471,Merismopedia tenuissima,Soft Body,Merismopedia,tenuissima,,1,16,1,c,BSA.10-09,JW,Moderate sediment and detritus. Many broken diatoms.,cube,1.00,,,,,,,,,
Phyto,10/20/2015,10:35,MD10A,64,10,15.63%,0.0697,314.159,0.557971992,8,56.30,1647,Goniochloris mutica,Soft Body,Goniochloris,mutica,,2,2,15,i,BSA.10-09,JW,Moderate sediment and detritus. Many broken diatoms.,prism on triangle,337.50,,,,,,,,,
Phyto,10/19/2015,12:00,D19,61,8,13.11%,0.0697,314.159,0.488225493,7,80.43,95,Aulacoseira sp. ,Diatom,Aulacoseira,sp.,,4,4,7.4,i,BSA.10-10,KS,Fragment. High sediment and moderate detritus. Many broken diatoms.,cylinder,79.57,,,,,,,,,
Phyto,10/19/2015,12:00,D19,61,8,13.11%,0.0697,314.159,0.488225493,7,80.43,99,Bacillaria paxillifera,Diatom,Bacillaria,paxillifera,,1,1,9.3,i,BSA.10-10,KS,Fragment. High sediment and moderate detritus. Many broken diatoms.,box,223.67,,,,,,,,,
Phyto,10/19/2015,12:00,D19,61,8,13.11%,0.0697,314.159,0.488225493,7,80.43,145,Cocconeis placentula,Diatom,Cocconeis,placentula,,2,2,11.1,i,BSA.10-10,KS,High sediment and moderate detritus. Many broken diatoms.,elliptic prism,299.98,,,,,,,,,
Phyto,10/19/2015,12:00,D19,61,8,13.11%,0.0697,314.159,0.488225493,7,80.43,190,Cyclotella sp.,Diatom,Cyclotella,sp.,,4,4,7.4,i,BSA.10-10,KS,High sediment and moderate detritus. Many broken diatoms.,cylinder,159.13,,,,,,,,,
Phyto,10/19/2015,12:00,D19,61,8,13.11%,0.0697,314.159,0.488225493,7,80.43,631,Navicula sp.,Diatom,Navicula,sp.,,1,1,20.4,i,BSA.10-10,KS,Fragment. High sediment and moderate detritus. Many broken diatoms.,elliptic prism,331.98,,,,,,,,,
Phyto,10/19/2015,12:00,D19,61,8,13.11%,0.0697,314.159,0.488225493,7,80.43,749,Nitzschia sp.,Diatom,Nitzschia,sp.,,1,1,13,i,BSA.10-10,KS,High sediment and moderate detritus. Many broken diatoms.,prism on parallelogram,45.70,,,,,,,,,
Phyto,10/19/2015,12:00,D19,61,8,13.11%,0.0697,314.159,0.488225493,7,80.43,866,Pseudostaurosira brevistriata,Diatom,Pseudostaurosira,brevistriata,,12,12,16.7,c,BSA.10-10,KS,Girdle view. High sediment and moderate detritus. Many broken diatoms.,box,271.77,,,,,,,,,
Phyto,10/19/2015,12:00,D19,61,8,13.11%,0.0697,314.159,0.488225493,7,80.43,976,Synedra cf. ulna,Diatom,Synedra,ulna,,1,1,7.4,i,BSA.10-10,KS,Fragment. High sediment and moderate detritus. Many broken diatoms.,box,40.86,,,,,,,,,
Phyto,10/19/2015,12:00,D19,61,8,13.11%,0.0697,314.159,0.488225493,7,80.43,1037,Chlorella sp.,Soft Body,Chlorella,sp.,,7,7,3.7,i,BSA.10-10,KS,High sediment and moderate detritus. Many broken diatoms.,sphere,26.52,,,,,,,,,
Phyto,10/19/2015,12:00,D19,61,8,13.11%,0.0697,314.159,0.488225493,7,80.43,1357,Hemiselmis sp.,Soft Body,Hemiselmis,sp.,,1,1,5.6,i,BSA.10-10,KS,High sediment and moderate detritus. Many broken diatoms.,prolate spheroid,40.14,,,,,,,,,
Phyto,10/19/2015,12:00,D19,61,8,13.11%,0.0697,314.159,0.488225493,7,80.43,1768,Plagioselmis lacustris,Soft Body,Plagioselmis,lacustris,,3,3,11.1,i,BSA.10-10,KS,High sediment and moderate detritus. Many broken diatoms.,cone + half sphere,535.45,,,,,,,,,
Phyto,10/19/2015,12:00,D19,61,8,13.11%,0.0697,314.159,0.488225493,7,80.43,1733,Plagioselmis prolonga,Soft Body,Plagioselmis,prolonga,,8,8,5.6,i,BSA.10-10,KS,High sediment and moderate detritus. Many broken diatoms.,cone + half sphere,76.35,,,,,,,,,
Phyto,10/19/2015,12:00,D19,61,8,13.11%,0.0697,314.159,0.488225493,7,80.43,1419,Chroococcus microscopicus,Soft Body,Chroococcus,microscopicus,,341,878,0.65,c,BSA.10-10,KS,High sediment and moderate detritus. Many broken diatoms.,sphere,0.27,0.27,0.27,0.27,0.27,0.07,0.07,0.07,0.07,0.07
Phyto,10/19/2015,12:00,D19,61,8,13.11%,0.0697,314.159,0.488225493,7,80.43,1420,Chroococcus minimus,Soft Body,Chroococcus,minimus,,3,12,1.9,c,BSA.10-10,KS,High sediment and moderate detritus. Many broken diatoms.,sphere,3.59,,,,,,,,,
Phyto,10/19/2015,12:00,D19,61,8,13.11%,0.0697,314.159,0.488225493,7,80.43,1421,cf. Chroococcus minutus,Soft Body,Chroococcus,minutus,,3,5,5.6,c,BSA.10-10,KS,High sediment and moderate detritus. Many broken diatoms.,sphere,91.95,,,,,,,,,
Phyto,10/21/2015,11:35,D4,58,2,3.45%,0.0697,314.159,0.767211489,11,204.74,976,Synedra cf. ulna,Diatom,Synedra,ulna,,1,1,5.6,i,BSA.10-11,KS,Fragment. Moderate sediment and detritus.,box,60.21,,,,,,,,,
Phyto,10/21/2015,11:35,D4,58,2,3.45%,0.0697,314.159,0.767211489,11,204.74,987,Thalassiosira sp.,Diatom,Thalassiosira,sp.,,1,1,14.8,i,BSA.10-11,KS,Moderate sediment and detritus.,cylinder,963.39,,,,,,,,,
Phyto,10/21/2015,11:35,D4,58,2,3.45%,0.0697,314.159,0.767211489,11,204.74,1037,Chlorella sp.,Soft Body,Chlorella,sp.,,1,1,3.7,i,BSA.10-11,KS,Moderate sediment and detritus.,sphere,26.52,,,,,,,,,
Phyto,10/21/2015,11:35,D4,58,2,3.45%,0.0697,314.159,0.767211489,11,204.74,1710,Pseudoscourfieldia marina,Soft Body,Pseudoscourfieldia,marina,,1,1,3.7,i,BSA.10-11,KS,Moderate sediment and detritus.,ellipsoid,10.31,,,,,,,,,
Phyto,10/21/2015,11:35,D4,58,2,3.45%,0.0697,314.159,0.767211489,11,204.74,1419,Chroococcus microscopicus,Soft Body,Chroococcus,microscopicus,,375,982,0.65,c,BSA.10-11,KS,Moderate sediment and detritus.,sphere,0.27,0.27,0.27,0.27,0.27,0.07,0.07,0.07,0.07,0.07
Phyto,10/21/2015,11:35,D4,58,2,3.45%,0.0697,314.159,0.767211489,11,204.74,1678,cf. Synechococcus salinarum,Soft Body,Synechococcus,salinarum,,11,11,5.6,i,BSA.10-11,KS,Moderate sediment and detritus.,sphere,91.95,,,,,,,,,
Phyto,10/16/2015,7:45,C3A,62,10,16.13%,0.0697,314.159,0.627718491,9,50.05,46,Achnanthidium sp.,Diatom,Achnanthidium,sp.,,1,1,11.1,i,BSA.10-12,KS,Girdle view. Moderate sediment and detritus. Many broken diatoms.,elliptic prism,31.47,,,,,,,,,
Phyto,10/16/2015,7:45,C3A,62,10,16.13%,0.0697,314.159,0.627718491,9,50.05,145,Cocconeis placentula,Diatom,Cocconeis,placentula,,1,1,13,i,BSA.10-12,KS,Moderate sediment and detritus. Many broken diatoms.,elliptic prism,245.55,,,,,,,,,
Phyto,10/16/2015,7:45,C3A,62,10,16.13%,0.0697,314.159,0.627718491,9,50.05,147,Cocconeis sp.,Diatom,Cocconeis,sp.,,1,1,18.5,i,BSA.10-12,KS,Fragment. Moderate sediment and detritus. Many broken diatoms.,elliptic prism,499.97,,,,,,,,,
Phyto,10/16/2015,7:45,C3A,62,10,16.13%,0.0697,314.159,0.627718491,9,50.05,190,Cyclotella sp.,Diatom,Cyclotella,sp.,,2,2,3.7,i,BSA.10-12,KS,Moderate sediment and detritus. Many broken diatoms.,cylinder,20.43,,,,,,,,,
Phyto,10/16/2015,7:45,C3A,62,10,16.13%,0.0697,314.159,0.627718491,9,50.05,241,Cymbella sp.,Diatom,Cymbella,sp.,,1,1,27.8,i,BSA.10-12,KS,Fragment. Moderate sediment and detritus. Many broken diatoms.,cymbelloid,482.68,,,,,,,,,
Phyto,10/16/2015,7:45,C3A,62,10,16.13%,0.0697,314.159,0.627718491,9,50.05,631,Navicula sp.,Diatom,Navicula,sp.,,1,1,14.8,i,BSA.10-12,KS,Degraded. Moderate sediment and detritus. Many broken diatoms.,elliptic prism,240.85,,,,,,,,,
Phyto,10/16/2015,7:45,C3A,62,10,16.13%,0.0697,314.159,0.627718491,9,50.05,693,Nitzschia cf. dissipata,Diatom,Nitzschia,dissipata,,1,1,33.3,i,BSA.10-12,KS,Fragment. Moderate sediment and detritus. Many broken diatoms.,prism on parallelogram,227.94,,,,,,,,,
Phyto,10/16/2015,7:45,C3A,62,10,16.13%,0.0697,314.159,0.627718491,9,50.05,749,Nitzschia sp.,Diatom,Nitzschia,sp.,,1,1,35.2,i,BSA.10-12,KS,Moderate sediment and detritus. Many broken diatoms.,prism on parallelogram,240.94,,,,,,,,,
Phyto,10/16/2015,7:45,C3A,62,10,16.13%,0.0697,314.159,0.627718491,9,50.05,866,Pseudostaurosira brevistriata,Diatom,Pseudostaurosira,brevistriata,,32,32,13,c,BSA.10-12,KS,Girdle view. Moderate sediment and detritus. Many broken diatoms.,box,211.55,,,,,,,,,
Phyto,10/16/2015,7:45,C3A,62,10,16.13%,0.0697,314.159,0.627718491,9,50.05,976,Synedra cf. ulna,Diatom,Synedra,ulna,,61,61,9.3,i,BSA.10-12,KS,Fragment. Moderate sediment and detritus. Many broken diatoms.,box,151.34,,,,,,,,,
Phyto,10/16/2015,7:45,C3A,62,10,16.13%,0.0697,314.159,0.627718491,9,50.05,976,Synedra ulna,Diatom,Synedra,ulna,,1,1,446,i,BSA.10-12,KS,Moderate sediment and detritus. Many broken diatoms.,box,50546.46,,,,,,,,,
Phyto,10/16/2015,7:45,C3A,62,10,16.13%,0.0697,314.159,0.627718491,9,50.05,1038,Chlorella spp.,Soft Body,Chlorella,spp.,,7,7,3.7,i,BSA.10-12,KS,Moderate sediment and detritus. Many broken diatoms.,sphere,26.52,,,,,,,,,
Phyto,10/16/2015,7:45,C3A,62,10,16.13%,0.0697,314.159,0.627718491,9,50.05,1357,cf. Hemiselmis sp.,Soft Body,Hemiselmis,sp.,,1,1,2.8,i,BSA.10-12,KS,Moderate sediment and detritus. Many broken diatoms.,prolate spheroid,5.29,,,,,,,,,
Phyto,10/16/2015,7:45,C3A,62,10,16.13%,0.0697,314.159,0.627718491,9,50.05,1419,Chroococcus microscopicus,Soft Body,Chroococcus,microscopicus,,286,777,0.65,c,BSA.10-12,KS,Moderate sediment and detritus. Many broken diatoms.,sphere,0.27,0.27,0.27,0.27,0.27,0.07,0.07,0.07,0.07,0.07
Phyto,10/16/2015,7:45,C3A,62,10,16.13%,0.0697,314.159,0.627718491,9,50.05,1678,cf. Synechococcus salinarum,Soft Body,Synechococcus,salinarum,,6,6,5.6,i,BSA.10-12,KS,Moderate sediment and detritus. Many broken diatoms.,sphere,91.95,,,,,,,,,
Phyto,10/21/2015,10:00,D8,57,2,3.51%,0.0697,314.159,1.673915976,24,93.84,241,Cymbella sp.,Diatom,Cymbella,sp.,,1,1,28,i,BSA.10-13,JW,Fragment. Low sediment and moderate detritus.,cymbelloid,434.08,,,,,,,,,
Phyto,10/21/2015,10:00,D8,57,2,3.51%,0.0697,314.159,1.673915976,24,93.84,987,cf. Thalassiosira sp.,Diatom,Thalassiosira,sp.,,2,2,7.4,i,BSA.10-13,JW,Low sediment and moderate detritus.,cylinder,240.85,,,,,,,,,
Phyto,10/21/2015,10:00,D8,57,2,3.51%,0.0697,314.159,1.673915976,24,93.84,1037,Chlorella sp.,Soft Body,Chlorella,sp.,,1,1,3.7,i,BSA.10-13,JW,Low sediment and moderate detritus.,sphere,26.52,,,,,,,,,
Phyto,10/21/2015,10:00,D8,57,2,3.51%,0.0697,314.159,1.673915976,24,93.84,1364,Plagioselmis nannoplanctica,Soft Body,Plagioselmis,nannoplanctica,,1,1,7.4,i,BSA.10-13,JW,Low sediment and moderate detritus.,cone + half sphere,186.37,,,,,,,,,
Phyto,10/21/2015,10:00,D8,57,2,3.51%,0.0697,314.159,1.673915976,24,93.84,1733,Plagioselmis prolonga,Soft Body,Plagioselmis,prolonga,,1,1,5.6,i,BSA.10-13,JW,Low sediment and moderate detritus.,cone + half sphere,76.35,,,,,,,,,
Phyto,10/21/2015,10:00,D8,57,2,3.51%,0.0697,314.159,1.673915976,24,93.84,1419,Chroococcus microscopicus,Soft Body,Chroococcus,microscopicus,,432,1026,0.65,c,BSA.10-13,JW,Low sediment and moderate detritus.,sphere,0.27,0.27,0.27,0.27,0.27,0.07,0.07,0.07,0.07,0.07
Phyto,10/22/2015,9:40,D7,58,2,3.45%,0.0697,314.159,1.813408974,26,86.62,664,Nitzschia acicularis,Diatom,Nitzschia,acicularis,,1,1,87,i,BSA.10-14,JW,Moderate sediment and detritus.,prism on parallelogram,121.80,,,,,,,,,
Phyto,10/22/2015,9:40,D7,58,2,3.45%,0.0697,314.159,1.813408974,26,86.62,987,cf. Thalassiosira sp.,Diatom,Thalassiosira,sp.,,1,1,5.6,i,BSA.10-14,JW,Moderate sediment and detritus.,cylinder,91.13,,,,,,,,,
Phyto,10/22/2015,9:40,D7,58,2,3.45%,0.0697,314.159,1.813408974,26,86.62,1037,Chlorella sp.,Soft Body,Chlorella,sp.,,1,1,3.7,i,BSA.10-14,JW,Moderate sediment and detritus.,sphere,26.52,,,,,,,,,
Phyto,10/22/2015,9:40,D7,58,2,3.45%,0.0697,314.159,1.813408974,26,86.62,1364,Plagioselmis nannoplanctica,Soft Body,Plagioselmis,nannoplanctica,,4,4,7.4,i,BSA.10-14,JW,Moderate sediment and detritus.,cone + half sphere,172.03,,,,,,,,,
Phyto,10/22/2015,9:40,D7,58,2,3.45%,0.0697,314.159,1.813408974,26,86.62,1733,Plagioselmis prolonga,Soft Body,Plagioselmis,prolonga,,4,4,5.6,i,BSA.10-14,JW,Moderate sediment and detritus.,cone + half sphere,76.35,,,,,,,,,
Phyto,10/22/2015,9:40,D7,58,2,3.45%,0.0697,314.159,1.813408974,26,86.62,1419,Chroococcus microscopicus,Soft Body,Chroococcus,microscopicus,,412,940,0.65,c,BSA.10-14,JW,Moderate sediment and detritus.,sphere,0.27,0.27,0.27,0.27,0.27,0.07,0.07,0.07,0.07,0.07
Phyto,10/21/2015,14:00,EZ2,59,2,3.39%,0.0697,314.159,1.255436982,18,125.12,145,Cocconeis placentula,Diatom,Cocconeis,placentula,,1,1,18.5,i,BSA.10-15,JW,Moderate sediment and low detritus.,elliptic prism,479.49,,,,,,,,,
Phyto,10/21/2015,14:00,EZ2,59,2,3.39%,0.0697,314.159,1.255436982,18,125.12,749,Nitzschia sp.,Diatom,Nitzschia,sp.,,1,1,33,i,BSA.10-15,JW,Moderate sediment and low detritus.,prism on parallelogram,122.10,,,,,,,,,
Phyto,10/21/2015,14:00,EZ2,59,2,3.39%,0.0697,314.159,1.255436982,18,125.12,987,cf. Thalassiosira sp.,Diatom,Thalassiosira,sp.,,1,1,7.4,i,BSA.10-15,JW,Moderate sediment and low detritus.,cylinder,129.03,,,,,,,,,
Phyto,10/21/2015,14:00,EZ2,59,2,3.39%,0.0697,314.159,1.255436982,18,125.12,1031,Chlamydomonas sp.,Soft Body,Chlamydomonas,sp.,,1,1,9.3,i,BSA.10-15,JW,Moderate sediment and low detritus.,sphere,219.13,,,,,,,,,
Phyto,10/21/2015,14:00,EZ2,59,2,3.39%,0.0697,314.159,1.255436982,18,125.12,1038,Chlorella spp.,Soft Body,Chlorella,spp.,,6,6,3.7,i,BSA.10-15,JW,Moderate sediment and low detritus.,sphere,26.52,,,,,,,,,
Phyto,10/21/2015,14:00,EZ2,59,2,3.39%,0.0697,314.159,1.255436982,18,125.12,1138,Monoraphidium sp.,Soft Body,Monoraphidium,sp.,,1,1,9.3,i,BSA.10-15,JW,Moderate sediment and low detritus.,2 cones,19.48,,,,,,,,,
Phyto,10/21/2015,14:00,EZ2,59,2,3.39%,0.0697,314.159,1.255436982,18,125.12,1346,Cryptomonas erosa,Soft Body,Cryptomonas,erosa,,9,9,11,i,BSA.10-15,JW,Moderate sediment and low detritus.,prolate spheroid,315.39,,,,,,,,,
Phyto,10/21/2015,14:00,EZ2,59,2,3.39%,0.0697,314.159,1.255436982,18,125.12,1364,Plagioselmis nannoplanctica,Soft Body,Plagioselmis,nannoplanctica,,12,12,7.4,i,BSA.10-15,JW,Moderate sediment and low detritus.,cone + half sphere,186.37,,,,,,,,,
Phyto,10/21/2015,14:00,EZ2,59,2,3.39%,0.0697,314.159,1.255436982,18,125.12,1731,Aphanizomenon cf. klebahnii ,Soft Body,Aphanizomenon,klebahnii,,2,45,5.6,f,BSA.10-15,JW,Moderate sediment and low detritus.,cylinder,60.21,,,,,,,,,
Phyto,10/21/2015,14:00,EZ2,59,2,3.39%,0.0697,314.159,1.255436982,18,125.12,1419,Chroococcus microscopicus,Soft Body,Chroococcus,microscopicus,,396,894,0.65,c,BSA.10-15,JW,Moderate sediment and low detritus.,sphere,0.27,0.27,0.27,0.27,0.27,0.07,0.07,0.07,0.07,0.07
Phyto,10/21/2015,14:00,EZ2,59,2,3.39%,0.0697,314.159,1.255436982,18,125.12,1421,Chroococcus minutus,Soft Body,Chroococcus,minutus,,9,11,4.6,c,BSA.10-15,JW,Moderate sediment and low detritus.,sphere,50.96,,,,,,,,,
Phyto,10/23/2015,8:20,D41A,63,3,4.76%,0.0697,314.159,1.39492998,20,75.07,987,cf. Thalassiosira sp.,Diatom,Thalassiosira,sp.,,1,1,5.6,i,BSA.10-16,JW,Low sediment and moderate detritus.,cylinder,98.52,,,,,,,,,
Phyto,10/23/2015,8:20,D41A,63,3,4.76%,0.0697,314.159,1.39492998,20,75.07,1795,Tryblionella cf. hungarica,Diatom,Tryblionella,hungarica,,1,1,26,i,BSA.10-16,JW,Low sediment and moderate detritus.,elliptic prism,324.68,,,,,,,,,
Phyto,10/23/2015,8:20,D41A,63,3,4.76%,0.0697,314.159,1.39492998,20,75.07,1733,Plagioselmis prolonga,Soft Body,Plagioselmis,prolonga,,5,5,5.6,i,BSA.10-16,JW,Low sediment and moderate detritus.,cone + half sphere,76.35,,,,,,,,,
Phyto,10/23/2015,8:20,D41A,63,3,4.76%,0.0697,314.159,1.39492998,20,75.07,1419,Chroococcus microscopicus,Soft Body,Chroococcus,microscopicus,,438,1007,0.65,c,BSA.10-16,JW,Low sediment and moderate detritus.,sphere,0.27,0.27,0.27,0.27,0.27,0.07,0.07,0.07,0.07,0.07
Phyto,10/23/2015,8:20,D41A,63,3,4.76%,0.0697,314.159,1.39492998,20,75.07,1423,Chroococcus sp.,Soft Body,Chroococcus,sp.,,4,6,3.7,i,BSA.10-16,JW,Low sediment and moderate detritus.,sphere,26.52,,,,,,,,,
Phyto,10/20/2015,9:30,D26,63,3,4.76%,0.0697,314.159,0.767211489,11,136.49,95,Aulacoseira sp. ,Diatom,Aulacoseira,sp.,,3,3,16.7,i,BSA.10-17,KS,Fragment. Moderate sediment and detritus.,cylinder,718.24,,,,,,,,,
Phyto,10/20/2015,9:30,D26,63,3,4.76%,0.0697,314.159,0.767211489,11,136.49,145,Cocconeis placentula,Diatom,Cocconeis,placentula,,1,1,20.4,i,BSA.10-17,KS,Moderate sediment and detritus.,elliptic prism,551.32,,,,,,,,,
Phyto,10/20/2015,9:30,D26,63,3,4.76%,0.0697,314.159,0.767211489,11,136.49,749,Nitzschia sp.,Diatom,Nitzschia,sp.,,1,1,20.4,i,BSA.10-17,KS,Moderate sediment and detritus.,prism on parallelogram,54.26,,,,,,,,,
Phyto,10/20/2015,9:30,D26,63,3,4.76%,0.0697,314.159,0.767211489,11,136.49,1235,Scenedesmus sp.,Soft Body,Scenedesmus,sp.,,1,2,5.6,c,BSA.10-17,KS,Moderate sediment and detritus.,prolate spheroid,10.59,,,,,,,,,
Phyto,10/20/2015,9:30,D26,63,3,4.76%,0.0697,314.159,0.767211489,11,136.49,1364,Plagioselmis nannoplanctica,Soft Body,Plagioselmis,nannoplanctica,,2,2,9.3,i,BSA.10-17,KS,Moderate sediment and detritus.,cone + half sphere,337.38,,,,,,,,,
Phyto,10/20/2015,9:30,D26,63,3,4.76%,0.0697,314.159,0.767211489,11,136.49,1733,Plagioselmis prolonga,Soft Body,Plagioselmis,prolonga,,3,3,5.6,i,BSA.10-17,KS,Moderate sediment and detritus.,cone + half sphere,68.96,,,,,,,,,
Phyto,10/20/2015,9:30,D26,63,3,4.76%,0.0697,314.159,0.767211489,11,136.49,1419,Chroococcus microscopicus,Soft Body,Chroococcus,microscopicus,,386,958,0.65,c,BSA.10-17,KS,Moderate sediment and detritus.,sphere,0.27,0.27,0.27,0.27,0.27,0.07,0.07,0.07,0.07,0.07
Phyto,10/20/2015,9:30,D26,63,3,4.76%,0.0697,314.159,0.767211489,11,136.49,1423,cf. Chroococcus sp.,Soft Body,Chroococcus,sp.,,2,2,3.7,c,BSA.10-17,KS,Moderate sediment and detritus.,sphere,26.52,,,,,,,,,
Phyto,10/20/2015,9:30,D26,63,3,4.76%,0.0697,314.159,0.767211489,11,136.49,1678,cf. Synechococcus salinarum,Soft Body,Synechococcus,salinarum,,11,11,5.6,i,BSA.10-17,KS,Moderate sediment and detritus.,sphere,91.95,,,,,,,,,
,,,,,,,,,,,,,,,,,,,,,,,,,,,,,,,,,,,
