"Analyte","Year","Station","FlowActionPeriod","n"
"Chla",2011,"STTD","After",3
"Chla",2011,"STTD","Before",3
"Chla",2011,"STTD","During",5
"Chla",2012,"STTD","After",3
"Chla",2012,"STTD","Before",3
"Chla",2012,"STTD","During",9
"Chla",2013,"RCS","After",4
"Chla",2013,"RCS","During",5
"Chla",2013,"RD22","After",4
"Chla",2013,"RD22","Before",3
"Chla",2013,"RD22","During",7
"Chla",2013,"I80","After",4
"Chla",2013,"I80","Before",3
"Chla",2013,"I80","During",7
"Chla",2013,"LIS","After",9
"Chla",2013,"LIS","Before",5
"Chla",2013,"LIS","During",8
"Chla",2013,"STTD","After",6
"Chla",2013,"STTD","Before",5
"Chla",2013,"STTD","During",8
"Chla",2013,"BL5","After",3
"Chla",2013,"BL5","Before",3
"Chla",2013,"BL5","During",7
"Chla",2013,"LIB","After",3
"Chla",2013,"LIB","Before",3
"Chla",2013,"LIB","During",7
"Chla",2013,"RYI","After",3
"Chla",2013,"RYI","Before",3
"Chla",2013,"RYI","During",7
"Chla",2013,"RVB","After",3
"Chla",2013,"RVB","Before",3
"Chla",2013,"RVB","During",7
"Chla",2014,"RCS","After",6
"Chla",2014,"RCS","Before",5
"Chla",2014,"RCS","During",2
"Chla",2014,"RD22","After",6
"Chla",2014,"RD22","Before",5
"Chla",2014,"RD22","During",2
"Chla",2014,"I80","After",6
"Chla",2014,"I80","Before",5
"Chla",2014,"I80","During",2
"Chla",2014,"LIS","After",7
"Chla",2014,"LIS","Before",5
"Chla",2014,"LIS","During",2
"Chla",2014,"STTD","After",7
"Chla",2014,"STTD","Before",5
"Chla",2014,"STTD","During",2
"Chla",2014,"BL5","After",6
"Chla",2014,"BL5","Before",5
"Chla",2014,"BL5","During",2
"Chla",2014,"LIB","After",8
"Chla",2014,"LIB","Before",5
"Chla",2014,"LIB","During",2
"Chla",2014,"RYI","After",6
"Chla",2014,"RYI","Before",5
"Chla",2014,"RYI","During",2
"Chla",2014,"RVB","After",6
"Chla",2014,"RVB","Before",5
"Chla",2014,"RVB","During",2
"Chla",2015,"RCS","After",4
"Chla",2015,"RCS","Before",2
"Chla",2015,"RCS","During",6
"Chla",2015,"RD22","After",4
"Chla",2015,"RD22","Before",3
"Chla",2015,"RD22","During",6
"Chla",2015,"I80","After",4
"Chla",2015,"I80","Before",3
"Chla",2015,"I80","During",6
"Chla",2015,"LIS","After",4
"Chla",2015,"LIS","Before",6
"Chla",2015,"LIS","During",6
"Chla",2015,"STTD","After",5
"Chla",2015,"STTD","Before",5
"Chla",2015,"STTD","During",6
"Chla",2015,"BL5","After",4
"Chla",2015,"BL5","Before",3
"Chla",2015,"BL5","During",6
"Chla",2015,"LIB","After",4
"Chla",2015,"LIB","Before",3
"Chla",2015,"LIB","During",6
"Chla",2015,"RYI","After",4
"Chla",2015,"RYI","Before",3
"Chla",2015,"RYI","During",6
"Chla",2015,"RVB","After",4
"Chla",2015,"RVB","Before",3
"Chla",2015,"RVB","During",6
"Chla",2016,"RCS","Before",3
"Chla",2016,"RCS","During",3
"Chla",2016,"RD22","After",7
"Chla",2016,"RD22","Before",3
"Chla",2016,"RD22","During",3
"Chla",2016,"I80","After",7
"Chla",2016,"I80","Before",3
"Chla",2016,"I80","During",3
"Chla",2016,"LIS","After",7
"Chla",2016,"LIS","Before",5
"Chla",2016,"LIS","During",3
"Chla",2016,"STTD","After",7
"Chla",2016,"STTD","Before",5
"Chla",2016,"STTD","During",3
"Chla",2016,"BL5","After",7
"Chla",2016,"BL5","Before",2
"Chla",2016,"BL5","During",3
"Chla",2016,"LIB","After",7
"Chla",2016,"LIB","Before",2
"Chla",2016,"LIB","During",3
"Chla",2016,"RYI","After",7
"Chla",2016,"RYI","Before",2
"Chla",2016,"RYI","During",3
"Chla",2016,"RVB","After",8
"Chla",2016,"RVB","Before",2
"Chla",2016,"RVB","During",3
"Chla",2017,"RCS","Before",6
"Chla",2017,"RCS","During",3
"Chla",2017,"RD22","Before",6
"Chla",2017,"RD22","During",3
"Chla",2017,"I80","Before",6
"Chla",2017,"I80","During",3
"Chla",2017,"LIS","After",4
"Chla",2017,"LIS","Before",6
"Chla",2017,"LIS","During",3
"Chla",2017,"STTD","After",4
"Chla",2017,"STTD","Before",6
"Chla",2017,"STTD","During",3
"Chla",2017,"BL5","After",1
"Chla",2017,"BL5","Before",6
"Chla",2017,"BL5","During",3
"Chla",2017,"LIB","After",1
"Chla",2017,"LIB","Before",6
"Chla",2017,"LIB","During",3
"Chla",2017,"RYI","After",1
"Chla",2017,"RYI","Before",6
"Chla",2017,"RYI","During",3
"Chla",2017,"RVB","After",1
"Chla",2017,"RVB","Before",6
"Chla",2017,"RVB","During",3
"Chla",2018,"RCS","After",6
"Chla",2018,"RCS","Before",5
"Chla",2018,"RCS","During",4
"Chla",2018,"RD22","After",6
"Chla",2018,"RD22","Before",5
"Chla",2018,"RD22","During",4
"Chla",2018,"I80","After",6
"Chla",2018,"I80","Before",5
"Chla",2018,"I80","During",4
"Chla",2018,"LIS","After",6
"Chla",2018,"LIS","Before",5
"Chla",2018,"LIS","During",4
"Chla",2018,"STTD","After",7
"Chla",2018,"STTD","Before",5
"Chla",2018,"STTD","During",4
"Chla",2018,"BL5","After",6
"Chla",2018,"BL5","Before",5
"Chla",2018,"BL5","During",4
"Chla",2018,"LIB","After",6
"Chla",2018,"LIB","Before",5
"Chla",2018,"LIB","During",4
"Chla",2018,"RYI","After",6
"Chla",2018,"RYI","Before",5
"Chla",2018,"RYI","During",3
"Chla",2018,"RVB","After",6
"Chla",2018,"RVB","Before",5
"Chla",2018,"RVB","During",4
"Chla",2019,"RMB","After",2
"Chla",2019,"RMB","Before",2
"Chla",2019,"RMB","During",2
"Chla",2019,"RCS","After",2
"Chla",2019,"RCS","Before",2
"Chla",2019,"RCS","During",2
"Chla",2019,"RD22","After",2
"Chla",2019,"RD22","Before",2
"Chla",2019,"RD22","During",2
"Chla",2019,"I80","After",2
"Chla",2019,"I80","Before",2
"Chla",2019,"I80","During",2
"Chla",2019,"LIS","After",3
"Chla",2019,"LIS","Before",3
"Chla",2019,"LIS","During",2
"Chla",2019,"STTD","After",3
"Chla",2019,"STTD","Before",3
"Chla",2019,"STTD","During",2
"Chla",2019,"BL5","After",2
"Chla",2019,"BL5","Before",2
"Chla",2019,"BL5","During",2
"Chla",2019,"LIB","After",2
"Chla",2019,"LIB","Before",2
"Chla",2019,"LIB","During",2
"Chla",2019,"RYI","After",2
"Chla",2019,"RYI","Before",2
"Chla",2019,"RYI","During",2
"Chla",2019,"RVB","After",2
"Chla",2019,"RVB","Before",2
"Chla",2019,"RVB","During",2
"DisAmmonia",2013,"RCS","After",4
"DisAmmonia",2013,"RCS","During",5
"DisAmmonia",2013,"I80","After",4
"DisAmmonia",2013,"I80","Before",3
"DisAmmonia",2013,"I80","During",7
"DisAmmonia",2013,"LIS","After",4
"DisAmmonia",2013,"LIS","Before",3
"DisAmmonia",2013,"LIS","During",7
"DisAmmonia",2013,"STTD","After",3
"DisAmmonia",2013,"STTD","Before",3
"DisAmmonia",2013,"STTD","During",7
"DisAmmonia",2013,"BL5","After",3
"DisAmmonia",2013,"BL5","Before",3
"DisAmmonia",2013,"BL5","During",7
"DisAmmonia",2013,"RYI","After",3
"DisAmmonia",2013,"RYI","Before",3
"DisAmmonia",2013,"RYI","During",7
"DisAmmonia",2013,"RVB","After",3
"DisAmmonia",2013,"RVB","Before",3
"DisAmmonia",2013,"RVB","During",7
"DisAmmonia",2014,"RCS","After",6
"DisAmmonia",2014,"RCS","Before",5
"DisAmmonia",2014,"RCS","During",2
"DisAmmonia",2014,"RD22","After",6
"DisAmmonia",2014,"RD22","Before",5
"DisAmmonia",2014,"RD22","During",2
"DisAmmonia",2014,"I80","After",6
"DisAmmonia",2014,"I80","Before",5
"DisAmmonia",2014,"I80","During",2
"DisAmmonia",2014,"LIS","After",7
"DisAmmonia",2014,"LIS","Before",5
"DisAmmonia",2014,"LIS","During",2
"DisAmmonia",2014,"STTD","After",6
"DisAmmonia",2014,"STTD","Before",5
"DisAmmonia",2014,"STTD","During",2
"DisAmmonia",2014,"BL5","After",6
"DisAmmonia",2014,"BL5","Before",5
"DisAmmonia",2014,"BL5","During",2
"DisAmmonia",2014,"LIB","After",8
"DisAmmonia",2014,"LIB","Before",5
"DisAmmonia",2014,"LIB","During",2
"DisAmmonia",2014,"RYI","After",6
"DisAmmonia",2014,"RYI","Before",5
"DisAmmonia",2014,"RYI","During",2
"DisAmmonia",2014,"RVB","After",6
"DisAmmonia",2014,"RVB","Before",5
"DisAmmonia",2014,"RVB","During",2
"DisAmmonia",2015,"RCS","After",4
"DisAmmonia",2015,"RCS","Before",2
"DisAmmonia",2015,"RCS","During",6
"DisAmmonia",2015,"RD22","After",4
"DisAmmonia",2015,"RD22","Before",3
"DisAmmonia",2015,"RD22","During",6
"DisAmmonia",2015,"I80","After",4
"DisAmmonia",2015,"I80","Before",3
"DisAmmonia",2015,"I80","During",6
"DisAmmonia",2015,"LIS","After",4
"DisAmmonia",2015,"LIS","Before",5
"DisAmmonia",2015,"LIS","During",6
"DisAmmonia",2015,"STTD","After",4
"DisAmmonia",2015,"STTD","Before",3
"DisAmmonia",2015,"STTD","During",6
"DisAmmonia",2015,"BL5","After",4
"DisAmmonia",2015,"BL5","Before",3
"DisAmmonia",2015,"BL5","During",6
"DisAmmonia",2015,"LIB","After",4
"DisAmmonia",2015,"LIB","Before",3
"DisAmmonia",2015,"LIB","During",6
"DisAmmonia",2015,"RYI","After",4
"DisAmmonia",2015,"RYI","Before",3
"DisAmmonia",2015,"RYI","During",6
"DisAmmonia",2015,"RVB","After",4
"DisAmmonia",2015,"RVB","Before",3
"DisAmmonia",2015,"RVB","During",6
"DisAmmonia",2016,"RCS","Before",2
"DisAmmonia",2016,"RCS","During",3
"DisAmmonia",2016,"RD22","After",7
"DisAmmonia",2016,"RD22","Before",2
"DisAmmonia",2016,"RD22","During",3
"DisAmmonia",2016,"I80","After",7
"DisAmmonia",2016,"I80","Before",2
"DisAmmonia",2016,"I80","During",3
"DisAmmonia",2016,"LIS","After",7
"DisAmmonia",2016,"LIS","Before",4
"DisAmmonia",2016,"LIS","During",3
"DisAmmonia",2016,"STTD","After",7
"DisAmmonia",2016,"STTD","Before",2
"DisAmmonia",2016,"STTD","During",3
"DisAmmonia",2016,"BL5","After",7
"DisAmmonia",2016,"BL5","Before",2
"DisAmmonia",2016,"BL5","During",3
"DisAmmonia",2016,"LIB","After",7
"DisAmmonia",2016,"LIB","Before",2
"DisAmmonia",2016,"LIB","During",3
"DisAmmonia",2016,"RYI","After",7
"DisAmmonia",2016,"RYI","Before",2
"DisAmmonia",2016,"RYI","During",3
"DisAmmonia",2016,"RVB","After",7
"DisAmmonia",2016,"RVB","Before",2
"DisAmmonia",2016,"RVB","During",3
"DisAmmonia",2017,"RCS","Before",6
"DisAmmonia",2017,"RCS","During",3
"DisAmmonia",2017,"RD22","Before",6
"DisAmmonia",2017,"RD22","During",3
"DisAmmonia",2017,"I80","Before",6
"DisAmmonia",2017,"I80","During",3
"DisAmmonia",2017,"LIS","After",4
"DisAmmonia",2017,"LIS","Before",6
"DisAmmonia",2017,"LIS","During",3
"DisAmmonia",2017,"STTD","After",4
"DisAmmonia",2017,"STTD","Before",6
"DisAmmonia",2017,"STTD","During",3
"DisAmmonia",2017,"BL5","After",1
"DisAmmonia",2017,"BL5","Before",6
"DisAmmonia",2017,"BL5","During",3
"DisAmmonia",2017,"LIB","After",1
"DisAmmonia",2017,"LIB","Before",6
"DisAmmonia",2017,"LIB","During",3
"DisAmmonia",2017,"RYI","After",1
"DisAmmonia",2017,"RYI","Before",6
"DisAmmonia",2017,"RYI","During",3
"DisAmmonia",2017,"RVB","After",1
"DisAmmonia",2017,"RVB","Before",6
"DisAmmonia",2017,"RVB","During",3
"DisAmmonia",2018,"RCS","After",6
"DisAmmonia",2018,"RCS","Before",5
"DisAmmonia",2018,"RCS","During",4
"DisAmmonia",2018,"RD22","After",6
"DisAmmonia",2018,"RD22","Before",5
"DisAmmonia",2018,"RD22","During",4
"DisAmmonia",2018,"I80","After",6
"DisAmmonia",2018,"I80","Before",5
"DisAmmonia",2018,"I80","During",4
"DisAmmonia",2018,"LIS","After",7
"DisAmmonia",2018,"LIS","Before",5
"DisAmmonia",2018,"LIS","During",4
"DisAmmonia",2018,"STTD","After",7
"DisAmmonia",2018,"STTD","Before",5
"DisAmmonia",2018,"STTD","During",4
"DisAmmonia",2018,"BL5","After",6
"DisAmmonia",2018,"BL5","Before",5
"DisAmmonia",2018,"BL5","During",4
"DisAmmonia",2018,"LIB","After",6
"DisAmmonia",2018,"LIB","Before",5
"DisAmmonia",2018,"LIB","During",4
"DisAmmonia",2018,"RYI","After",6
"DisAmmonia",2018,"RYI","Before",5
"DisAmmonia",2018,"RYI","During",4
"DisAmmonia",2018,"RVB","After",6
"DisAmmonia",2018,"RVB","Before",5
"DisAmmonia",2018,"RVB","During",4
"DisAmmonia",2019,"RMB","After",2
"DisAmmonia",2019,"RMB","Before",2
"DisAmmonia",2019,"RMB","During",2
"DisAmmonia",2019,"RCS","After",2
"DisAmmonia",2019,"RCS","Before",2
"DisAmmonia",2019,"RCS","During",2
"DisAmmonia",2019,"RD22","After",2
"DisAmmonia",2019,"RD22","Before",2
"DisAmmonia",2019,"RD22","During",2
"DisAmmonia",2019,"I80","After",2
"DisAmmonia",2019,"I80","Before",2
"DisAmmonia",2019,"I80","During",2
"DisAmmonia",2019,"LIS","After",3
"DisAmmonia",2019,"LIS","Before",3
"DisAmmonia",2019,"LIS","During",2
"DisAmmonia",2019,"STTD","After",3
"DisAmmonia",2019,"STTD","Before",3
"DisAmmonia",2019,"STTD","During",2
"DisAmmonia",2019,"BL5","After",2
"DisAmmonia",2019,"BL5","Before",2
"DisAmmonia",2019,"BL5","During",2
"DisAmmonia",2019,"LIB","After",2
"DisAmmonia",2019,"LIB","Before",2
"DisAmmonia",2019,"LIB","During",2
"DisAmmonia",2019,"RYI","After",2
"DisAmmonia",2019,"RYI","Before",2
"DisAmmonia",2019,"RYI","During",2
"DisAmmonia",2019,"RVB","After",2
"DisAmmonia",2019,"RVB","Before",2
"DisAmmonia",2019,"RVB","During",2
"DisCalcium",2013,"RCS","After",4
"DisCalcium",2013,"RCS","During",5
"DisCalcium",2013,"I80","After",4
"DisCalcium",2013,"I80","Before",3
"DisCalcium",2013,"I80","During",7
"DisCalcium",2013,"LIS","After",4
"DisCalcium",2013,"LIS","Before",3
"DisCalcium",2013,"LIS","During",7
"DisCalcium",2013,"STTD","After",3
"DisCalcium",2013,"STTD","Before",3
"DisCalcium",2013,"STTD","During",7
"DisCalcium",2013,"BL5","After",3
"DisCalcium",2013,"BL5","Before",3
"DisCalcium",2013,"BL5","During",7
"DisCalcium",2013,"RYI","After",3
"DisCalcium",2013,"RYI","Before",3
"DisCalcium",2013,"RYI","During",7
"DisCalcium",2013,"RVB","After",3
"DisCalcium",2013,"RVB","Before",3
"DisCalcium",2013,"RVB","During",7
"DisCalcium",2014,"RCS","After",6
"DisCalcium",2014,"RCS","Before",5
"DisCalcium",2014,"RCS","During",2
"DisCalcium",2014,"RD22","After",6
"DisCalcium",2014,"RD22","Before",5
"DisCalcium",2014,"RD22","During",2
"DisCalcium",2014,"I80","After",6
"DisCalcium",2014,"I80","Before",5
"DisCalcium",2014,"I80","During",2
"DisCalcium",2014,"LIS","After",7
"DisCalcium",2014,"LIS","Before",5
"DisCalcium",2014,"LIS","During",2
"DisCalcium",2014,"STTD","After",6
"DisCalcium",2014,"STTD","Before",5
"DisCalcium",2014,"STTD","During",2
"DisCalcium",2014,"BL5","After",6
"DisCalcium",2014,"BL5","Before",5
"DisCalcium",2014,"BL5","During",2
"DisCalcium",2014,"LIB","After",6
"DisCalcium",2014,"LIB","Before",5
"DisCalcium",2014,"LIB","During",2
"DisCalcium",2014,"RYI","After",6
"DisCalcium",2014,"RYI","Before",5
"DisCalcium",2014,"RYI","During",2
"DisCalcium",2014,"RVB","After",6
"DisCalcium",2014,"RVB","Before",5
"DisCalcium",2014,"RVB","During",2
"DisCalcium",2015,"RCS","After",4
"DisCalcium",2015,"RCS","Before",2
"DisCalcium",2015,"RCS","During",6
"DisCalcium",2015,"RD22","After",4
"DisCalcium",2015,"RD22","Before",3
"DisCalcium",2015,"RD22","During",6
"DisCalcium",2015,"I80","After",4
"DisCalcium",2015,"I80","Before",3
"DisCalcium",2015,"I80","During",6
"DisCalcium",2015,"LIS","After",4
"DisCalcium",2015,"LIS","Before",5
"DisCalcium",2015,"LIS","During",6
"DisCalcium",2015,"STTD","After",4
"DisCalcium",2015,"STTD","Before",3
"DisCalcium",2015,"STTD","During",6
"DisCalcium",2015,"BL5","After",4
"DisCalcium",2015,"BL5","Before",3
"DisCalcium",2015,"BL5","During",6
"DisCalcium",2015,"LIB","After",4
"DisCalcium",2015,"LIB","Before",3
"DisCalcium",2015,"LIB","During",6
"DisCalcium",2015,"RYI","After",4
"DisCalcium",2015,"RYI","Before",3
"DisCalcium",2015,"RYI","During",6
"DisCalcium",2015,"RVB","After",4
"DisCalcium",2015,"RVB","Before",3
"DisCalcium",2015,"RVB","During",6
"DisCalcium",2016,"RCS","Before",2
"DisCalcium",2016,"RCS","During",3
"DisCalcium",2016,"RD22","After",7
"DisCalcium",2016,"RD22","Before",2
"DisCalcium",2016,"RD22","During",3
"DisCalcium",2016,"I80","After",7
"DisCalcium",2016,"I80","Before",2
"DisCalcium",2016,"I80","During",3
"DisCalcium",2016,"LIS","After",7
"DisCalcium",2016,"LIS","Before",4
"DisCalcium",2016,"LIS","During",3
"DisCalcium",2016,"STTD","After",7
"DisCalcium",2016,"STTD","Before",2
"DisCalcium",2016,"STTD","During",3
"DisCalcium",2016,"BL5","After",7
"DisCalcium",2016,"BL5","Before",2
"DisCalcium",2016,"BL5","During",3
"DisCalcium",2016,"LIB","After",7
"DisCalcium",2016,"LIB","Before",2
"DisCalcium",2016,"LIB","During",3
"DisCalcium",2016,"RYI","After",7
"DisCalcium",2016,"RYI","Before",2
"DisCalcium",2016,"RYI","During",3
"DisCalcium",2016,"RVB","After",7
"DisCalcium",2016,"RVB","Before",2
"DisCalcium",2016,"RVB","During",3
"DisCalcium",2017,"RCS","Before",6
"DisCalcium",2017,"RCS","During",3
"DisCalcium",2017,"RD22","Before",6
"DisCalcium",2017,"RD22","During",3
"DisCalcium",2017,"I80","Before",6
"DisCalcium",2017,"I80","During",3
"DisCalcium",2017,"LIS","After",4
"DisCalcium",2017,"LIS","Before",6
"DisCalcium",2017,"LIS","During",3
"DisCalcium",2017,"STTD","After",4
"DisCalcium",2017,"STTD","Before",6
"DisCalcium",2017,"STTD","During",3
"DisCalcium",2017,"BL5","After",1
"DisCalcium",2017,"BL5","Before",6
"DisCalcium",2017,"BL5","During",3
"DisCalcium",2017,"LIB","After",1
"DisCalcium",2017,"LIB","Before",6
"DisCalcium",2017,"LIB","During",3
"DisCalcium",2017,"RYI","After",1
"DisCalcium",2017,"RYI","Before",6
"DisCalcium",2017,"RYI","During",3
"DisCalcium",2017,"RVB","After",1
"DisCalcium",2017,"RVB","Before",6
"DisCalcium",2017,"RVB","During",3
"DisCalcium",2018,"RCS","After",6
"DisCalcium",2018,"RCS","Before",5
"DisCalcium",2018,"RCS","During",4
"DisCalcium",2018,"RD22","After",6
"DisCalcium",2018,"RD22","Before",5
"DisCalcium",2018,"RD22","During",4
"DisCalcium",2018,"I80","After",6
"DisCalcium",2018,"I80","Before",5
"DisCalcium",2018,"I80","During",4
"DisCalcium",2018,"LIS","After",7
"DisCalcium",2018,"LIS","Before",5
"DisCalcium",2018,"LIS","During",4
"DisCalcium",2018,"STTD","After",7
"DisCalcium",2018,"STTD","Before",5
"DisCalcium",2018,"STTD","During",4
"DisCalcium",2018,"BL5","After",6
"DisCalcium",2018,"BL5","Before",5
"DisCalcium",2018,"BL5","During",4
"DisCalcium",2018,"LIB","After",6
"DisCalcium",2018,"LIB","Before",5
"DisCalcium",2018,"LIB","During",4
"DisCalcium",2018,"RYI","After",6
"DisCalcium",2018,"RYI","Before",5
"DisCalcium",2018,"RYI","During",4
"DisCalcium",2018,"RVB","After",6
"DisCalcium",2018,"RVB","Before",5
"DisCalcium",2018,"RVB","During",4
"DisCalcium",2019,"RMB","After",2
"DisCalcium",2019,"RMB","Before",2
"DisCalcium",2019,"RMB","During",2
"DisCalcium",2019,"RCS","After",2
"DisCalcium",2019,"RCS","Before",2
"DisCalcium",2019,"RCS","During",2
"DisCalcium",2019,"RD22","After",2
"DisCalcium",2019,"RD22","Before",2
"DisCalcium",2019,"RD22","During",2
"DisCalcium",2019,"I80","After",2
"DisCalcium",2019,"I80","Before",2
"DisCalcium",2019,"I80","During",2
"DisCalcium",2019,"LIS","After",3
"DisCalcium",2019,"LIS","Before",3
"DisCalcium",2019,"LIS","During",2
"DisCalcium",2019,"STTD","After",3
"DisCalcium",2019,"STTD","Before",3
"DisCalcium",2019,"STTD","During",2
"DisCalcium",2019,"BL5","After",2
"DisCalcium",2019,"BL5","Before",2
"DisCalcium",2019,"BL5","During",2
"DisCalcium",2019,"LIB","After",2
"DisCalcium",2019,"LIB","Before",2
"DisCalcium",2019,"LIB","During",2
"DisCalcium",2019,"RYI","After",2
"DisCalcium",2019,"RYI","Before",2
"DisCalcium",2019,"RYI","During",2
"DisCalcium",2019,"RVB","After",2
"DisCalcium",2019,"RVB","Before",2
"DisCalcium",2019,"RVB","During",2
"DisChloride",2013,"RCS","After",4
"DisChloride",2013,"RCS","During",5
"DisChloride",2013,"I80","After",4
"DisChloride",2013,"I80","Before",3
"DisChloride",2013,"I80","During",7
"DisChloride",2013,"LIS","After",4
"DisChloride",2013,"LIS","Before",3
"DisChloride",2013,"LIS","During",7
"DisChloride",2013,"STTD","After",3
"DisChloride",2013,"STTD","Before",3
"DisChloride",2013,"STTD","During",7
"DisChloride",2013,"BL5","After",3
"DisChloride",2013,"BL5","Before",3
"DisChloride",2013,"BL5","During",7
"DisChloride",2013,"RYI","After",3
"DisChloride",2013,"RYI","Before",3
"DisChloride",2013,"RYI","During",7
"DisChloride",2013,"RVB","After",3
"DisChloride",2013,"RVB","Before",3
"DisChloride",2013,"RVB","During",7
"DisChloride",2014,"RCS","After",6
"DisChloride",2014,"RCS","Before",5
"DisChloride",2014,"RCS","During",2
"DisChloride",2014,"RD22","After",6
"DisChloride",2014,"RD22","Before",5
"DisChloride",2014,"RD22","During",2
"DisChloride",2014,"I80","After",6
"DisChloride",2014,"I80","Before",5
"DisChloride",2014,"I80","During",2
"DisChloride",2014,"LIS","After",7
"DisChloride",2014,"LIS","Before",5
"DisChloride",2014,"LIS","During",2
"DisChloride",2014,"STTD","After",6
"DisChloride",2014,"STTD","Before",5
"DisChloride",2014,"STTD","During",2
"DisChloride",2014,"BL5","After",6
"DisChloride",2014,"BL5","Before",5
"DisChloride",2014,"BL5","During",2
"DisChloride",2014,"LIB","After",8
"DisChloride",2014,"LIB","Before",5
"DisChloride",2014,"LIB","During",2
"DisChloride",2014,"RYI","After",6
"DisChloride",2014,"RYI","Before",5
"DisChloride",2014,"RYI","During",2
"DisChloride",2014,"RVB","After",6
"DisChloride",2014,"RVB","Before",5
"DisChloride",2014,"RVB","During",2
"DisChloride",2015,"RCS","After",4
"DisChloride",2015,"RCS","Before",2
"DisChloride",2015,"RCS","During",6
"DisChloride",2015,"RD22","After",4
"DisChloride",2015,"RD22","Before",3
"DisChloride",2015,"RD22","During",6
"DisChloride",2015,"I80","After",4
"DisChloride",2015,"I80","Before",3
"DisChloride",2015,"I80","During",6
"DisChloride",2015,"LIS","After",4
"DisChloride",2015,"LIS","Before",5
"DisChloride",2015,"LIS","During",6
"DisChloride",2015,"STTD","After",4
"DisChloride",2015,"STTD","Before",3
"DisChloride",2015,"STTD","During",6
"DisChloride",2015,"BL5","After",4
"DisChloride",2015,"BL5","Before",3
"DisChloride",2015,"BL5","During",6
"DisChloride",2015,"LIB","After",4
"DisChloride",2015,"LIB","Before",3
"DisChloride",2015,"LIB","During",6
"DisChloride",2015,"RYI","After",4
"DisChloride",2015,"RYI","Before",3
"DisChloride",2015,"RYI","During",6
"DisChloride",2015,"RVB","After",4
"DisChloride",2015,"RVB","Before",3
"DisChloride",2015,"RVB","During",6
"DisChloride",2016,"RCS","Before",2
"DisChloride",2016,"RCS","During",3
"DisChloride",2016,"RD22","After",7
"DisChloride",2016,"RD22","Before",2
"DisChloride",2016,"RD22","During",3
"DisChloride",2016,"I80","After",7
"DisChloride",2016,"I80","Before",2
"DisChloride",2016,"I80","During",3
"DisChloride",2016,"LIS","After",7
"DisChloride",2016,"LIS","Before",4
"DisChloride",2016,"LIS","During",3
"DisChloride",2016,"STTD","After",7
"DisChloride",2016,"STTD","Before",2
"DisChloride",2016,"STTD","During",3
"DisChloride",2016,"BL5","After",7
"DisChloride",2016,"BL5","Before",2
"DisChloride",2016,"BL5","During",3
"DisChloride",2016,"LIB","After",7
"DisChloride",2016,"LIB","Before",2
"DisChloride",2016,"LIB","During",3
"DisChloride",2016,"RYI","After",7
"DisChloride",2016,"RYI","Before",2
"DisChloride",2016,"RYI","During",3
"DisChloride",2016,"RVB","After",7
"DisChloride",2016,"RVB","Before",2
"DisChloride",2016,"RVB","During",3
"DisChloride",2017,"RCS","Before",6
"DisChloride",2017,"RCS","During",3
"DisChloride",2017,"RD22","Before",6
"DisChloride",2017,"RD22","During",3
"DisChloride",2017,"I80","Before",6
"DisChloride",2017,"I80","During",3
"DisChloride",2017,"LIS","After",4
"DisChloride",2017,"LIS","Before",6
"DisChloride",2017,"LIS","During",3
"DisChloride",2017,"STTD","After",4
"DisChloride",2017,"STTD","Before",6
"DisChloride",2017,"STTD","During",3
"DisChloride",2017,"BL5","After",1
"DisChloride",2017,"BL5","Before",6
"DisChloride",2017,"BL5","During",3
"DisChloride",2017,"LIB","After",1
"DisChloride",2017,"LIB","Before",6
"DisChloride",2017,"LIB","During",3
"DisChloride",2017,"RYI","After",1
"DisChloride",2017,"RYI","Before",6
"DisChloride",2017,"RYI","During",3
"DisChloride",2017,"RVB","After",1
"DisChloride",2017,"RVB","Before",6
"DisChloride",2017,"RVB","During",3
"DisChloride",2018,"RCS","After",6
"DisChloride",2018,"RCS","Before",5
"DisChloride",2018,"RCS","During",4
"DisChloride",2018,"RD22","After",6
"DisChloride",2018,"RD22","Before",5
"DisChloride",2018,"RD22","During",4
"DisChloride",2018,"I80","After",6
"DisChloride",2018,"I80","Before",5
"DisChloride",2018,"I80","During",4
"DisChloride",2018,"LIS","After",7
"DisChloride",2018,"LIS","Before",5
"DisChloride",2018,"LIS","During",4
"DisChloride",2018,"STTD","After",7
"DisChloride",2018,"STTD","Before",5
"DisChloride",2018,"STTD","During",4
"DisChloride",2018,"BL5","After",6
"DisChloride",2018,"BL5","Before",5
"DisChloride",2018,"BL5","During",4
"DisChloride",2018,"LIB","After",6
"DisChloride",2018,"LIB","Before",5
"DisChloride",2018,"LIB","During",4
"DisChloride",2018,"RYI","After",6
"DisChloride",2018,"RYI","Before",5
"DisChloride",2018,"RYI","During",4
"DisChloride",2018,"RVB","After",6
"DisChloride",2018,"RVB","Before",5
"DisChloride",2018,"RVB","During",4
"DisChloride",2019,"RMB","After",2
"DisChloride",2019,"RMB","Before",2
"DisChloride",2019,"RMB","During",2
"DisChloride",2019,"RCS","After",2
"DisChloride",2019,"RCS","Before",2
"DisChloride",2019,"RCS","During",2
"DisChloride",2019,"RD22","After",2
"DisChloride",2019,"RD22","Before",2
"DisChloride",2019,"RD22","During",2
"DisChloride",2019,"I80","After",2
"DisChloride",2019,"I80","Before",2
"DisChloride",2019,"I80","During",2
"DisChloride",2019,"LIS","After",3
"DisChloride",2019,"LIS","Before",3
"DisChloride",2019,"LIS","During",2
"DisChloride",2019,"STTD","After",3
"DisChloride",2019,"STTD","Before",3
"DisChloride",2019,"STTD","During",2
"DisChloride",2019,"BL5","After",2
"DisChloride",2019,"BL5","Before",2
"DisChloride",2019,"BL5","During",2
"DisChloride",2019,"LIB","After",2
"DisChloride",2019,"LIB","Before",2
"DisChloride",2019,"LIB","During",2
"DisChloride",2019,"RYI","After",2
"DisChloride",2019,"RYI","Before",2
"DisChloride",2019,"RYI","During",2
"DisChloride",2019,"RVB","After",2
"DisChloride",2019,"RVB","Before",2
"DisChloride",2019,"RVB","During",2
"DisNitrateNitrite",2013,"RCS","After",4
"DisNitrateNitrite",2013,"RCS","During",5
"DisNitrateNitrite",2013,"I80","After",4
"DisNitrateNitrite",2013,"I80","Before",3
"DisNitrateNitrite",2013,"I80","During",7
"DisNitrateNitrite",2013,"LIS","After",4
"DisNitrateNitrite",2013,"LIS","Before",3
"DisNitrateNitrite",2013,"LIS","During",7
"DisNitrateNitrite",2013,"STTD","After",3
"DisNitrateNitrite",2013,"STTD","Before",3
"DisNitrateNitrite",2013,"STTD","During",7
"DisNitrateNitrite",2013,"BL5","After",3
"DisNitrateNitrite",2013,"BL5","Before",3
"DisNitrateNitrite",2013,"BL5","During",7
"DisNitrateNitrite",2013,"RYI","After",3
"DisNitrateNitrite",2013,"RYI","Before",3
"DisNitrateNitrite",2013,"RYI","During",7
"DisNitrateNitrite",2013,"RVB","After",3
"DisNitrateNitrite",2013,"RVB","Before",3
"DisNitrateNitrite",2013,"RVB","During",7
"DisNitrateNitrite",2014,"RCS","After",6
"DisNitrateNitrite",2014,"RCS","Before",5
"DisNitrateNitrite",2014,"RCS","During",2
"DisNitrateNitrite",2014,"RD22","After",6
"DisNitrateNitrite",2014,"RD22","Before",5
"DisNitrateNitrite",2014,"RD22","During",2
"DisNitrateNitrite",2014,"I80","After",6
"DisNitrateNitrite",2014,"I80","Before",5
"DisNitrateNitrite",2014,"I80","During",2
"DisNitrateNitrite",2014,"LIS","After",7
"DisNitrateNitrite",2014,"LIS","Before",5
"DisNitrateNitrite",2014,"LIS","During",2
"DisNitrateNitrite",2014,"STTD","After",6
"DisNitrateNitrite",2014,"STTD","Before",5
"DisNitrateNitrite",2014,"STTD","During",2
"DisNitrateNitrite",2014,"BL5","After",6
"DisNitrateNitrite",2014,"BL5","Before",5
"DisNitrateNitrite",2014,"BL5","During",2
"DisNitrateNitrite",2014,"LIB","After",8
"DisNitrateNitrite",2014,"LIB","Before",5
"DisNitrateNitrite",2014,"LIB","During",2
"DisNitrateNitrite",2014,"RYI","After",6
"DisNitrateNitrite",2014,"RYI","Before",5
"DisNitrateNitrite",2014,"RYI","During",2
"DisNitrateNitrite",2014,"RVB","After",6
"DisNitrateNitrite",2014,"RVB","Before",5
"DisNitrateNitrite",2014,"RVB","During",2
"DisNitrateNitrite",2015,"RCS","After",4
"DisNitrateNitrite",2015,"RCS","Before",2
"DisNitrateNitrite",2015,"RCS","During",6
"DisNitrateNitrite",2015,"RD22","After",4
"DisNitrateNitrite",2015,"RD22","Before",3
"DisNitrateNitrite",2015,"RD22","During",6
"DisNitrateNitrite",2015,"I80","After",4
"DisNitrateNitrite",2015,"I80","Before",3
"DisNitrateNitrite",2015,"I80","During",6
"DisNitrateNitrite",2015,"LIS","After",4
"DisNitrateNitrite",2015,"LIS","Before",5
"DisNitrateNitrite",2015,"LIS","During",6
"DisNitrateNitrite",2015,"STTD","After",4
"DisNitrateNitrite",2015,"STTD","Before",3
"DisNitrateNitrite",2015,"STTD","During",6
"DisNitrateNitrite",2015,"BL5","After",4
"DisNitrateNitrite",2015,"BL5","Before",3
"DisNitrateNitrite",2015,"BL5","During",6
"DisNitrateNitrite",2015,"LIB","After",4
"DisNitrateNitrite",2015,"LIB","Before",3
"DisNitrateNitrite",2015,"LIB","During",6
"DisNitrateNitrite",2015,"RYI","After",4
"DisNitrateNitrite",2015,"RYI","Before",3
"DisNitrateNitrite",2015,"RYI","During",6
"DisNitrateNitrite",2015,"RVB","After",4
"DisNitrateNitrite",2015,"RVB","Before",3
"DisNitrateNitrite",2015,"RVB","During",6
"DisNitrateNitrite",2016,"RCS","Before",2
"DisNitrateNitrite",2016,"RCS","During",3
"DisNitrateNitrite",2016,"RD22","After",7
"DisNitrateNitrite",2016,"RD22","Before",2
"DisNitrateNitrite",2016,"RD22","During",3
"DisNitrateNitrite",2016,"I80","After",7
"DisNitrateNitrite",2016,"I80","Before",2
"DisNitrateNitrite",2016,"I80","During",3
"DisNitrateNitrite",2016,"LIS","After",7
"DisNitrateNitrite",2016,"LIS","Before",4
"DisNitrateNitrite",2016,"LIS","During",3
"DisNitrateNitrite",2016,"STTD","After",7
"DisNitrateNitrite",2016,"STTD","Before",2
"DisNitrateNitrite",2016,"STTD","During",3
"DisNitrateNitrite",2016,"BL5","After",7
"DisNitrateNitrite",2016,"BL5","Before",2
"DisNitrateNitrite",2016,"BL5","During",3
"DisNitrateNitrite",2016,"LIB","After",7
"DisNitrateNitrite",2016,"LIB","Before",2
"DisNitrateNitrite",2016,"LIB","During",3
"DisNitrateNitrite",2016,"RYI","After",7
"DisNitrateNitrite",2016,"RYI","Before",2
"DisNitrateNitrite",2016,"RYI","During",3
"DisNitrateNitrite",2016,"RVB","After",7
"DisNitrateNitrite",2016,"RVB","Before",2
"DisNitrateNitrite",2016,"RVB","During",3
"DisNitrateNitrite",2017,"RCS","Before",6
"DisNitrateNitrite",2017,"RCS","During",3
"DisNitrateNitrite",2017,"RD22","Before",6
"DisNitrateNitrite",2017,"RD22","During",3
"DisNitrateNitrite",2017,"I80","Before",6
"DisNitrateNitrite",2017,"I80","During",3
"DisNitrateNitrite",2017,"LIS","After",4
"DisNitrateNitrite",2017,"LIS","Before",6
"DisNitrateNitrite",2017,"LIS","During",3
"DisNitrateNitrite",2017,"STTD","After",4
"DisNitrateNitrite",2017,"STTD","Before",6
"DisNitrateNitrite",2017,"STTD","During",3
"DisNitrateNitrite",2017,"BL5","After",1
"DisNitrateNitrite",2017,"BL5","Before",6
"DisNitrateNitrite",2017,"BL5","During",3
"DisNitrateNitrite",2017,"LIB","After",1
"DisNitrateNitrite",2017,"LIB","Before",6
"DisNitrateNitrite",2017,"LIB","During",3
"DisNitrateNitrite",2017,"RYI","After",1
"DisNitrateNitrite",2017,"RYI","Before",6
"DisNitrateNitrite",2017,"RYI","During",3
"DisNitrateNitrite",2017,"RVB","After",1
"DisNitrateNitrite",2017,"RVB","Before",6
"DisNitrateNitrite",2017,"RVB","During",3
"DisNitrateNitrite",2018,"RCS","After",6
"DisNitrateNitrite",2018,"RCS","Before",5
"DisNitrateNitrite",2018,"RCS","During",4
"DisNitrateNitrite",2018,"RD22","After",6
"DisNitrateNitrite",2018,"RD22","Before",5
"DisNitrateNitrite",2018,"RD22","During",4
"DisNitrateNitrite",2018,"I80","After",6
"DisNitrateNitrite",2018,"I80","Before",5
"DisNitrateNitrite",2018,"I80","During",4
"DisNitrateNitrite",2018,"LIS","After",7
"DisNitrateNitrite",2018,"LIS","Before",5
"DisNitrateNitrite",2018,"LIS","During",4
"DisNitrateNitrite",2018,"STTD","After",7
"DisNitrateNitrite",2018,"STTD","Before",5
"DisNitrateNitrite",2018,"STTD","During",4
"DisNitrateNitrite",2018,"BL5","After",6
"DisNitrateNitrite",2018,"BL5","Before",5
"DisNitrateNitrite",2018,"BL5","During",4
"DisNitrateNitrite",2018,"LIB","After",6
"DisNitrateNitrite",2018,"LIB","Before",5
"DisNitrateNitrite",2018,"LIB","During",4
"DisNitrateNitrite",2018,"RYI","After",6
"DisNitrateNitrite",2018,"RYI","Before",5
"DisNitrateNitrite",2018,"RYI","During",4
"DisNitrateNitrite",2018,"RVB","After",6
"DisNitrateNitrite",2018,"RVB","Before",5
"DisNitrateNitrite",2018,"RVB","During",4
"DisNitrateNitrite",2019,"RMB","After",2
"DisNitrateNitrite",2019,"RMB","Before",2
"DisNitrateNitrite",2019,"RMB","During",2
"DisNitrateNitrite",2019,"RCS","After",2
"DisNitrateNitrite",2019,"RCS","Before",2
"DisNitrateNitrite",2019,"RCS","During",2
"DisNitrateNitrite",2019,"RD22","After",2
"DisNitrateNitrite",2019,"RD22","Before",2
"DisNitrateNitrite",2019,"RD22","During",2
"DisNitrateNitrite",2019,"I80","After",2
"DisNitrateNitrite",2019,"I80","Before",2
"DisNitrateNitrite",2019,"I80","During",2
"DisNitrateNitrite",2019,"LIS","After",3
"DisNitrateNitrite",2019,"LIS","Before",3
"DisNitrateNitrite",2019,"LIS","During",2
"DisNitrateNitrite",2019,"STTD","After",3
"DisNitrateNitrite",2019,"STTD","Before",3
"DisNitrateNitrite",2019,"STTD","During",2
"DisNitrateNitrite",2019,"BL5","After",2
"DisNitrateNitrite",2019,"BL5","Before",2
"DisNitrateNitrite",2019,"BL5","During",2
"DisNitrateNitrite",2019,"LIB","After",2
"DisNitrateNitrite",2019,"LIB","Before",2
"DisNitrateNitrite",2019,"LIB","During",2
"DisNitrateNitrite",2019,"RYI","After",2
"DisNitrateNitrite",2019,"RYI","Before",2
"DisNitrateNitrite",2019,"RYI","During",2
"DisNitrateNitrite",2019,"RVB","After",2
"DisNitrateNitrite",2019,"RVB","Before",2
"DisNitrateNitrite",2019,"RVB","During",2
"DisSilica",2013,"RCS","After",4
"DisSilica",2013,"RCS","During",5
"DisSilica",2013,"I80","After",4
"DisSilica",2013,"I80","Before",3
"DisSilica",2013,"I80","During",7
"DisSilica",2013,"LIS","After",4
"DisSilica",2013,"LIS","Before",3
"DisSilica",2013,"LIS","During",7
"DisSilica",2013,"STTD","After",3
"DisSilica",2013,"STTD","Before",3
"DisSilica",2013,"STTD","During",7
"DisSilica",2013,"BL5","After",3
"DisSilica",2013,"BL5","Before",3
"DisSilica",2013,"BL5","During",7
"DisSilica",2013,"RYI","After",3
"DisSilica",2013,"RYI","Before",3
"DisSilica",2013,"RYI","During",7
"DisSilica",2013,"RVB","After",3
"DisSilica",2013,"RVB","Before",3
"DisSilica",2013,"RVB","During",7
"DisSilica",2014,"RCS","After",6
"DisSilica",2014,"RCS","Before",5
"DisSilica",2014,"RCS","During",2
"DisSilica",2014,"RD22","After",6
"DisSilica",2014,"RD22","Before",5
"DisSilica",2014,"RD22","During",2
"DisSilica",2014,"I80","After",6
"DisSilica",2014,"I80","Before",5
"DisSilica",2014,"I80","During",2
"DisSilica",2014,"LIS","After",7
"DisSilica",2014,"LIS","Before",5
"DisSilica",2014,"LIS","During",2
"DisSilica",2014,"STTD","After",6
"DisSilica",2014,"STTD","Before",5
"DisSilica",2014,"STTD","During",2
"DisSilica",2014,"BL5","After",6
"DisSilica",2014,"BL5","Before",5
"DisSilica",2014,"BL5","During",2
"DisSilica",2014,"LIB","After",8
"DisSilica",2014,"LIB","Before",5
"DisSilica",2014,"LIB","During",2
"DisSilica",2014,"RYI","After",6
"DisSilica",2014,"RYI","Before",5
"DisSilica",2014,"RYI","During",2
"DisSilica",2014,"RVB","After",6
"DisSilica",2014,"RVB","Before",5
"DisSilica",2014,"RVB","During",2
"DisSilica",2015,"RCS","After",4
"DisSilica",2015,"RCS","Before",2
"DisSilica",2015,"RCS","During",6
"DisSilica",2015,"RD22","After",4
"DisSilica",2015,"RD22","Before",3
"DisSilica",2015,"RD22","During",6
"DisSilica",2015,"I80","After",4
"DisSilica",2015,"I80","Before",3
"DisSilica",2015,"I80","During",6
"DisSilica",2015,"LIS","After",4
"DisSilica",2015,"LIS","Before",5
"DisSilica",2015,"LIS","During",6
"DisSilica",2015,"STTD","After",4
"DisSilica",2015,"STTD","Before",3
"DisSilica",2015,"STTD","During",6
"DisSilica",2015,"BL5","After",4
"DisSilica",2015,"BL5","Before",3
"DisSilica",2015,"BL5","During",6
"DisSilica",2015,"LIB","After",4
"DisSilica",2015,"LIB","Before",3
"DisSilica",2015,"LIB","During",6
"DisSilica",2015,"RYI","After",4
"DisSilica",2015,"RYI","Before",3
"DisSilica",2015,"RYI","During",6
"DisSilica",2015,"RVB","After",4
"DisSilica",2015,"RVB","Before",3
"DisSilica",2015,"RVB","During",6
"DisSilica",2016,"RCS","Before",2
"DisSilica",2016,"RCS","During",3
"DisSilica",2016,"RD22","After",7
"DisSilica",2016,"RD22","Before",2
"DisSilica",2016,"RD22","During",3
"DisSilica",2016,"I80","After",7
"DisSilica",2016,"I80","Before",2
"DisSilica",2016,"I80","During",3
"DisSilica",2016,"LIS","After",7
"DisSilica",2016,"LIS","Before",4
"DisSilica",2016,"LIS","During",3
"DisSilica",2016,"STTD","After",7
"DisSilica",2016,"STTD","Before",2
"DisSilica",2016,"STTD","During",3
"DisSilica",2016,"BL5","After",7
"DisSilica",2016,"BL5","Before",2
"DisSilica",2016,"BL5","During",3
"DisSilica",2016,"LIB","After",7
"DisSilica",2016,"LIB","Before",2
"DisSilica",2016,"LIB","During",3
"DisSilica",2016,"RYI","After",7
"DisSilica",2016,"RYI","Before",2
"DisSilica",2016,"RYI","During",3
"DisSilica",2016,"RVB","After",7
"DisSilica",2016,"RVB","Before",2
"DisSilica",2016,"RVB","During",3
"DisSilica",2017,"RCS","Before",6
"DisSilica",2017,"RCS","During",3
"DisSilica",2017,"RD22","Before",6
"DisSilica",2017,"RD22","During",3
"DisSilica",2017,"I80","Before",6
"DisSilica",2017,"I80","During",3
"DisSilica",2017,"LIS","After",4
"DisSilica",2017,"LIS","Before",6
"DisSilica",2017,"LIS","During",3
"DisSilica",2017,"STTD","After",4
"DisSilica",2017,"STTD","Before",6
"DisSilica",2017,"STTD","During",3
"DisSilica",2017,"BL5","After",1
"DisSilica",2017,"BL5","Before",6
"DisSilica",2017,"BL5","During",3
"DisSilica",2017,"LIB","After",1
"DisSilica",2017,"LIB","Before",6
"DisSilica",2017,"LIB","During",3
"DisSilica",2017,"RYI","After",1
"DisSilica",2017,"RYI","Before",6
"DisSilica",2017,"RYI","During",3
"DisSilica",2017,"RVB","After",1
"DisSilica",2017,"RVB","Before",6
"DisSilica",2017,"RVB","During",3
"DisSilica",2018,"RCS","After",6
"DisSilica",2018,"RCS","Before",5
"DisSilica",2018,"RCS","During",4
"DisSilica",2018,"RD22","After",6
"DisSilica",2018,"RD22","Before",5
"DisSilica",2018,"RD22","During",4
"DisSilica",2018,"I80","After",6
"DisSilica",2018,"I80","Before",5
"DisSilica",2018,"I80","During",4
"DisSilica",2018,"LIS","After",7
"DisSilica",2018,"LIS","Before",5
"DisSilica",2018,"LIS","During",4
"DisSilica",2018,"STTD","After",7
"DisSilica",2018,"STTD","Before",5
"DisSilica",2018,"STTD","During",4
"DisSilica",2018,"BL5","After",6
"DisSilica",2018,"BL5","Before",5
"DisSilica",2018,"BL5","During",4
"DisSilica",2018,"LIB","After",6
"DisSilica",2018,"LIB","Before",5
"DisSilica",2018,"LIB","During",4
"DisSilica",2018,"RYI","After",6
"DisSilica",2018,"RYI","Before",5
"DisSilica",2018,"RYI","During",4
"DisSilica",2018,"RVB","After",6
"DisSilica",2018,"RVB","Before",5
"DisSilica",2018,"RVB","During",4
"DisSilica",2019,"RMB","After",2
"DisSilica",2019,"RMB","Before",2
"DisSilica",2019,"RMB","During",2
"DisSilica",2019,"RCS","After",2
"DisSilica",2019,"RCS","Before",2
"DisSilica",2019,"RCS","During",2
"DisSilica",2019,"RD22","After",2
"DisSilica",2019,"RD22","Before",2
"DisSilica",2019,"RD22","During",2
"DisSilica",2019,"I80","After",2
"DisSilica",2019,"I80","Before",2
"DisSilica",2019,"I80","During",2
"DisSilica",2019,"LIS","After",3
"DisSilica",2019,"LIS","Before",3
"DisSilica",2019,"LIS","During",2
"DisSilica",2019,"STTD","After",3
"DisSilica",2019,"STTD","Before",3
"DisSilica",2019,"STTD","During",2
"DisSilica",2019,"BL5","After",2
"DisSilica",2019,"BL5","Before",2
"DisSilica",2019,"BL5","During",2
"DisSilica",2019,"LIB","After",2
"DisSilica",2019,"LIB","Before",2
"DisSilica",2019,"LIB","During",2
"DisSilica",2019,"RYI","After",2
"DisSilica",2019,"RYI","Before",2
"DisSilica",2019,"RYI","During",2
"DisSilica",2019,"RVB","After",2
"DisSilica",2019,"RVB","Before",2
"DisSilica",2019,"RVB","During",2
"DOC",2013,"RCS","After",4
"DOC",2013,"RCS","During",5
"DOC",2013,"I80","After",4
"DOC",2013,"I80","Before",3
"DOC",2013,"I80","During",7
"DOC",2013,"LIS","After",4
"DOC",2013,"LIS","Before",3
"DOC",2013,"LIS","During",7
"DOC",2013,"STTD","After",3
"DOC",2013,"STTD","Before",3
"DOC",2013,"STTD","During",7
"DOC",2013,"BL5","After",3
"DOC",2013,"BL5","Before",3
"DOC",2013,"BL5","During",7
"DOC",2013,"RYI","After",3
"DOC",2013,"RYI","Before",3
"DOC",2013,"RYI","During",7
"DOC",2013,"RVB","After",3
"DOC",2013,"RVB","Before",3
"DOC",2013,"RVB","During",7
"DOC",2014,"RCS","After",6
"DOC",2014,"RCS","Before",5
"DOC",2014,"RCS","During",2
"DOC",2014,"RD22","After",6
"DOC",2014,"RD22","Before",5
"DOC",2014,"RD22","During",2
"DOC",2014,"I80","After",6
"DOC",2014,"I80","Before",5
"DOC",2014,"I80","During",2
"DOC",2014,"LIS","After",7
"DOC",2014,"LIS","Before",5
"DOC",2014,"LIS","During",2
"DOC",2014,"STTD","After",6
"DOC",2014,"STTD","Before",5
"DOC",2014,"STTD","During",2
"DOC",2014,"BL5","After",6
"DOC",2014,"BL5","Before",5
"DOC",2014,"BL5","During",2
"DOC",2014,"LIB","After",8
"DOC",2014,"LIB","Before",5
"DOC",2014,"LIB","During",2
"DOC",2014,"RYI","After",6
"DOC",2014,"RYI","Before",5
"DOC",2014,"RYI","During",2
"DOC",2014,"RVB","After",6
"DOC",2014,"RVB","Before",5
"DOC",2014,"RVB","During",2
"DOC",2015,"RCS","After",4
"DOC",2015,"RCS","Before",2
"DOC",2015,"RCS","During",6
"DOC",2015,"RD22","After",4
"DOC",2015,"RD22","Before",3
"DOC",2015,"RD22","During",6
"DOC",2015,"I80","After",4
"DOC",2015,"I80","Before",3
"DOC",2015,"I80","During",6
"DOC",2015,"LIS","After",4
"DOC",2015,"LIS","Before",5
"DOC",2015,"LIS","During",6
"DOC",2015,"STTD","After",4
"DOC",2015,"STTD","Before",3
"DOC",2015,"STTD","During",6
"DOC",2015,"BL5","After",4
"DOC",2015,"BL5","Before",3
"DOC",2015,"BL5","During",6
"DOC",2015,"LIB","After",4
"DOC",2015,"LIB","Before",3
"DOC",2015,"LIB","During",6
"DOC",2015,"RYI","After",4
"DOC",2015,"RYI","Before",3
"DOC",2015,"RYI","During",6
"DOC",2015,"RVB","After",4
"DOC",2015,"RVB","Before",3
"DOC",2015,"RVB","During",6
"DOC",2016,"RCS","Before",2
"DOC",2016,"RCS","During",3
"DOC",2016,"RD22","After",7
"DOC",2016,"RD22","Before",2
"DOC",2016,"RD22","During",3
"DOC",2016,"I80","After",7
"DOC",2016,"I80","Before",2
"DOC",2016,"I80","During",3
"DOC",2016,"LIS","After",7
"DOC",2016,"LIS","Before",4
"DOC",2016,"LIS","During",3
"DOC",2016,"STTD","After",7
"DOC",2016,"STTD","Before",2
"DOC",2016,"STTD","During",3
"DOC",2016,"BL5","After",7
"DOC",2016,"BL5","Before",2
"DOC",2016,"BL5","During",3
"DOC",2016,"LIB","After",7
"DOC",2016,"LIB","Before",2
"DOC",2016,"LIB","During",3
"DOC",2016,"RYI","After",7
"DOC",2016,"RYI","Before",2
"DOC",2016,"RYI","During",3
"DOC",2016,"RVB","After",7
"DOC",2016,"RVB","Before",2
"DOC",2016,"RVB","During",3
"DOC",2017,"RCS","Before",6
"DOC",2017,"RCS","During",3
"DOC",2017,"RD22","Before",6
"DOC",2017,"RD22","During",3
"DOC",2017,"I80","Before",6
"DOC",2017,"I80","During",3
"DOC",2017,"LIS","After",4
"DOC",2017,"LIS","Before",6
"DOC",2017,"LIS","During",3
"DOC",2017,"STTD","After",4
"DOC",2017,"STTD","Before",6
"DOC",2017,"STTD","During",3
"DOC",2017,"BL5","After",1
"DOC",2017,"BL5","Before",6
"DOC",2017,"BL5","During",3
"DOC",2017,"LIB","After",1
"DOC",2017,"LIB","Before",6
"DOC",2017,"LIB","During",3
"DOC",2017,"RYI","After",1
"DOC",2017,"RYI","Before",6
"DOC",2017,"RYI","During",3
"DOC",2017,"RVB","After",1
"DOC",2017,"RVB","Before",6
"DOC",2017,"RVB","During",3
"DOC",2018,"RCS","After",6
"DOC",2018,"RCS","Before",5
"DOC",2018,"RCS","During",4
"DOC",2018,"RD22","After",6
"DOC",2018,"RD22","Before",5
"DOC",2018,"RD22","During",4
"DOC",2018,"I80","After",6
"DOC",2018,"I80","Before",5
"DOC",2018,"I80","During",4
"DOC",2018,"LIS","After",7
"DOC",2018,"LIS","Before",5
"DOC",2018,"LIS","During",4
"DOC",2018,"STTD","After",7
"DOC",2018,"STTD","Before",5
"DOC",2018,"STTD","During",4
"DOC",2018,"BL5","After",6
"DOC",2018,"BL5","Before",5
"DOC",2018,"BL5","During",4
"DOC",2018,"LIB","After",6
"DOC",2018,"LIB","Before",5
"DOC",2018,"LIB","During",4
"DOC",2018,"RYI","After",6
"DOC",2018,"RYI","Before",5
"DOC",2018,"RYI","During",4
"DOC",2018,"RVB","After",6
"DOC",2018,"RVB","Before",5
"DOC",2018,"RVB","During",4
"DOC",2019,"RMB","After",2
"DOC",2019,"RMB","Before",2
"DOC",2019,"RMB","During",2
"DOC",2019,"RCS","After",2
"DOC",2019,"RCS","Before",2
"DOC",2019,"RCS","During",2
"DOC",2019,"RD22","After",2
"DOC",2019,"RD22","Before",2
"DOC",2019,"RD22","During",2
"DOC",2019,"I80","After",2
"DOC",2019,"I80","Before",2
"DOC",2019,"I80","During",2
"DOC",2019,"LIS","After",3
"DOC",2019,"LIS","Before",3
"DOC",2019,"LIS","During",2
"DOC",2019,"STTD","After",3
"DOC",2019,"STTD","Before",3
"DOC",2019,"STTD","During",2
"DOC",2019,"BL5","After",2
"DOC",2019,"BL5","Before",2
"DOC",2019,"BL5","During",2
"DOC",2019,"LIB","After",2
"DOC",2019,"LIB","Before",2
"DOC",2019,"LIB","During",2
"DOC",2019,"RYI","After",2
"DOC",2019,"RYI","Before",2
"DOC",2019,"RYI","During",2
"DOC",2019,"RVB","After",2
"DOC",2019,"RVB","Before",2
"DOC",2019,"RVB","During",2
"DON",2013,"RCS","After",4
"DON",2013,"RCS","During",5
"DON",2013,"I80","After",4
"DON",2013,"I80","Before",3
"DON",2013,"I80","During",7
"DON",2013,"LIS","After",4
"DON",2013,"LIS","Before",3
"DON",2013,"LIS","During",7
"DON",2013,"STTD","After",3
"DON",2013,"STTD","Before",3
"DON",2013,"STTD","During",7
"DON",2013,"BL5","After",3
"DON",2013,"BL5","Before",3
"DON",2013,"BL5","During",7
"DON",2013,"RYI","After",3
"DON",2013,"RYI","Before",3
"DON",2013,"RYI","During",7
"DON",2013,"RVB","After",3
"DON",2013,"RVB","Before",3
"DON",2013,"RVB","During",7
"DON",2014,"RCS","After",6
"DON",2014,"RCS","Before",5
"DON",2014,"RCS","During",2
"DON",2014,"RD22","After",6
"DON",2014,"RD22","Before",5
"DON",2014,"RD22","During",2
"DON",2014,"I80","After",6
"DON",2014,"I80","Before",5
"DON",2014,"I80","During",2
"DON",2014,"LIS","After",7
"DON",2014,"LIS","Before",5
"DON",2014,"LIS","During",2
"DON",2014,"STTD","After",6
"DON",2014,"STTD","Before",5
"DON",2014,"STTD","During",2
"DON",2014,"BL5","After",6
"DON",2014,"BL5","Before",5
"DON",2014,"BL5","During",2
"DON",2014,"LIB","After",8
"DON",2014,"LIB","Before",5
"DON",2014,"LIB","During",2
"DON",2014,"RYI","After",6
"DON",2014,"RYI","Before",5
"DON",2014,"RYI","During",2
"DON",2014,"RVB","After",6
"DON",2014,"RVB","Before",5
"DON",2014,"RVB","During",2
"DON",2015,"RCS","After",4
"DON",2015,"RCS","Before",2
"DON",2015,"RCS","During",6
"DON",2015,"RD22","After",4
"DON",2015,"RD22","Before",3
"DON",2015,"RD22","During",6
"DON",2015,"I80","After",4
"DON",2015,"I80","Before",3
"DON",2015,"I80","During",6
"DON",2015,"LIS","After",4
"DON",2015,"LIS","Before",5
"DON",2015,"LIS","During",6
"DON",2015,"STTD","After",4
"DON",2015,"STTD","Before",3
"DON",2015,"STTD","During",6
"DON",2015,"BL5","After",4
"DON",2015,"BL5","Before",3
"DON",2015,"BL5","During",6
"DON",2015,"LIB","After",4
"DON",2015,"LIB","Before",3
"DON",2015,"LIB","During",6
"DON",2015,"RYI","After",4
"DON",2015,"RYI","Before",3
"DON",2015,"RYI","During",6
"DON",2015,"RVB","After",4
"DON",2015,"RVB","Before",3
"DON",2015,"RVB","During",6
"DON",2016,"RCS","Before",2
"DON",2016,"RCS","During",3
"DON",2016,"RD22","After",7
"DON",2016,"RD22","Before",2
"DON",2016,"RD22","During",3
"DON",2016,"I80","After",7
"DON",2016,"I80","Before",2
"DON",2016,"I80","During",3
"DON",2016,"LIS","After",7
"DON",2016,"LIS","Before",4
"DON",2016,"LIS","During",3
"DON",2016,"STTD","After",7
"DON",2016,"STTD","Before",2
"DON",2016,"STTD","During",3
"DON",2016,"BL5","After",7
"DON",2016,"BL5","Before",2
"DON",2016,"BL5","During",3
"DON",2016,"LIB","After",7
"DON",2016,"LIB","Before",2
"DON",2016,"LIB","During",3
"DON",2016,"RYI","After",7
"DON",2016,"RYI","Before",2
"DON",2016,"RYI","During",3
"DON",2016,"RVB","After",7
"DON",2016,"RVB","Before",2
"DON",2016,"RVB","During",3
"DON",2017,"RCS","Before",6
"DON",2017,"RCS","During",3
"DON",2017,"RD22","Before",6
"DON",2017,"RD22","During",3
"DON",2017,"I80","Before",6
"DON",2017,"I80","During",3
"DON",2017,"LIS","After",4
"DON",2017,"LIS","Before",6
"DON",2017,"LIS","During",3
"DON",2017,"STTD","After",4
"DON",2017,"STTD","Before",6
"DON",2017,"STTD","During",3
"DON",2017,"BL5","After",1
"DON",2017,"BL5","Before",6
"DON",2017,"BL5","During",3
"DON",2017,"LIB","After",1
"DON",2017,"LIB","Before",6
"DON",2017,"LIB","During",3
"DON",2017,"RYI","After",1
"DON",2017,"RYI","Before",6
"DON",2017,"RYI","During",3
"DON",2017,"RVB","After",1
"DON",2017,"RVB","Before",6
"DON",2017,"RVB","During",3
"DON",2018,"RCS","After",6
"DON",2018,"RCS","Before",5
"DON",2018,"RCS","During",4
"DON",2018,"RD22","After",6
"DON",2018,"RD22","Before",5
"DON",2018,"RD22","During",4
"DON",2018,"I80","After",6
"DON",2018,"I80","Before",5
"DON",2018,"I80","During",4
"DON",2018,"LIS","After",7
"DON",2018,"LIS","Before",5
"DON",2018,"LIS","During",4
"DON",2018,"STTD","After",7
"DON",2018,"STTD","Before",5
"DON",2018,"STTD","During",4
"DON",2018,"BL5","After",6
"DON",2018,"BL5","Before",5
"DON",2018,"BL5","During",4
"DON",2018,"LIB","After",6
"DON",2018,"LIB","Before",5
"DON",2018,"LIB","During",4
"DON",2018,"RYI","After",6
"DON",2018,"RYI","Before",5
"DON",2018,"RYI","During",4
"DON",2018,"RVB","After",6
"DON",2018,"RVB","Before",5
"DON",2018,"RVB","During",4
"DON",2019,"RMB","After",2
"DON",2019,"RMB","Before",2
"DON",2019,"RMB","During",2
"DON",2019,"RCS","After",2
"DON",2019,"RCS","Before",2
"DON",2019,"RCS","During",2
"DON",2019,"RD22","After",2
"DON",2019,"RD22","Before",2
"DON",2019,"RD22","During",2
"DON",2019,"I80","After",2
"DON",2019,"I80","Before",2
"DON",2019,"I80","During",2
"DON",2019,"LIS","After",3
"DON",2019,"LIS","Before",3
"DON",2019,"LIS","During",2
"DON",2019,"STTD","After",3
"DON",2019,"STTD","Before",3
"DON",2019,"STTD","During",2
"DON",2019,"BL5","After",2
"DON",2019,"BL5","Before",2
"DON",2019,"BL5","During",2
"DON",2019,"LIB","After",2
"DON",2019,"LIB","Before",2
"DON",2019,"LIB","During",2
"DON",2019,"RYI","After",2
"DON",2019,"RYI","Before",2
"DON",2019,"RYI","During",2
"DON",2019,"RVB","After",2
"DON",2019,"RVB","Before",2
"DON",2019,"RVB","During",2
"DOP",2013,"RCS","After",4
"DOP",2013,"RCS","During",5
"DOP",2013,"I80","After",4
"DOP",2013,"I80","Before",3
"DOP",2013,"I80","During",7
"DOP",2013,"LIS","After",4
"DOP",2013,"LIS","Before",3
"DOP",2013,"LIS","During",7
"DOP",2013,"STTD","After",3
"DOP",2013,"STTD","Before",3
"DOP",2013,"STTD","During",7
"DOP",2013,"BL5","After",3
"DOP",2013,"BL5","Before",3
"DOP",2013,"BL5","During",7
"DOP",2013,"RYI","After",3
"DOP",2013,"RYI","Before",3
"DOP",2013,"RYI","During",7
"DOP",2013,"RVB","After",3
"DOP",2013,"RVB","Before",3
"DOP",2013,"RVB","During",7
"DOP",2014,"RCS","After",6
"DOP",2014,"RCS","Before",5
"DOP",2014,"RCS","During",2
"DOP",2014,"RD22","After",6
"DOP",2014,"RD22","Before",5
"DOP",2014,"RD22","During",2
"DOP",2014,"I80","After",6
"DOP",2014,"I80","Before",5
"DOP",2014,"I80","During",2
"DOP",2014,"LIS","After",7
"DOP",2014,"LIS","Before",5
"DOP",2014,"LIS","During",2
"DOP",2014,"STTD","After",6
"DOP",2014,"STTD","Before",5
"DOP",2014,"STTD","During",2
"DOP",2014,"BL5","After",6
"DOP",2014,"BL5","Before",5
"DOP",2014,"BL5","During",2
"DOP",2014,"LIB","After",8
"DOP",2014,"LIB","Before",5
"DOP",2014,"LIB","During",2
"DOP",2014,"RYI","After",6
"DOP",2014,"RYI","Before",5
"DOP",2014,"RYI","During",2
"DOP",2014,"RVB","After",6
"DOP",2014,"RVB","Before",5
"DOP",2014,"RVB","During",2
"DOP",2015,"RCS","After",4
"DOP",2015,"RCS","Before",2
"DOP",2015,"RCS","During",6
"DOP",2015,"RD22","After",4
"DOP",2015,"RD22","Before",3
"DOP",2015,"RD22","During",6
"DOP",2015,"I80","After",4
"DOP",2015,"I80","Before",3
"DOP",2015,"I80","During",6
"DOP",2015,"LIS","After",4
"DOP",2015,"LIS","Before",5
"DOP",2015,"LIS","During",6
"DOP",2015,"STTD","After",4
"DOP",2015,"STTD","Before",3
"DOP",2015,"STTD","During",6
"DOP",2015,"BL5","After",4
"DOP",2015,"BL5","Before",3
"DOP",2015,"BL5","During",6
"DOP",2015,"LIB","After",4
"DOP",2015,"LIB","Before",3
"DOP",2015,"LIB","During",6
"DOP",2015,"RYI","After",4
"DOP",2015,"RYI","Before",3
"DOP",2015,"RYI","During",6
"DOP",2015,"RVB","After",4
"DOP",2015,"RVB","Before",3
"DOP",2015,"RVB","During",6
"DOP",2016,"RCS","Before",2
"DOP",2016,"RCS","During",3
"DOP",2016,"RD22","After",7
"DOP",2016,"RD22","Before",2
"DOP",2016,"RD22","During",3
"DOP",2016,"I80","After",7
"DOP",2016,"I80","Before",2
"DOP",2016,"I80","During",3
"DOP",2016,"LIS","After",7
"DOP",2016,"LIS","Before",4
"DOP",2016,"LIS","During",3
"DOP",2016,"STTD","After",7
"DOP",2016,"STTD","Before",2
"DOP",2016,"STTD","During",3
"DOP",2016,"BL5","After",7
"DOP",2016,"BL5","Before",2
"DOP",2016,"BL5","During",3
"DOP",2016,"LIB","After",7
"DOP",2016,"LIB","Before",2
"DOP",2016,"LIB","During",3
"DOP",2016,"RYI","After",7
"DOP",2016,"RYI","Before",2
"DOP",2016,"RYI","During",3
"DOP",2016,"RVB","After",7
"DOP",2016,"RVB","Before",2
"DOP",2016,"RVB","During",3
"DOP",2017,"RCS","Before",6
"DOP",2017,"RCS","During",3
"DOP",2017,"RD22","Before",6
"DOP",2017,"RD22","During",3
"DOP",2017,"I80","Before",6
"DOP",2017,"I80","During",3
"DOP",2017,"LIS","After",4
"DOP",2017,"LIS","Before",6
"DOP",2017,"LIS","During",3
"DOP",2017,"STTD","After",4
"DOP",2017,"STTD","Before",6
"DOP",2017,"STTD","During",3
"DOP",2017,"BL5","After",1
"DOP",2017,"BL5","Before",6
"DOP",2017,"BL5","During",3
"DOP",2017,"LIB","After",1
"DOP",2017,"LIB","Before",6
"DOP",2017,"LIB","During",3
"DOP",2017,"RYI","After",1
"DOP",2017,"RYI","Before",6
"DOP",2017,"RYI","During",3
"DOP",2017,"RVB","After",1
"DOP",2017,"RVB","Before",6
"DOP",2017,"RVB","During",3
"DOP",2018,"RCS","After",6
"DOP",2018,"RCS","Before",5
"DOP",2018,"RCS","During",4
"DOP",2018,"RD22","After",6
"DOP",2018,"RD22","Before",5
"DOP",2018,"RD22","During",4
"DOP",2018,"I80","After",6
"DOP",2018,"I80","Before",5
"DOP",2018,"I80","During",4
"DOP",2018,"LIS","After",7
"DOP",2018,"LIS","Before",5
"DOP",2018,"LIS","During",4
"DOP",2018,"STTD","After",7
"DOP",2018,"STTD","Before",5
"DOP",2018,"STTD","During",4
"DOP",2018,"BL5","After",6
"DOP",2018,"BL5","Before",5
"DOP",2018,"BL5","During",4
"DOP",2018,"LIB","After",6
"DOP",2018,"LIB","Before",5
"DOP",2018,"LIB","During",4
"DOP",2018,"RYI","After",6
"DOP",2018,"RYI","Before",5
"DOP",2018,"RYI","During",4
"DOP",2018,"RVB","After",6
"DOP",2018,"RVB","Before",5
"DOP",2018,"RVB","During",4
"DOP",2019,"RMB","After",2
"DOP",2019,"RMB","Before",2
"DOP",2019,"RMB","During",2
"DOP",2019,"RCS","After",2
"DOP",2019,"RCS","Before",2
"DOP",2019,"RCS","During",2
"DOP",2019,"RD22","After",2
"DOP",2019,"RD22","Before",2
"DOP",2019,"RD22","During",2
"DOP",2019,"I80","After",2
"DOP",2019,"I80","Before",2
"DOP",2019,"I80","During",2
"DOP",2019,"LIS","After",3
"DOP",2019,"LIS","Before",3
"DOP",2019,"LIS","During",2
"DOP",2019,"STTD","After",3
"DOP",2019,"STTD","Before",3
"DOP",2019,"STTD","During",2
"DOP",2019,"BL5","After",2
"DOP",2019,"BL5","Before",2
"DOP",2019,"BL5","During",2
"DOP",2019,"LIB","After",2
"DOP",2019,"LIB","Before",2
"DOP",2019,"LIB","During",2
"DOP",2019,"RYI","After",2
"DOP",2019,"RYI","Before",2
"DOP",2019,"RYI","During",2
"DOP",2019,"RVB","After",2
"DOP",2019,"RVB","Before",2
"DOP",2019,"RVB","During",2
"Pheo",2011,"STTD","After",3
"Pheo",2011,"STTD","Before",3
"Pheo",2011,"STTD","During",5
"Pheo",2012,"STTD","After",3
"Pheo",2012,"STTD","Before",3
"Pheo",2012,"STTD","During",9
"Pheo",2013,"RCS","After",4
"Pheo",2013,"RCS","During",5
"Pheo",2013,"RD22","After",4
"Pheo",2013,"RD22","Before",3
"Pheo",2013,"RD22","During",7
"Pheo",2013,"I80","After",4
"Pheo",2013,"I80","Before",3
"Pheo",2013,"I80","During",7
"Pheo",2013,"LIS","After",9
"Pheo",2013,"LIS","Before",5
"Pheo",2013,"LIS","During",8
"Pheo",2013,"STTD","After",6
"Pheo",2013,"STTD","Before",5
"Pheo",2013,"STTD","During",8
"Pheo",2013,"BL5","After",3
"Pheo",2013,"BL5","Before",3
"Pheo",2013,"BL5","During",7
"Pheo",2013,"LIB","After",3
"Pheo",2013,"LIB","Before",3
"Pheo",2013,"LIB","During",7
"Pheo",2013,"RYI","After",3
"Pheo",2013,"RYI","Before",3
"Pheo",2013,"RYI","During",7
"Pheo",2013,"RVB","After",3
"Pheo",2013,"RVB","Before",3
"Pheo",2013,"RVB","During",7
"Pheo",2014,"RCS","After",6
"Pheo",2014,"RCS","Before",5
"Pheo",2014,"RCS","During",2
"Pheo",2014,"RD22","After",6
"Pheo",2014,"RD22","Before",5
"Pheo",2014,"RD22","During",2
"Pheo",2014,"I80","After",6
"Pheo",2014,"I80","Before",5
"Pheo",2014,"I80","During",2
"Pheo",2014,"LIS","After",7
"Pheo",2014,"LIS","Before",5
"Pheo",2014,"LIS","During",2
"Pheo",2014,"STTD","After",7
"Pheo",2014,"STTD","Before",5
"Pheo",2014,"STTD","During",2
"Pheo",2014,"BL5","After",6
"Pheo",2014,"BL5","Before",5
"Pheo",2014,"BL5","During",2
"Pheo",2014,"LIB","After",8
"Pheo",2014,"LIB","Before",5
"Pheo",2014,"LIB","During",2
"Pheo",2014,"RYI","After",6
"Pheo",2014,"RYI","Before",5
"Pheo",2014,"RYI","During",2
"Pheo",2014,"RVB","After",6
"Pheo",2014,"RVB","Before",5
"Pheo",2014,"RVB","During",2
"Pheo",2015,"RCS","After",4
"Pheo",2015,"RCS","Before",2
"Pheo",2015,"RCS","During",6
"Pheo",2015,"RD22","After",4
"Pheo",2015,"RD22","Before",3
"Pheo",2015,"RD22","During",6
"Pheo",2015,"I80","After",4
"Pheo",2015,"I80","Before",3
"Pheo",2015,"I80","During",6
"Pheo",2015,"LIS","After",4
"Pheo",2015,"LIS","Before",6
"Pheo",2015,"LIS","During",6
"Pheo",2015,"STTD","After",5
"Pheo",2015,"STTD","Before",5
"Pheo",2015,"STTD","During",6
"Pheo",2015,"BL5","After",4
"Pheo",2015,"BL5","Before",3
"Pheo",2015,"BL5","During",6
"Pheo",2015,"LIB","After",4
"Pheo",2015,"LIB","Before",3
"Pheo",2015,"LIB","During",6
"Pheo",2015,"RYI","After",4
"Pheo",2015,"RYI","Before",3
"Pheo",2015,"RYI","During",6
"Pheo",2015,"RVB","After",4
"Pheo",2015,"RVB","Before",3
"Pheo",2015,"RVB","During",6
"Pheo",2016,"RCS","Before",3
"Pheo",2016,"RCS","During",3
"Pheo",2016,"RD22","After",7
"Pheo",2016,"RD22","Before",3
"Pheo",2016,"RD22","During",3
"Pheo",2016,"I80","After",7
"Pheo",2016,"I80","Before",3
"Pheo",2016,"I80","During",3
"Pheo",2016,"LIS","After",7
"Pheo",2016,"LIS","Before",5
"Pheo",2016,"LIS","During",3
"Pheo",2016,"STTD","After",7
"Pheo",2016,"STTD","Before",5
"Pheo",2016,"STTD","During",3
"Pheo",2016,"BL5","After",7
"Pheo",2016,"BL5","Before",2
"Pheo",2016,"BL5","During",3
"Pheo",2016,"LIB","After",7
"Pheo",2016,"LIB","Before",2
"Pheo",2016,"LIB","During",3
"Pheo",2016,"RYI","After",7
"Pheo",2016,"RYI","Before",2
"Pheo",2016,"RYI","During",3
"Pheo",2016,"RVB","After",8
"Pheo",2016,"RVB","Before",2
"Pheo",2016,"RVB","During",3
"Pheo",2017,"RCS","Before",6
"Pheo",2017,"RCS","During",3
"Pheo",2017,"RD22","Before",6
"Pheo",2017,"RD22","During",3
"Pheo",2017,"I80","Before",6
"Pheo",2017,"I80","During",3
"Pheo",2017,"LIS","After",4
"Pheo",2017,"LIS","Before",6
"Pheo",2017,"LIS","During",3
"Pheo",2017,"STTD","After",4
"Pheo",2017,"STTD","Before",6
"Pheo",2017,"STTD","During",3
"Pheo",2017,"BL5","After",1
"Pheo",2017,"BL5","Before",6
"Pheo",2017,"BL5","During",3
"Pheo",2017,"LIB","After",1
"Pheo",2017,"LIB","Before",6
"Pheo",2017,"LIB","During",3
"Pheo",2017,"RYI","After",1
"Pheo",2017,"RYI","Before",6
"Pheo",2017,"RYI","During",3
"Pheo",2017,"RVB","After",1
"Pheo",2017,"RVB","Before",6
"Pheo",2017,"RVB","During",3
"Pheo",2018,"RCS","After",6
"Pheo",2018,"RCS","Before",5
"Pheo",2018,"RCS","During",4
"Pheo",2018,"RD22","After",6
"Pheo",2018,"RD22","Before",5
"Pheo",2018,"RD22","During",4
"Pheo",2018,"I80","After",6
"Pheo",2018,"I80","Before",5
"Pheo",2018,"I80","During",4
"Pheo",2018,"LIS","After",6
"Pheo",2018,"LIS","Before",5
"Pheo",2018,"LIS","During",4
"Pheo",2018,"STTD","After",7
"Pheo",2018,"STTD","Before",5
"Pheo",2018,"STTD","During",4
"Pheo",2018,"BL5","After",6
"Pheo",2018,"BL5","Before",5
"Pheo",2018,"BL5","During",4
"Pheo",2018,"LIB","After",6
"Pheo",2018,"LIB","Before",5
"Pheo",2018,"LIB","During",4
"Pheo",2018,"RYI","After",6
"Pheo",2018,"RYI","Before",5
"Pheo",2018,"RYI","During",3
"Pheo",2018,"RVB","After",6
"Pheo",2018,"RVB","Before",5
"Pheo",2018,"RVB","During",4
"Pheo",2019,"RMB","After",2
"Pheo",2019,"RMB","Before",2
"Pheo",2019,"RMB","During",2
"Pheo",2019,"RCS","After",2
"Pheo",2019,"RCS","Before",2
"Pheo",2019,"RCS","During",2
"Pheo",2019,"RD22","After",2
"Pheo",2019,"RD22","Before",2
"Pheo",2019,"RD22","During",2
"Pheo",2019,"I80","After",2
"Pheo",2019,"I80","Before",2
"Pheo",2019,"I80","During",2
"Pheo",2019,"LIS","After",3
"Pheo",2019,"LIS","Before",3
"Pheo",2019,"LIS","During",2
"Pheo",2019,"STTD","After",3
"Pheo",2019,"STTD","Before",3
"Pheo",2019,"STTD","During",2
"Pheo",2019,"BL5","After",2
"Pheo",2019,"BL5","Before",2
"Pheo",2019,"BL5","During",2
"Pheo",2019,"LIB","After",2
"Pheo",2019,"LIB","Before",2
"Pheo",2019,"LIB","During",2
"Pheo",2019,"RYI","After",2
"Pheo",2019,"RYI","Before",2
"Pheo",2019,"RYI","During",2
"Pheo",2019,"RVB","After",2
"Pheo",2019,"RVB","Before",2
"Pheo",2019,"RVB","During",2
"TDS",2013,"RCS","After",4
"TDS",2013,"RCS","During",5
"TDS",2013,"I80","After",4
"TDS",2013,"I80","Before",3
"TDS",2013,"I80","During",7
"TDS",2013,"LIS","After",4
"TDS",2013,"LIS","Before",3
"TDS",2013,"LIS","During",7
"TDS",2013,"STTD","After",3
"TDS",2013,"STTD","Before",3
"TDS",2013,"STTD","During",7
"TDS",2013,"BL5","After",3
"TDS",2013,"BL5","Before",3
"TDS",2013,"BL5","During",7
"TDS",2013,"RYI","After",3
"TDS",2013,"RYI","Before",3
"TDS",2013,"RYI","During",7
"TDS",2013,"RVB","After",3
"TDS",2013,"RVB","Before",3
"TDS",2013,"RVB","During",7
"TDS",2014,"RCS","After",6
"TDS",2014,"RCS","Before",5
"TDS",2014,"RCS","During",2
"TDS",2014,"RD22","After",6
"TDS",2014,"RD22","Before",5
"TDS",2014,"RD22","During",2
"TDS",2014,"I80","After",6
"TDS",2014,"I80","Before",5
"TDS",2014,"I80","During",2
"TDS",2014,"LIS","After",7
"TDS",2014,"LIS","Before",5
"TDS",2014,"LIS","During",2
"TDS",2014,"STTD","After",6
"TDS",2014,"STTD","Before",5
"TDS",2014,"STTD","During",2
"TDS",2014,"BL5","After",6
"TDS",2014,"BL5","Before",5
"TDS",2014,"BL5","During",2
"TDS",2014,"LIB","After",8
"TDS",2014,"LIB","Before",5
"TDS",2014,"LIB","During",2
"TDS",2014,"RYI","After",6
"TDS",2014,"RYI","Before",5
"TDS",2014,"RYI","During",2
"TDS",2014,"RVB","After",6
"TDS",2014,"RVB","Before",5
"TDS",2014,"RVB","During",2
"TDS",2015,"RCS","After",4
"TDS",2015,"RCS","Before",2
"TDS",2015,"RCS","During",6
"TDS",2015,"RD22","After",4
"TDS",2015,"RD22","Before",3
"TDS",2015,"RD22","During",6
"TDS",2015,"I80","After",4
"TDS",2015,"I80","Before",3
"TDS",2015,"I80","During",6
"TDS",2015,"LIS","After",4
"TDS",2015,"LIS","Before",5
"TDS",2015,"LIS","During",6
"TDS",2015,"STTD","After",4
"TDS",2015,"STTD","Before",3
"TDS",2015,"STTD","During",6
"TDS",2015,"BL5","After",4
"TDS",2015,"BL5","Before",3
"TDS",2015,"BL5","During",6
"TDS",2015,"LIB","After",4
"TDS",2015,"LIB","Before",3
"TDS",2015,"LIB","During",6
"TDS",2015,"RYI","After",4
"TDS",2015,"RYI","Before",3
"TDS",2015,"RYI","During",6
"TDS",2015,"RVB","After",4
"TDS",2015,"RVB","Before",3
"TDS",2015,"RVB","During",6
"TDS",2016,"RCS","Before",2
"TDS",2016,"RCS","During",3
"TDS",2016,"RD22","After",7
"TDS",2016,"RD22","Before",2
"TDS",2016,"RD22","During",3
"TDS",2016,"I80","After",7
"TDS",2016,"I80","Before",2
"TDS",2016,"I80","During",3
"TDS",2016,"LIS","After",7
"TDS",2016,"LIS","Before",4
"TDS",2016,"LIS","During",3
"TDS",2016,"STTD","After",7
"TDS",2016,"STTD","Before",2
"TDS",2016,"STTD","During",3
"TDS",2016,"BL5","After",7
"TDS",2016,"BL5","Before",2
"TDS",2016,"BL5","During",3
"TDS",2016,"LIB","After",7
"TDS",2016,"LIB","Before",2
"TDS",2016,"LIB","During",3
"TDS",2016,"RYI","After",7
"TDS",2016,"RYI","Before",2
"TDS",2016,"RYI","During",3
"TDS",2016,"RVB","After",7
"TDS",2016,"RVB","Before",2
"TDS",2016,"RVB","During",3
"TDS",2017,"RCS","Before",6
"TDS",2017,"RCS","During",3
"TDS",2017,"RD22","Before",6
"TDS",2017,"RD22","During",3
"TDS",2017,"I80","Before",6
"TDS",2017,"I80","During",3
"TDS",2017,"LIS","After",4
"TDS",2017,"LIS","Before",6
"TDS",2017,"LIS","During",3
"TDS",2017,"STTD","After",4
"TDS",2017,"STTD","Before",6
"TDS",2017,"STTD","During",3
"TDS",2017,"BL5","After",1
"TDS",2017,"BL5","Before",6
"TDS",2017,"BL5","During",3
"TDS",2017,"LIB","After",1
"TDS",2017,"LIB","Before",6
"TDS",2017,"LIB","During",3
"TDS",2017,"RYI","After",1
"TDS",2017,"RYI","Before",6
"TDS",2017,"RYI","During",3
"TDS",2017,"RVB","After",1
"TDS",2017,"RVB","Before",6
"TDS",2017,"RVB","During",3
"TDS",2018,"RCS","After",6
"TDS",2018,"RCS","Before",5
"TDS",2018,"RCS","During",4
"TDS",2018,"RD22","After",6
"TDS",2018,"RD22","Before",5
"TDS",2018,"RD22","During",4
"TDS",2018,"I80","After",6
"TDS",2018,"I80","Before",5
"TDS",2018,"I80","During",4
"TDS",2018,"LIS","After",7
"TDS",2018,"LIS","Before",5
"TDS",2018,"LIS","During",4
"TDS",2018,"STTD","After",7
"TDS",2018,"STTD","Before",5
"TDS",2018,"STTD","During",4
"TDS",2018,"BL5","After",6
"TDS",2018,"BL5","Before",5
"TDS",2018,"BL5","During",4
"TDS",2018,"LIB","After",6
"TDS",2018,"LIB","Before",5
"TDS",2018,"LIB","During",4
"TDS",2018,"RYI","After",6
"TDS",2018,"RYI","Before",5
"TDS",2018,"RYI","During",4
"TDS",2018,"RVB","After",6
"TDS",2018,"RVB","Before",5
"TDS",2018,"RVB","During",4
"TDS",2019,"RMB","After",2
"TDS",2019,"RMB","Before",2
"TDS",2019,"RMB","During",2
"TDS",2019,"RCS","After",2
"TDS",2019,"RCS","Before",2
"TDS",2019,"RCS","During",2
"TDS",2019,"RD22","After",2
"TDS",2019,"RD22","Before",2
"TDS",2019,"RD22","During",2
"TDS",2019,"I80","After",2
"TDS",2019,"I80","Before",2
"TDS",2019,"I80","During",2
"TDS",2019,"LIS","After",3
"TDS",2019,"LIS","Before",3
"TDS",2019,"LIS","During",2
"TDS",2019,"STTD","After",3
"TDS",2019,"STTD","Before",3
"TDS",2019,"STTD","During",2
"TDS",2019,"BL5","After",2
"TDS",2019,"BL5","Before",2
"TDS",2019,"BL5","During",2
"TDS",2019,"LIB","After",2
"TDS",2019,"LIB","Before",2
"TDS",2019,"LIB","During",2
"TDS",2019,"RYI","After",2
"TDS",2019,"RYI","Before",2
"TDS",2019,"RYI","During",2
"TDS",2019,"RVB","After",2
"TDS",2019,"RVB","Before",2
"TDS",2019,"RVB","During",2
"TKN",2013,"RCS","After",4
"TKN",2013,"RCS","During",5
"TKN",2013,"I80","After",4
"TKN",2013,"I80","Before",3
"TKN",2013,"I80","During",7
"TKN",2013,"LIS","After",4
"TKN",2013,"LIS","Before",3
"TKN",2013,"LIS","During",7
"TKN",2013,"STTD","After",3
"TKN",2013,"STTD","Before",3
"TKN",2013,"STTD","During",7
"TKN",2013,"BL5","After",3
"TKN",2013,"BL5","Before",3
"TKN",2013,"BL5","During",7
"TKN",2013,"RYI","After",3
"TKN",2013,"RYI","Before",3
"TKN",2013,"RYI","During",7
"TKN",2013,"RVB","After",3
"TKN",2013,"RVB","Before",3
"TKN",2013,"RVB","During",7
"TKN",2014,"RCS","After",6
"TKN",2014,"RCS","Before",5
"TKN",2014,"RCS","During",2
"TKN",2014,"RD22","After",6
"TKN",2014,"RD22","Before",5
"TKN",2014,"RD22","During",2
"TKN",2014,"I80","After",6
"TKN",2014,"I80","Before",5
"TKN",2014,"I80","During",2
"TKN",2014,"LIS","After",7
"TKN",2014,"LIS","Before",5
"TKN",2014,"LIS","During",2
"TKN",2014,"STTD","After",6
"TKN",2014,"STTD","Before",5
"TKN",2014,"STTD","During",2
"TKN",2014,"BL5","After",6
"TKN",2014,"BL5","Before",5
"TKN",2014,"BL5","During",2
"TKN",2014,"LIB","After",6
"TKN",2014,"LIB","Before",5
"TKN",2014,"LIB","During",2
"TKN",2014,"RYI","After",6
"TKN",2014,"RYI","Before",5
"TKN",2014,"RYI","During",2
"TKN",2014,"RVB","After",6
"TKN",2014,"RVB","Before",5
"TKN",2014,"RVB","During",2
"TKN",2015,"RCS","After",4
"TKN",2015,"RCS","Before",2
"TKN",2015,"RCS","During",6
"TKN",2015,"RD22","After",4
"TKN",2015,"RD22","Before",3
"TKN",2015,"RD22","During",6
"TKN",2015,"I80","After",4
"TKN",2015,"I80","Before",3
"TKN",2015,"I80","During",6
"TKN",2015,"LIS","After",4
"TKN",2015,"LIS","Before",5
"TKN",2015,"LIS","During",6
"TKN",2015,"STTD","After",4
"TKN",2015,"STTD","Before",3
"TKN",2015,"STTD","During",6
"TKN",2015,"BL5","After",4
"TKN",2015,"BL5","Before",3
"TKN",2015,"BL5","During",6
"TKN",2015,"LIB","After",4
"TKN",2015,"LIB","Before",3
"TKN",2015,"LIB","During",6
"TKN",2015,"RYI","After",4
"TKN",2015,"RYI","Before",3
"TKN",2015,"RYI","During",6
"TKN",2015,"RVB","After",4
"TKN",2015,"RVB","Before",3
"TKN",2015,"RVB","During",6
"TKN",2016,"RCS","Before",2
"TKN",2016,"RCS","During",3
"TKN",2016,"RD22","After",7
"TKN",2016,"RD22","Before",2
"TKN",2016,"RD22","During",3
"TKN",2016,"I80","After",7
"TKN",2016,"I80","Before",2
"TKN",2016,"I80","During",3
"TKN",2016,"LIS","After",7
"TKN",2016,"LIS","Before",4
"TKN",2016,"LIS","During",3
"TKN",2016,"STTD","After",7
"TKN",2016,"STTD","Before",2
"TKN",2016,"STTD","During",3
"TKN",2016,"BL5","After",7
"TKN",2016,"BL5","Before",2
"TKN",2016,"BL5","During",3
"TKN",2016,"LIB","After",7
"TKN",2016,"LIB","Before",2
"TKN",2016,"LIB","During",3
"TKN",2016,"RYI","After",7
"TKN",2016,"RYI","Before",2
"TKN",2016,"RYI","During",3
"TKN",2016,"RVB","After",7
"TKN",2016,"RVB","Before",2
"TKN",2016,"RVB","During",3
"TKN",2017,"RCS","Before",6
"TKN",2017,"RCS","During",3
"TKN",2017,"RD22","Before",6
"TKN",2017,"RD22","During",3
"TKN",2017,"I80","Before",6
"TKN",2017,"I80","During",3
"TKN",2017,"LIS","After",4
"TKN",2017,"LIS","Before",6
"TKN",2017,"LIS","During",3
"TKN",2017,"STTD","After",4
"TKN",2017,"STTD","Before",6
"TKN",2017,"STTD","During",3
"TKN",2017,"BL5","After",1
"TKN",2017,"BL5","Before",6
"TKN",2017,"BL5","During",3
"TKN",2017,"LIB","After",1
"TKN",2017,"LIB","Before",6
"TKN",2017,"LIB","During",3
"TKN",2017,"RYI","After",1
"TKN",2017,"RYI","Before",6
"TKN",2017,"RYI","During",3
"TKN",2017,"RVB","After",1
"TKN",2017,"RVB","Before",6
"TKN",2017,"RVB","During",3
"TKN",2018,"RCS","After",6
"TKN",2018,"RCS","Before",5
"TKN",2018,"RCS","During",4
"TKN",2018,"RD22","After",6
"TKN",2018,"RD22","Before",5
"TKN",2018,"RD22","During",4
"TKN",2018,"I80","After",6
"TKN",2018,"I80","Before",5
"TKN",2018,"I80","During",4
"TKN",2018,"LIS","After",7
"TKN",2018,"LIS","Before",5
"TKN",2018,"LIS","During",4
"TKN",2018,"STTD","After",7
"TKN",2018,"STTD","Before",5
"TKN",2018,"STTD","During",4
"TKN",2018,"BL5","After",6
"TKN",2018,"BL5","Before",5
"TKN",2018,"BL5","During",4
"TKN",2018,"LIB","After",6
"TKN",2018,"LIB","Before",5
"TKN",2018,"LIB","During",4
"TKN",2018,"RYI","After",6
"TKN",2018,"RYI","Before",5
"TKN",2018,"RYI","During",4
"TKN",2018,"RVB","After",6
"TKN",2018,"RVB","Before",5
"TKN",2018,"RVB","During",4
"TKN",2019,"RMB","After",2
"TKN",2019,"RMB","Before",2
"TKN",2019,"RMB","During",2
"TKN",2019,"RCS","After",2
"TKN",2019,"RCS","Before",2
"TKN",2019,"RCS","During",2
"TKN",2019,"RD22","After",2
"TKN",2019,"RD22","Before",2
"TKN",2019,"RD22","During",2
"TKN",2019,"I80","After",2
"TKN",2019,"I80","Before",2
"TKN",2019,"I80","During",2
"TKN",2019,"LIS","After",3
"TKN",2019,"LIS","Before",3
"TKN",2019,"LIS","During",2
"TKN",2019,"STTD","After",3
"TKN",2019,"STTD","Before",3
"TKN",2019,"STTD","During",2
"TKN",2019,"BL5","After",2
"TKN",2019,"BL5","Before",2
"TKN",2019,"BL5","During",2
"TKN",2019,"LIB","After",2
"TKN",2019,"LIB","Before",2
"TKN",2019,"LIB","During",2
"TKN",2019,"RYI","After",2
"TKN",2019,"RYI","Before",2
"TKN",2019,"RYI","During",2
"TKN",2019,"RVB","After",2
"TKN",2019,"RVB","Before",2
"TKN",2019,"RVB","During",2
"TOC",2013,"RCS","After",4
"TOC",2013,"RCS","During",5
"TOC",2013,"I80","After",4
"TOC",2013,"I80","Before",3
"TOC",2013,"I80","During",7
"TOC",2013,"LIS","After",4
"TOC",2013,"LIS","Before",3
"TOC",2013,"LIS","During",7
"TOC",2013,"STTD","After",3
"TOC",2013,"STTD","Before",3
"TOC",2013,"STTD","During",7
"TOC",2013,"BL5","After",3
"TOC",2013,"BL5","Before",3
"TOC",2013,"BL5","During",7
"TOC",2013,"RYI","After",3
"TOC",2013,"RYI","Before",3
"TOC",2013,"RYI","During",7
"TOC",2013,"RVB","After",3
"TOC",2013,"RVB","Before",3
"TOC",2013,"RVB","During",7
"TOC",2014,"RCS","After",6
"TOC",2014,"RCS","Before",5
"TOC",2014,"RCS","During",2
"TOC",2014,"RD22","After",6
"TOC",2014,"RD22","Before",5
"TOC",2014,"RD22","During",2
"TOC",2014,"I80","After",6
"TOC",2014,"I80","Before",5
"TOC",2014,"I80","During",2
"TOC",2014,"LIS","After",7
"TOC",2014,"LIS","Before",5
"TOC",2014,"LIS","During",2
"TOC",2014,"STTD","After",6
"TOC",2014,"STTD","Before",5
"TOC",2014,"STTD","During",2
"TOC",2014,"BL5","After",6
"TOC",2014,"BL5","Before",5
"TOC",2014,"BL5","During",2
"TOC",2014,"LIB","After",8
"TOC",2014,"LIB","Before",5
"TOC",2014,"LIB","During",2
"TOC",2014,"RYI","After",6
"TOC",2014,"RYI","Before",5
"TOC",2014,"RYI","During",2
"TOC",2014,"RVB","After",6
"TOC",2014,"RVB","Before",5
"TOC",2014,"RVB","During",2
"TOC",2015,"RCS","After",4
"TOC",2015,"RCS","Before",2
"TOC",2015,"RCS","During",6
"TOC",2015,"RD22","After",4
"TOC",2015,"RD22","Before",3
"TOC",2015,"RD22","During",6
"TOC",2015,"I80","After",4
"TOC",2015,"I80","Before",3
"TOC",2015,"I80","During",6
"TOC",2015,"LIS","After",4
"TOC",2015,"LIS","Before",5
"TOC",2015,"LIS","During",6
"TOC",2015,"STTD","After",4
"TOC",2015,"STTD","Before",3
"TOC",2015,"STTD","During",6
"TOC",2015,"BL5","After",4
"TOC",2015,"BL5","Before",3
"TOC",2015,"BL5","During",6
"TOC",2015,"LIB","After",4
"TOC",2015,"LIB","Before",3
"TOC",2015,"LIB","During",6
"TOC",2015,"RYI","After",4
"TOC",2015,"RYI","Before",3
"TOC",2015,"RYI","During",6
"TOC",2015,"RVB","After",4
"TOC",2015,"RVB","Before",3
"TOC",2015,"RVB","During",6
"TOC",2016,"RCS","Before",2
"TOC",2016,"RCS","During",3
"TOC",2016,"RD22","After",7
"TOC",2016,"RD22","Before",2
"TOC",2016,"RD22","During",3
"TOC",2016,"I80","After",7
"TOC",2016,"I80","Before",2
"TOC",2016,"I80","During",3
"TOC",2016,"LIS","After",7
"TOC",2016,"LIS","Before",4
"TOC",2016,"LIS","During",3
"TOC",2016,"STTD","After",7
"TOC",2016,"STTD","Before",2
"TOC",2016,"STTD","During",3
"TOC",2016,"BL5","After",7
"TOC",2016,"BL5","Before",2
"TOC",2016,"BL5","During",3
"TOC",2016,"LIB","After",7
"TOC",2016,"LIB","Before",2
"TOC",2016,"LIB","During",3
"TOC",2016,"RYI","After",7
"TOC",2016,"RYI","Before",2
"TOC",2016,"RYI","During",3
"TOC",2016,"RVB","After",7
"TOC",2016,"RVB","Before",2
"TOC",2016,"RVB","During",3
"TOC",2017,"RCS","Before",6
"TOC",2017,"RCS","During",3
"TOC",2017,"RD22","Before",6
"TOC",2017,"RD22","During",3
"TOC",2017,"I80","Before",6
"TOC",2017,"I80","During",3
"TOC",2017,"LIS","After",4
"TOC",2017,"LIS","Before",6
"TOC",2017,"LIS","During",3
"TOC",2017,"STTD","After",4
"TOC",2017,"STTD","Before",6
"TOC",2017,"STTD","During",3
"TOC",2017,"BL5","After",1
"TOC",2017,"BL5","Before",6
"TOC",2017,"BL5","During",3
"TOC",2017,"LIB","After",1
"TOC",2017,"LIB","Before",6
"TOC",2017,"LIB","During",3
"TOC",2017,"RYI","After",1
"TOC",2017,"RYI","Before",6
"TOC",2017,"RYI","During",3
"TOC",2017,"RVB","After",1
"TOC",2017,"RVB","Before",6
"TOC",2017,"RVB","During",3
"TOC",2018,"RCS","After",6
"TOC",2018,"RCS","Before",5
"TOC",2018,"RCS","During",4
"TOC",2018,"RD22","After",6
"TOC",2018,"RD22","Before",5
"TOC",2018,"RD22","During",4
"TOC",2018,"I80","After",5
"TOC",2018,"I80","Before",5
"TOC",2018,"I80","During",4
"TOC",2018,"LIS","After",7
"TOC",2018,"LIS","Before",5
"TOC",2018,"LIS","During",4
"TOC",2018,"STTD","After",7
"TOC",2018,"STTD","Before",5
"TOC",2018,"STTD","During",4
"TOC",2018,"BL5","After",6
"TOC",2018,"BL5","Before",5
"TOC",2018,"BL5","During",4
"TOC",2018,"LIB","After",6
"TOC",2018,"LIB","Before",5
"TOC",2018,"LIB","During",4
"TOC",2018,"RYI","After",6
"TOC",2018,"RYI","Before",5
"TOC",2018,"RYI","During",4
"TOC",2018,"RVB","After",6
"TOC",2018,"RVB","Before",5
"TOC",2018,"RVB","During",4
"TOC",2019,"RMB","After",2
"TOC",2019,"RMB","Before",2
"TOC",2019,"RMB","During",2
"TOC",2019,"RCS","After",2
"TOC",2019,"RCS","Before",2
"TOC",2019,"RCS","During",2
"TOC",2019,"RD22","After",2
"TOC",2019,"RD22","Before",2
"TOC",2019,"RD22","During",2
"TOC",2019,"I80","After",2
"TOC",2019,"I80","Before",2
"TOC",2019,"I80","During",2
"TOC",2019,"LIS","After",3
"TOC",2019,"LIS","Before",3
"TOC",2019,"LIS","During",2
"TOC",2019,"STTD","After",3
"TOC",2019,"STTD","Before",3
"TOC",2019,"STTD","During",2
"TOC",2019,"BL5","After",2
"TOC",2019,"BL5","Before",2
"TOC",2019,"BL5","During",2
"TOC",2019,"LIB","After",2
"TOC",2019,"LIB","Before",2
"TOC",2019,"LIB","During",2
"TOC",2019,"RYI","After",2
"TOC",2019,"RYI","Before",2
"TOC",2019,"RYI","During",2
"TOC",2019,"RVB","After",2
"TOC",2019,"RVB","Before",2
"TOC",2019,"RVB","During",2
"TOP",2013,"RCS","After",4
"TOP",2013,"RCS","During",5
"TOP",2013,"I80","After",4
"TOP",2013,"I80","Before",3
"TOP",2013,"I80","During",7
"TOP",2013,"LIS","After",4
"TOP",2013,"LIS","Before",3
"TOP",2013,"LIS","During",7
"TOP",2013,"STTD","After",3
"TOP",2013,"STTD","Before",3
"TOP",2013,"STTD","During",7
"TOP",2013,"BL5","After",3
"TOP",2013,"BL5","Before",3
"TOP",2013,"BL5","During",7
"TOP",2013,"RYI","After",3
"TOP",2013,"RYI","Before",3
"TOP",2013,"RYI","During",7
"TOP",2013,"RVB","After",3
"TOP",2013,"RVB","Before",3
"TOP",2013,"RVB","During",7
"TOP",2014,"RCS","After",6
"TOP",2014,"RCS","Before",5
"TOP",2014,"RCS","During",2
"TOP",2014,"RD22","After",6
"TOP",2014,"RD22","Before",5
"TOP",2014,"RD22","During",2
"TOP",2014,"I80","After",6
"TOP",2014,"I80","Before",5
"TOP",2014,"I80","During",2
"TOP",2014,"LIS","After",7
"TOP",2014,"LIS","Before",5
"TOP",2014,"LIS","During",2
"TOP",2014,"STTD","After",6
"TOP",2014,"STTD","Before",5
"TOP",2014,"STTD","During",2
"TOP",2014,"BL5","After",6
"TOP",2014,"BL5","Before",5
"TOP",2014,"BL5","During",2
"TOP",2014,"LIB","After",8
"TOP",2014,"LIB","Before",5
"TOP",2014,"LIB","During",2
"TOP",2014,"RYI","After",6
"TOP",2014,"RYI","Before",5
"TOP",2014,"RYI","During",2
"TOP",2014,"RVB","After",6
"TOP",2014,"RVB","Before",5
"TOP",2014,"RVB","During",2
"TOP",2015,"RCS","After",4
"TOP",2015,"RCS","Before",2
"TOP",2015,"RCS","During",6
"TOP",2015,"RD22","After",4
"TOP",2015,"RD22","Before",3
"TOP",2015,"RD22","During",6
"TOP",2015,"I80","After",4
"TOP",2015,"I80","Before",3
"TOP",2015,"I80","During",6
"TOP",2015,"LIS","After",4
"TOP",2015,"LIS","Before",5
"TOP",2015,"LIS","During",6
"TOP",2015,"STTD","After",4
"TOP",2015,"STTD","Before",3
"TOP",2015,"STTD","During",6
"TOP",2015,"BL5","After",4
"TOP",2015,"BL5","Before",3
"TOP",2015,"BL5","During",6
"TOP",2015,"LIB","After",4
"TOP",2015,"LIB","Before",3
"TOP",2015,"LIB","During",6
"TOP",2015,"RYI","After",4
"TOP",2015,"RYI","Before",3
"TOP",2015,"RYI","During",6
"TOP",2015,"RVB","After",4
"TOP",2015,"RVB","Before",3
"TOP",2015,"RVB","During",6
"TOP",2016,"RCS","Before",2
"TOP",2016,"RCS","During",3
"TOP",2016,"RD22","After",7
"TOP",2016,"RD22","Before",2
"TOP",2016,"RD22","During",3
"TOP",2016,"I80","After",7
"TOP",2016,"I80","Before",2
"TOP",2016,"I80","During",3
"TOP",2016,"LIS","After",7
"TOP",2016,"LIS","Before",4
"TOP",2016,"LIS","During",3
"TOP",2016,"STTD","After",7
"TOP",2016,"STTD","Before",2
"TOP",2016,"STTD","During",3
"TOP",2016,"BL5","After",7
"TOP",2016,"BL5","Before",2
"TOP",2016,"BL5","During",3
"TOP",2016,"LIB","After",7
"TOP",2016,"LIB","Before",2
"TOP",2016,"LIB","During",3
"TOP",2016,"RYI","After",7
"TOP",2016,"RYI","Before",2
"TOP",2016,"RYI","During",3
"TOP",2016,"RVB","After",7
"TOP",2016,"RVB","Before",2
"TOP",2016,"RVB","During",3
"TOP",2017,"RCS","Before",6
"TOP",2017,"RCS","During",3
"TOP",2017,"RD22","Before",6
"TOP",2017,"RD22","During",3
"TOP",2017,"I80","Before",6
"TOP",2017,"I80","During",3
"TOP",2017,"LIS","After",4
"TOP",2017,"LIS","Before",6
"TOP",2017,"LIS","During",3
"TOP",2017,"STTD","After",4
"TOP",2017,"STTD","Before",6
"TOP",2017,"STTD","During",3
"TOP",2017,"BL5","After",1
"TOP",2017,"BL5","Before",6
"TOP",2017,"BL5","During",3
"TOP",2017,"LIB","After",1
"TOP",2017,"LIB","Before",6
"TOP",2017,"LIB","During",3
"TOP",2017,"RYI","After",1
"TOP",2017,"RYI","Before",6
"TOP",2017,"RYI","During",3
"TOP",2017,"RVB","After",1
"TOP",2017,"RVB","Before",6
"TOP",2017,"RVB","During",3
"TOP",2018,"RCS","After",6
"TOP",2018,"RCS","Before",5
"TOP",2018,"RCS","During",4
"TOP",2018,"RD22","After",6
"TOP",2018,"RD22","Before",5
"TOP",2018,"RD22","During",4
"TOP",2018,"I80","After",6
"TOP",2018,"I80","Before",5
"TOP",2018,"I80","During",4
"TOP",2018,"LIS","After",7
"TOP",2018,"LIS","Before",5
"TOP",2018,"LIS","During",4
"TOP",2018,"STTD","After",7
"TOP",2018,"STTD","Before",5
"TOP",2018,"STTD","During",4
"TOP",2018,"BL5","After",6
"TOP",2018,"BL5","Before",5
"TOP",2018,"BL5","During",4
"TOP",2018,"LIB","After",6
"TOP",2018,"LIB","Before",5
"TOP",2018,"LIB","During",4
"TOP",2018,"RYI","After",6
"TOP",2018,"RYI","Before",5
"TOP",2018,"RYI","During",4
"TOP",2018,"RVB","After",6
"TOP",2018,"RVB","Before",5
"TOP",2018,"RVB","During",4
"TOP",2019,"RMB","After",2
"TOP",2019,"RMB","Before",2
"TOP",2019,"RMB","During",2
"TOP",2019,"RCS","After",2
"TOP",2019,"RCS","Before",2
"TOP",2019,"RCS","During",2
"TOP",2019,"RD22","After",2
"TOP",2019,"RD22","Before",2
"TOP",2019,"RD22","During",2
"TOP",2019,"I80","After",2
"TOP",2019,"I80","Before",2
"TOP",2019,"I80","During",2
"TOP",2019,"LIS","After",3
"TOP",2019,"LIS","Before",3
"TOP",2019,"LIS","During",2
"TOP",2019,"STTD","After",3
"TOP",2019,"STTD","Before",3
"TOP",2019,"STTD","During",2
"TOP",2019,"BL5","After",2
"TOP",2019,"BL5","Before",2
"TOP",2019,"BL5","During",2
"TOP",2019,"LIB","After",2
"TOP",2019,"LIB","Before",2
"TOP",2019,"LIB","During",2
"TOP",2019,"RYI","After",2
"TOP",2019,"RYI","Before",2
"TOP",2019,"RYI","During",2
"TOP",2019,"RVB","After",2
"TOP",2019,"RVB","Before",2
"TOP",2019,"RVB","During",2
"TSS",2013,"RCS","After",4
"TSS",2013,"RCS","During",5
"TSS",2013,"I80","After",4
"TSS",2013,"I80","Before",3
"TSS",2013,"I80","During",7
"TSS",2013,"LIS","After",4
"TSS",2013,"LIS","Before",3
"TSS",2013,"LIS","During",7
"TSS",2013,"STTD","After",3
"TSS",2013,"STTD","Before",3
"TSS",2013,"STTD","During",7
"TSS",2013,"BL5","After",3
"TSS",2013,"BL5","Before",3
"TSS",2013,"BL5","During",7
"TSS",2013,"RYI","After",3
"TSS",2013,"RYI","Before",3
"TSS",2013,"RYI","During",7
"TSS",2013,"RVB","After",3
"TSS",2013,"RVB","Before",3
"TSS",2013,"RVB","During",7
"TSS",2014,"RCS","After",6
"TSS",2014,"RCS","Before",5
"TSS",2014,"RCS","During",2
"TSS",2014,"RD22","After",6
"TSS",2014,"RD22","Before",5
"TSS",2014,"RD22","During",2
"TSS",2014,"I80","After",6
"TSS",2014,"I80","Before",5
"TSS",2014,"I80","During",2
"TSS",2014,"LIS","After",7
"TSS",2014,"LIS","Before",5
"TSS",2014,"LIS","During",2
"TSS",2014,"STTD","After",6
"TSS",2014,"STTD","Before",5
"TSS",2014,"STTD","During",2
"TSS",2014,"BL5","After",6
"TSS",2014,"BL5","Before",5
"TSS",2014,"BL5","During",2
"TSS",2014,"LIB","After",8
"TSS",2014,"LIB","Before",5
"TSS",2014,"LIB","During",2
"TSS",2014,"RYI","After",6
"TSS",2014,"RYI","Before",5
"TSS",2014,"RYI","During",2
"TSS",2014,"RVB","After",6
"TSS",2014,"RVB","Before",5
"TSS",2014,"RVB","During",2
"TSS",2015,"RCS","After",4
"TSS",2015,"RCS","Before",2
"TSS",2015,"RCS","During",6
"TSS",2015,"RD22","After",4
"TSS",2015,"RD22","Before",3
"TSS",2015,"RD22","During",6
"TSS",2015,"I80","After",4
"TSS",2015,"I80","Before",3
"TSS",2015,"I80","During",6
"TSS",2015,"LIS","After",4
"TSS",2015,"LIS","Before",5
"TSS",2015,"LIS","During",6
"TSS",2015,"STTD","After",4
"TSS",2015,"STTD","Before",3
"TSS",2015,"STTD","During",6
"TSS",2015,"BL5","After",4
"TSS",2015,"BL5","Before",3
"TSS",2015,"BL5","During",6
"TSS",2015,"LIB","After",4
"TSS",2015,"LIB","Before",3
"TSS",2015,"LIB","During",6
"TSS",2015,"RYI","After",4
"TSS",2015,"RYI","Before",3
"TSS",2015,"RYI","During",6
"TSS",2015,"RVB","After",4
"TSS",2015,"RVB","Before",3
"TSS",2015,"RVB","During",6
"TSS",2016,"RCS","Before",2
"TSS",2016,"RCS","During",3
"TSS",2016,"RD22","After",7
"TSS",2016,"RD22","Before",2
"TSS",2016,"RD22","During",3
"TSS",2016,"I80","After",7
"TSS",2016,"I80","Before",2
"TSS",2016,"I80","During",3
"TSS",2016,"LIS","After",7
"TSS",2016,"LIS","Before",4
"TSS",2016,"LIS","During",3
"TSS",2016,"STTD","After",7
"TSS",2016,"STTD","Before",2
"TSS",2016,"STTD","During",3
"TSS",2016,"BL5","After",7
"TSS",2016,"BL5","Before",2
"TSS",2016,"BL5","During",3
"TSS",2016,"LIB","After",7
"TSS",2016,"LIB","Before",2
"TSS",2016,"LIB","During",3
"TSS",2016,"RYI","After",7
"TSS",2016,"RYI","Before",2
"TSS",2016,"RYI","During",3
"TSS",2016,"RVB","After",7
"TSS",2016,"RVB","Before",2
"TSS",2016,"RVB","During",3
"TSS",2017,"RCS","Before",6
"TSS",2017,"RCS","During",3
"TSS",2017,"RD22","Before",6
"TSS",2017,"RD22","During",3
"TSS",2017,"I80","Before",6
"TSS",2017,"I80","During",3
"TSS",2017,"LIS","After",4
"TSS",2017,"LIS","Before",6
"TSS",2017,"LIS","During",3
"TSS",2017,"STTD","After",4
"TSS",2017,"STTD","Before",6
"TSS",2017,"STTD","During",3
"TSS",2017,"BL5","After",1
"TSS",2017,"BL5","Before",6
"TSS",2017,"BL5","During",3
"TSS",2017,"LIB","After",1
"TSS",2017,"LIB","Before",6
"TSS",2017,"LIB","During",3
"TSS",2017,"RYI","After",1
"TSS",2017,"RYI","Before",6
"TSS",2017,"RYI","During",3
"TSS",2017,"RVB","After",1
"TSS",2017,"RVB","Before",6
"TSS",2017,"RVB","During",3
"TSS",2018,"RCS","After",6
"TSS",2018,"RCS","Before",5
"TSS",2018,"RCS","During",4
"TSS",2018,"RD22","After",6
"TSS",2018,"RD22","Before",5
"TSS",2018,"RD22","During",4
"TSS",2018,"I80","After",6
"TSS",2018,"I80","Before",5
"TSS",2018,"I80","During",4
"TSS",2018,"LIS","After",7
"TSS",2018,"LIS","Before",5
"TSS",2018,"LIS","During",4
"TSS",2018,"STTD","After",7
"TSS",2018,"STTD","Before",5
"TSS",2018,"STTD","During",4
"TSS",2018,"BL5","After",6
"TSS",2018,"BL5","Before",5
"TSS",2018,"BL5","During",4
"TSS",2018,"LIB","After",6
"TSS",2018,"LIB","Before",5
"TSS",2018,"LIB","During",4
"TSS",2018,"RYI","After",6
"TSS",2018,"RYI","Before",5
"TSS",2018,"RYI","During",4
"TSS",2018,"RVB","After",6
"TSS",2018,"RVB","Before",5
"TSS",2018,"RVB","During",4
"TSS",2019,"RMB","After",2
"TSS",2019,"RMB","Before",2
"TSS",2019,"RMB","During",2
"TSS",2019,"RCS","After",2
"TSS",2019,"RCS","Before",2
"TSS",2019,"RCS","During",2
"TSS",2019,"RD22","After",2
"TSS",2019,"RD22","Before",2
"TSS",2019,"RD22","During",2
"TSS",2019,"I80","After",2
"TSS",2019,"I80","Before",2
"TSS",2019,"I80","During",2
"TSS",2019,"LIS","After",3
"TSS",2019,"LIS","Before",3
"TSS",2019,"LIS","During",2
"TSS",2019,"STTD","After",3
"TSS",2019,"STTD","Before",3
"TSS",2019,"STTD","During",2
"TSS",2019,"BL5","After",2
"TSS",2019,"BL5","Before",2
"TSS",2019,"BL5","During",2
"TSS",2019,"LIB","After",2
"TSS",2019,"LIB","Before",2
"TSS",2019,"LIB","During",2
"TSS",2019,"RYI","After",2
"TSS",2019,"RYI","Before",2
"TSS",2019,"RYI","During",2
"TSS",2019,"RVB","After",2
"TSS",2019,"RVB","Before",2
"TSS",2019,"RVB","During",2
"VSS",2013,"RCS","After",4
"VSS",2013,"RCS","During",5
"VSS",2013,"I80","After",4
"VSS",2013,"I80","Before",3
"VSS",2013,"I80","During",7
"VSS",2013,"LIS","After",4
"VSS",2013,"LIS","Before",3
"VSS",2013,"LIS","During",7
"VSS",2013,"STTD","After",3
"VSS",2013,"STTD","Before",3
"VSS",2013,"STTD","During",7
"VSS",2013,"BL5","After",3
"VSS",2013,"BL5","Before",3
"VSS",2013,"BL5","During",7
"VSS",2013,"RYI","After",3
"VSS",2013,"RYI","Before",3
"VSS",2013,"RYI","During",7
"VSS",2013,"RVB","After",3
"VSS",2013,"RVB","Before",3
"VSS",2013,"RVB","During",7
"VSS",2014,"RCS","After",6
"VSS",2014,"RCS","Before",5
"VSS",2014,"RCS","During",2
"VSS",2014,"RD22","After",6
"VSS",2014,"RD22","Before",5
"VSS",2014,"RD22","During",2
"VSS",2014,"I80","After",6
"VSS",2014,"I80","Before",5
"VSS",2014,"I80","During",2
"VSS",2014,"LIS","After",7
"VSS",2014,"LIS","Before",5
"VSS",2014,"LIS","During",2
"VSS",2014,"STTD","After",6
"VSS",2014,"STTD","Before",5
"VSS",2014,"STTD","During",2
"VSS",2014,"BL5","After",6
"VSS",2014,"BL5","Before",5
"VSS",2014,"BL5","During",2
"VSS",2014,"LIB","After",8
"VSS",2014,"LIB","Before",5
"VSS",2014,"LIB","During",2
"VSS",2014,"RYI","After",6
"VSS",2014,"RYI","Before",5
"VSS",2014,"RYI","During",2
"VSS",2014,"RVB","After",6
"VSS",2014,"RVB","Before",5
"VSS",2014,"RVB","During",2
"VSS",2015,"RCS","After",4
"VSS",2015,"RCS","Before",2
"VSS",2015,"RCS","During",6
"VSS",2015,"RD22","After",4
"VSS",2015,"RD22","Before",3
"VSS",2015,"RD22","During",6
"VSS",2015,"I80","After",4
"VSS",2015,"I80","Before",3
"VSS",2015,"I80","During",6
"VSS",2015,"LIS","After",4
"VSS",2015,"LIS","Before",5
"VSS",2015,"LIS","During",6
"VSS",2015,"STTD","After",4
"VSS",2015,"STTD","Before",3
"VSS",2015,"STTD","During",6
"VSS",2015,"BL5","After",4
"VSS",2015,"BL5","Before",3
"VSS",2015,"BL5","During",6
"VSS",2015,"LIB","After",4
"VSS",2015,"LIB","Before",3
"VSS",2015,"LIB","During",6
"VSS",2015,"RYI","After",4
"VSS",2015,"RYI","Before",3
"VSS",2015,"RYI","During",6
"VSS",2015,"RVB","After",4
"VSS",2015,"RVB","Before",3
"VSS",2015,"RVB","During",6
"VSS",2016,"RCS","Before",2
"VSS",2016,"RCS","During",3
"VSS",2016,"RD22","After",7
"VSS",2016,"RD22","Before",2
"VSS",2016,"RD22","During",3
"VSS",2016,"I80","After",7
"VSS",2016,"I80","Before",2
"VSS",2016,"I80","During",3
"VSS",2016,"LIS","After",7
"VSS",2016,"LIS","Before",4
"VSS",2016,"LIS","During",3
"VSS",2016,"STTD","After",7
"VSS",2016,"STTD","Before",2
"VSS",2016,"STTD","During",3
"VSS",2016,"BL5","After",7
"VSS",2016,"BL5","Before",2
"VSS",2016,"BL5","During",3
"VSS",2016,"LIB","After",7
"VSS",2016,"LIB","Before",2
"VSS",2016,"LIB","During",3
"VSS",2016,"RYI","After",7
"VSS",2016,"RYI","Before",2
"VSS",2016,"RYI","During",3
"VSS",2016,"RVB","After",7
"VSS",2016,"RVB","Before",2
"VSS",2016,"RVB","During",3
"VSS",2017,"RCS","Before",6
"VSS",2017,"RCS","During",3
"VSS",2017,"RD22","Before",6
"VSS",2017,"RD22","During",3
"VSS",2017,"I80","Before",6
"VSS",2017,"I80","During",3
"VSS",2017,"LIS","After",4
"VSS",2017,"LIS","Before",6
"VSS",2017,"LIS","During",3
"VSS",2017,"STTD","After",4
"VSS",2017,"STTD","Before",6
"VSS",2017,"STTD","During",3
"VSS",2017,"BL5","After",1
"VSS",2017,"BL5","Before",6
"VSS",2017,"BL5","During",3
"VSS",2017,"LIB","After",1
"VSS",2017,"LIB","Before",6
"VSS",2017,"LIB","During",3
"VSS",2017,"RYI","After",1
"VSS",2017,"RYI","Before",6
"VSS",2017,"RYI","During",3
"VSS",2017,"RVB","After",1
"VSS",2017,"RVB","Before",6
"VSS",2017,"RVB","During",3
"VSS",2018,"RCS","After",6
"VSS",2018,"RCS","Before",5
"VSS",2018,"RCS","During",4
"VSS",2018,"RD22","After",6
"VSS",2018,"RD22","Before",5
"VSS",2018,"RD22","During",4
"VSS",2018,"I80","After",6
"VSS",2018,"I80","Before",5
"VSS",2018,"I80","During",4
"VSS",2018,"LIS","After",7
"VSS",2018,"LIS","Before",5
"VSS",2018,"LIS","During",4
"VSS",2018,"STTD","After",7
"VSS",2018,"STTD","Before",5
"VSS",2018,"STTD","During",4
"VSS",2018,"BL5","After",6
"VSS",2018,"BL5","Before",5
"VSS",2018,"BL5","During",4
"VSS",2018,"LIB","After",6
"VSS",2018,"LIB","Before",5
"VSS",2018,"LIB","During",4
"VSS",2018,"RYI","After",6
"VSS",2018,"RYI","Before",5
"VSS",2018,"RYI","During",4
"VSS",2018,"RVB","After",6
"VSS",2018,"RVB","Before",5
"VSS",2018,"RVB","During",4
"VSS",2019,"RMB","After",2
"VSS",2019,"RMB","Before",2
"VSS",2019,"RMB","During",2
"VSS",2019,"RCS","After",2
"VSS",2019,"RCS","Before",2
"VSS",2019,"RCS","During",2
"VSS",2019,"RD22","After",2
"VSS",2019,"RD22","Before",2
"VSS",2019,"RD22","During",2
"VSS",2019,"I80","After",2
"VSS",2019,"I80","Before",2
"VSS",2019,"I80","During",2
"VSS",2019,"LIS","After",3
"VSS",2019,"LIS","Before",3
"VSS",2019,"LIS","During",2
"VSS",2019,"STTD","After",3
"VSS",2019,"STTD","Before",3
"VSS",2019,"STTD","During",2
"VSS",2019,"BL5","After",2
"VSS",2019,"BL5","Before",2
"VSS",2019,"BL5","During",2
"VSS",2019,"LIB","After",2
"VSS",2019,"LIB","Before",2
"VSS",2019,"LIB","During",2
"VSS",2019,"RYI","After",2
"VSS",2019,"RYI","Before",2
"VSS",2019,"RYI","During",2
"VSS",2019,"RVB","After",2
"VSS",2019,"RVB","Before",2
"VSS",2019,"RVB","During",2
