Experiment,Location,Date,Cage.ID,Tag,Contents.Weight,Fullness,Digestion,Prey.Taxa,LH.Stage,Count,Taxa,Comments,
Cage Prototypes,DWSC,3/22/2019,FCCL Control Tank 1,RL25,0.0011,4,4,Americorophium spinicorne,adult,1,Amphipoda,,
Cage Prototypes,DWSC,3/22/2019,FCCL Control Tank 1,RL25,0.0011,4,4,Americorophium sp.,juvenile,2,Amphipoda,,
Cage Prototypes,DWSC,3/22/2019,FCCL Control Tank 1,RL25,0.0011,4,4,Acanthocyclops sp.,adult,1,Cyclopoida,,
Cage Prototypes,DWSC,3/22/2019,FCCL Control Tank 1,RL45,0.0053,5,5,Americorophium spinicorne,adult,2,Amphipoda,,
Cage Prototypes,DWSC,3/22/2019,FCCL Control Tank 2,RC01,0.0007,3,5,Americorophium sp.,juvenile,5,Amphipoda,,
Cage Prototypes,DWSC,3/22/2019,FCCL Control Tank 2,RC01,0.0007,3,5,Pseudodiaptomus forbesi,adult,1,Calanoida,,
Cage Prototypes,DWSC,3/22/2019,FCCL Control Tank 2,RC01,0.0007,3,5,Calanoida,copepodid,1,Calanoida,,
Cage Prototypes,DWSC,3/22/2019,FCCL Control Tank 2,RC01,0.0007,3,5,Macrocyclops sp.,undetermined,1,Cyclopoida,,
Cage Prototypes,DWSC,3/22/2019,FCCL Control Tank 2,RA42,0.0165,6,6,Fish,eggs,37,Other,"These were adhering in a single cluster, see photo",
Cage Prototypes,DWSC,3/22/2019,FCCL Control Tank 2,RC80,0.0037,4,5,Fish,eggs,13,Other,same as above,
Cage Prototypes,DWSC,3/22/2019,FCCL Control Tank 1,RF42,0.0033,4,6,Americorophium spinicorne,adult,2,Amphipoda,,
Cage Prototypes,DWSC,3/22/2019,FCCL Control Tank 1,RF42,0.0033,4,6,Americorophium sp.,juvenile,3,Amphipoda,,
Cage Prototypes,DWSC,3/22/2019,FCCL Control Tank 1,RF42,0.0033,4,6,Pseudodiaptomus forbesi,adult,1,Calanoida,,
Cage Prototypes,DWSC,3/27/2019,F,RK73,0.0014,3,4,Fish,eggs,3,Other,,
Cage Prototypes,DWSC,3/27/2019,F,RK73,0.0014,3,4,Diacyclops thomasi,undetermined,1,Cyclopoida,,
Cage Prototypes,DWSC,3/27/2019,F,RK73,0.0014,3,4,Eucyclops sp.,undetermined,1,Cyclopoida,,
Cage Prototypes,DWSC,3/27/2019,F,RK73,0.0014,3,4,Cyclopoida,copepodid,4,Cyclopoida,,
Cage Prototypes,DWSC,3/27/2019,F,RI08,0.002,4,4,Bosmina sp.,undetermined,1,Cladocera,about half of diet appeared to be detritus--see photo,
Cage Prototypes,DWSC,3/27/2019,F,RI08,0.002,4,4,Chydorus sp.,undetermined,1,Cladocera,,
Cage Prototypes,DWSC,3/27/2019,F,RI08,0.002,4,4,Acari,undetermined,1,Other,,
Cage Prototypes,DWSC,3/27/2019,F,RI08,0.002,4,4,Acanthocyclops sp.,copepodid,15,Cyclopoida,,
Cage Prototypes,DWSC,3/27/2019,F,RI08,0.002,4,4,Acanthocyclops sp.,adult,1,Cyclopoida,,
Cage Prototypes,DWSC,3/27/2019,F,RI08,0.002,4,4,Cyclopoida,copepodid,6,Cyclopoida,,
Cage Prototypes,DWSC,3/27/2019,F,RI08,0.002,4,4,Eucyclops sp.,undetermined,1,Cyclopoida,,
Cage Prototypes,DWSC,3/27/2019,F,RI08,0.002,4,4,Diacyclops thomasi,undetermined,1,Cyclopoida,,
Cage Prototypes,DWSC,3/22/2019,FCCL Control Tank 2,RD54,0.0005,2,6,Eogammarus confervicolus,juvenile,1,Amphipoda,,
Cage Prototypes,DWSC,3/22/2019,FCCL Control Tank 2,RD54,0.0005,2,6,Americorophium spinicorne,juvenile,2,Amphipoda,,
Cage Prototypes,DWSC,3/22/2019,FCCL Control Tank 2,RD54,0.0005,2,6,Pseudodiaptomus forbesi,adult,2,Calanoida,,
Cage Prototypes,DWSC,3/22/2019,FCCL Control Tank 2,RD54,0.0005,2,6,Acanthocyclops sp.,adult,1,Cyclopoida,,
Cage Prototypes,DWSC,3/22/2019,FCCL Control Tank 1,RD35,0.0037,5,5,Eogammarus confervicolus,undetermined,1,Amphipoda,,
Cage Prototypes,DWSC,3/22/2019,FCCL Control Tank 1,RD35,0.0037,5,5,Americorophium sp.,juvenile,1,Amphipoda,,
Cage Prototypes,DWSC,3/22/2019,FCCL Control Tank 1,RD35,0.0037,5,5,Americorophium spinicorne,adult,2,Amphipoda,,
Cage Prototypes,DWSC,3/22/2019,FCCL Control Tank 1,RA96,0.0034,5,6,Eogammarus confervicolus,juvenile,1,Amphipoda,,
Cage Prototypes,DWSC,3/22/2019,FCCL Control Tank 1,RA96,0.0034,5,6,Americorophium sp.,juvenile,1,Amphipoda,,
Cage Prototypes,DWSC,3/22/2019,FCCL Control Tank 1,RA96,0.0034,5,6,Americorophium spinicorne,adult,1,Amphipoda,,
Cage Prototypes,DWSC,3/22/2019,FCCL Control Tank 1,RA96,0.0034,5,6,Acanthocyclops sp.,copepodid,1,Cyclopoida,,
Cage Prototypes,DWSC,3/22/2019,FCCL Control Tank 2,RD45,0.0002,2,6,Americorophium sp.,juvenile,2,Amphipoda,,
Cage Prototypes,DWSC,3/22/2019,FCCL Control Tank 2,RD45,0.0002,2,6,Acanthocyclops sp.,copepodid,1,Cyclopoida,,
Cage Prototypes,DWSC,3/27/2019,F,RI87,0.0025,4,3,Acanthocyclops sp.,copepodid,15,Cyclopoida,,
Cage Prototypes,DWSC,3/27/2019,F,RI87,0.0025,4,3,Acanthocyclops sp.,adult,1,Cyclopoida,,
Cage Prototypes,DWSC,3/27/2019,F,RI87,0.0025,4,3,Cyclopoida,copepodid,17,Cyclopoida,,
Cage Prototypes,DWSC,3/27/2019,F,RI87,0.0025,4,3,Bosmina sp.,undetermined,5,Cladocera,,
Cage Prototypes,DWSC,3/27/2019,F,RI87,0.0025,4,3,Chydorus sp.,undetermined,11,Cladocera,,
Cage Prototypes,DWSC,3/27/2019,F,RI87,0.0025,4,3,Ostracoda,undetermined,1,Ostracoda,,
Cage Prototypes,DWSC,3/27/2019,F,RI87,0.0025,4,3,Chironomidae,larva,1,Diptera,,
Cage Prototypes,DWSC,3/27/2019,F,RI87,0.0025,4,3,Daphnia sp.,undetermined,1,Cladocera,,
Cage Prototypes,DWSC,3/27/2019,F,RI87,0.0025,4,3,Chydoridae,undetermined,2,Cladocera,,
Cage Prototypes,DWSC,3/27/2019,E,RD43,0.0015,4,5,Harpacticoida,adult,2,Harpacticoda,,
Cage Prototypes,DWSC,3/27/2019,E,RD43,0.0015,4,5,Acanthocyclops sp.,copepodid,34,Cyclopoida,,
Cage Prototypes,DWSC,3/27/2019,E,RD43,0.0015,4,5,Acanthocyclops sp.,adult,4,Cyclopoida,,
Cage Prototypes,DWSC,3/27/2019,E,RD43,0.0015,4,5,Cyclopoida,copepodid,14,Cyclopoida,,
Cage Prototypes,DWSC,3/27/2019,E,RD43,0.0015,4,5,Bosmina sp.,undetermined,12,Cladocera,,
Cage Prototypes,DWSC,3/27/2019,E,RD43,0.0015,4,5,Chydorus sp.,undetermined,14,Cladocera,,
Cage Prototypes,DWSC,3/27/2019,E,RD43,0.0015,4,5,Eurytemora affinis,adult,2,Calanoida,,
Cage Prototypes,DWSC,3/27/2019,E,RD43,0.0015,4,5,Eucyclops sp.,undetermined,1,Cyclopoida,,
Cage Prototypes,DWSC,3/27/2019,E,RD43,0.0015,4,5,Ceriodaphnia sp.,undetermined,1,Cladocera,,
Cage Prototypes,DWSC,3/27/2019,F,RH89,0.0004,3,5,Eurytemora affinis,adult,2,Calanoida,,
Cage Prototypes,DWSC,3/27/2019,F,RH89,0.0004,3,5,Bosmina sp.,undetermined,5,Cladocera,,
Cage Prototypes,DWSC,3/27/2019,F,RH89,0.0004,3,5,Chydorus sp.,undetermined,2,Cladocera,,
Cage Prototypes,DWSC,3/27/2019,F,RH89,0.0004,3,5,Ceriodaphnia sp.,undetermined,1,Cladocera,,
Cage Prototypes,DWSC,3/27/2019,F,RH89,0.0004,3,5,Fish,eggs,1,Other,,
Cage Prototypes,DWSC,3/27/2019,F,RH89,0.0004,3,5,Acanthocyclops sp.,adult,1,Cyclopoida,,
Cage Prototypes,DWSC,3/27/2019,F,RH89,0.0004,3,5,Acanthocyclops sp.,copepodid,9,Cyclopoida,,
Cage Prototypes,DWSC,3/27/2019,F,RB51,0.0083,6,5,Acanthocyclops sp.,adult,6,Cyclopoida,,
Cage Prototypes,DWSC,3/27/2019,F,RB51,0.0083,6,5,Acanthocyclops sp.,copepodid,82,Cyclopoida,,
Cage Prototypes,DWSC,3/27/2019,F,RB51,0.0083,6,5,Cyclopoida,copepodid,70,Cyclopoida,,
Cage Prototypes,DWSC,3/27/2019,F,RB51,0.0083,6,5,Bosmina sp.,undetermined,38,Cladocera,,
Cage Prototypes,DWSC,3/27/2019,F,RB51,0.0083,6,5,Chydorus sp.,undetermined,33,Cladocera,,
Cage Prototypes,DWSC,3/27/2019,F,RB51,0.0083,6,5,Daphnia sp.,undetermined,6,Cladocera,,
Cage Prototypes,DWSC,3/27/2019,F,RB51,0.0083,6,5,Ceriodaphnia sp.,undetermined,4,Cladocera,,
Cage Prototypes,DWSC,3/27/2019,F,RB51,0.0083,6,5,Acanthocyclops sp.,adult,1,Cyclopoida,,
Cage Prototypes,DWSC,3/27/2019,F,RB51,0.0083,6,5,Eucyclops sp.,undetermined,4,Cyclopoida,,
Cage Prototypes,DWSC,3/27/2019,F,RB51,0.0083,6,5,Eurytemora affinis,adult,3,Calanoida,,
Cage Prototypes,DWSC,3/27/2019,F,RB51,0.0083,6,5,Eurytemora affinis,adult,2,Calanoida,,
Cage Prototypes,DWSC,3/27/2019,F,RN51,0.0048,5,5,Acanthocyclops sp.,adult,5,Cyclopoida,,
Cage Prototypes,DWSC,3/27/2019,F,RN51,0.0048,5,5,Acanthocyclops sp.,copepodid,67,Cyclopoida,,
Cage Prototypes,DWSC,3/27/2019,F,RN51,0.0048,5,5,Cyclopoida,copepodid,56,Cyclopoida,,
Cage Prototypes,DWSC,3/27/2019,F,RN51,0.0048,5,5,Bosmina sp.,undetermined,17,Cladocera,,
Cage Prototypes,DWSC,3/27/2019,F,RN51,0.0048,5,5,Chydorus sp.,undetermined,15,Cladocera,,
Cage Prototypes,DWSC,3/27/2019,F,RN51,0.0048,5,5,Daphnia sp.,undetermined,3,Cladocera,,
Cage Prototypes,DWSC,3/27/2019,F,RN51,0.0048,5,5,Ceriodaphnia sp.,undetermined,1,Cladocera,,
Cage Prototypes,DWSC,3/27/2019,F,RN51,0.0048,5,5,Scapholeberis sp.,undetermined,1,Cladocera,,
Cage Prototypes,DWSC,3/27/2019,F,RN51,0.0048,5,5,Ostracoda,undetermined,1,Ostracoda,,
Cage Prototypes,DWSC,3/27/2019,F,RN51,0.0048,5,5,Harpacticoida,adult,1,Harpacticoda,,
Cage Prototypes,DWSC,3/27/2019,F,RN51,0.0048,5,5,Eurytemora affinis,adult,5,Calanoida,,
Cage Prototypes,DWSC,3/27/2019,F,RN51,0.0048,5,5,Eurytemora affinis,copepodid,2,Calanoida,,
Cage Prototypes,DWSC,3/27/2019,F,RN51,0.0048,5,5,Diacyclops thomasi,undetermined,3,Cyclopoida,,
Cage Prototypes,DWSC,3/27/2019,F,RN51,0.0048,5,5,Diaptomidae,copepodid,1,Calanoida,,
Cage Prototypes,DWSC,3/27/2019,F,RN51,0.0048,5,5,Calanoida,copepodid,3,Calanoida,,
Cage Prototypes,DWSC,3/27/2019,F,RN51,0.0048,5,5,Chydoridae,undetermined,1,Cladocera,,
Cage Prototypes,DWSC,3/27/2019,F,RB15,0.0047,4,5,Acanthocyclops sp.,adult,2,Cyclopoida,,
Cage Prototypes,DWSC,3/27/2019,F,RB15,0.0047,4,5,Acanthocyclops sp.,copepodid,41,Cyclopoida,,
Cage Prototypes,DWSC,3/27/2019,F,RB15,0.0047,4,5,Cyclopoida,copepodid,20,Cyclopoida,,
Cage Prototypes,DWSC,3/27/2019,F,RB15,0.0047,4,5,Bosmina sp.,undetermined,20,Cladocera,,
Cage Prototypes,DWSC,3/27/2019,F,RB15,0.0047,4,5,Chydorus sp.,undetermined,21,Cladocera,,
Cage Prototypes,DWSC,3/27/2019,F,RB15,0.0047,4,5,Diacyclops thomasi,undetermined,2,Cyclopoida,,
Cage Prototypes,DWSC,3/27/2019,F,RB15,0.0047,4,5,Chydoridae,undetermined,1,Cladocera,,
Cage Prototypes,DWSC,3/27/2019,F,RB15,0.0047,4,5,Eurytemora affinis,adult,2,Calanoida,,
Cage Prototypes,DWSC,3/27/2019,F,RB15,0.0047,4,5,Eurytemora affinis,copepodid,1,Calanoida,,
Cage Prototypes,DWSC,3/27/2019,F,RB15,0.0047,4,5,Daphnia sp.,undetermined,1,Cladocera,,
Cage Prototypes,DWSC,3/27/2019,F,RB15,0.0047,4,5,Ceriodaphnia sp.,undetermined,1,Cladocera,,
Cage Prototypes,DWSC,3/27/2019,F,RB15,0.0047,4,5,Ostracoda,undetermined,2,Ostracoda,,
Cage Prototypes,DWSC,3/27/2019,F,RB15,0.0047,4,5,Chironomidae,larva,1,Diptera,,
Cage Prototypes,DWSC,3/27/2019,F,RG69,0.0032,4,5,Acanthocyclops sp.,adult,6,Cyclopoida,,
Cage Prototypes,DWSC,3/27/2019,F,RG69,0.0032,4,5,Acanthocyclops sp.,copepodid,40,Cyclopoida,,
Cage Prototypes,DWSC,3/27/2019,F,RG69,0.0032,4,5,Cyclopoida,copepodid,13,Cyclopoida,,
Cage Prototypes,DWSC,3/27/2019,F,RG69,0.0032,4,5,Bosmina sp.,undetermined,11,Cladocera,,
Cage Prototypes,DWSC,3/27/2019,F,RG69,0.0032,4,5,Chydorus sp.,undetermined,11,Cladocera,,
Cage Prototypes,DWSC,3/27/2019,F,RG69,0.0032,4,5,Eucyclops sp.,undetermined,1,Cyclopoida,,
Cage Prototypes,DWSC,3/27/2019,F,RG69,0.0032,4,5,Daphnia sp.,undetermined,3,Cladocera,,
Cage Prototypes,DWSC,3/27/2019,F,RG69,0.0032,4,5,Eurytemora affinis,adult,3,Calanoida,,
Cage Prototypes,DWSC,3/27/2019,F,RG69,0.0032,4,5,Calanoida,copepodid,1,Calanoida,,
Cage Prototypes,DWSC,3/27/2019,F,RG69,0.0032,4,5,Ceriodaphnia sp.,undetermined,2,Cladocera,,
Cage Prototypes,DWSC,3/27/2019,E,RN63,0.0036,4,4,Acanthocyclops sp.,adult,39,Cyclopoida,,
Cage Prototypes,DWSC,3/27/2019,E,RN63,0.0036,4,4,Acanthocyclops sp.,copepodid,24,Cyclopoida,,
Cage Prototypes,DWSC,3/27/2019,E,RN63,0.0036,4,4,Cyclopoida,copepodid,9,Cyclopoida,,
Cage Prototypes,DWSC,3/27/2019,E,RN63,0.0036,4,4,Bosmina sp.,undetermined,2,Cladocera,,
Cage Prototypes,DWSC,3/27/2019,E,RN63,0.0036,4,4,Chydorus sp.,undetermined,1,Cladocera,,
Cage Prototypes,DWSC,3/27/2019,E,RN63,0.0036,4,4,Diacyclops thomasi,undetermined,1,Cyclopoida,,
Cage Prototypes,DWSC,3/27/2019,E,RN63,0.0036,4,4,Diaptomidae,adult,1,Calanoida,,
Cage Prototypes,DWSC,3/27/2019,E,RN63,0.0036,4,4,Diaptomidae,copepodid,1,Calanoida,,
Cage Prototypes,DWSC,3/27/2019,E,RN63,0.0036,4,4,Eurytemora affinis,adult,1,Calanoida,,
Cage Prototypes,DWSC,3/27/2019,E,RN63,0.0036,4,4,Calanoida,copepodid,2,Calanoida,,
Cage Prototypes,DWSC,3/27/2019,E,RN63,0.0036,4,4,Ceriodaphnia sp.,undetermined,1,Cladocera,,
Cage Prototypes,DWSC,3/27/2019,E,RA20,0,1,0,empty,,,empty,,
Cage Prototypes,DWSC,3/27/2019,E,RJ34,0.0027,4,5,Acanthocyclops sp.,adult,1,Cyclopoida,~30% of diet was plant detritus,
Cage Prototypes,DWSC,3/27/2019,E,RJ34,0.0027,4,5,Acanthocyclops sp.,copepodid,26,Cyclopoida,,
Cage Prototypes,DWSC,3/27/2019,E,RJ34,0.0027,4,5,Cyclopoida,copepodid,6,Cyclopoida,,
Cage Prototypes,DWSC,3/27/2019,E,RJ34,0.0027,4,5,Bosmina sp.,undetermined,18,Cladocera,,
Cage Prototypes,DWSC,3/27/2019,E,RJ34,0.0027,4,5,Chydorus sp.,undetermined,10,Cladocera,,
Cage Prototypes,DWSC,3/27/2019,E,RJ34,0.0027,4,5,Diacyclops thomasi,undetermined,3,Cyclopoida,,
Cage Prototypes,DWSC,3/27/2019,E,RJ34,0.0027,4,5,Eucyclops sp.,undetermined,1,Cyclopoida,,
Cage Prototypes,DWSC,3/27/2019,E,RJ34,0.0027,4,5,Eurytemora affinis,adult,1,Calanoida,,
Cage Prototypes,DWSC,3/27/2019,E,RJ34,0.0027,4,5,Diaptomidae,adult,1,Calanoida,,
Cage Prototypes,DWSC,3/27/2019,E,RJ34,0.0027,4,5,Daphnia sp.,undetermined,1,Cladocera,,
Cage Prototypes,DWSC,3/27/2019,F,OO73,0.0039,5,5,Acanthocyclops sp.,adult,10,Cyclopoida,,
Cage Prototypes,DWSC,3/27/2019,F,OO73,0.0039,5,5,Acanthocyclops sp.,copepodid,69,Cyclopoida,,
Cage Prototypes,DWSC,3/27/2019,F,OO73,0.0039,5,5,Cyclopoida,copepodid,17,Cyclopoida,,
Cage Prototypes,DWSC,3/27/2019,F,OO73,0.0039,5,5,Bosmina sp.,undetermined,26,Cladocera,,
Cage Prototypes,DWSC,3/27/2019,F,OO73,0.0039,5,5,Chydorus sp.,undetermined,19,Cladocera,,
Cage Prototypes,DWSC,3/27/2019,F,OO73,0.0039,5,5,Diacyclops thomasi,undetermined,8,Cyclopoida,,
Cage Prototypes,DWSC,3/27/2019,F,OO73,0.0039,5,5,Eurytemora affinis,adult,5,Calanoida,,
Cage Prototypes,DWSC,3/27/2019,F,OO73,0.0039,5,5,Eurytemora affinis,copepodid,2,Calanoida,,
Cage Prototypes,DWSC,3/27/2019,F,OO73,0.0039,5,5,Sinocalanus doerrii,adult,1,Calanoida,,
Cage Prototypes,DWSC,3/27/2019,F,OO73,0.0039,5,5,Sinocalanus doerrii,copepodid,1,Calanoida,,
Cage Prototypes,DWSC,3/27/2019,F,OO73,0.0039,5,5,Diaptomidae,adult,2,Calanoida,,
Cage Prototypes,DWSC,3/27/2019,F,OO73,0.0039,5,5,Diaptomidae,copepodid,1,Calanoida,,
Cage Prototypes,DWSC,3/27/2019,F,OO73,0.0039,5,5,Daphnia sp.,undetermined,5,Cladocera,,
Cage Prototypes,DWSC,3/27/2019,F,RF32,0.0022,4,5,Acanthocyclops sp.,adult,2,Cyclopoida,,
Cage Prototypes,DWSC,3/27/2019,F,RF32,0.0022,4,5,Acanthocyclops sp.,copepodid,28,Cyclopoida,,
Cage Prototypes,DWSC,3/27/2019,F,RF32,0.0022,4,5,Cyclopoida,copepodid,9,Cyclopoida,,
Cage Prototypes,DWSC,3/27/2019,F,RF32,0.0022,4,5,Bosmina sp.,undetermined,3,Cladocera,,
Cage Prototypes,DWSC,3/27/2019,F,RF32,0.0022,4,5,Chydorus sp.,undetermined,7,Cladocera,,
Cage Prototypes,DWSC,3/27/2019,F,RF32,0.0022,4,5,Diacyclops thomasi,undetermined,2,Cyclopoida,,
Cage Prototypes,DWSC,3/27/2019,F,RF32,0.0022,4,5,Eucyclops sp.,undetermined,2,Cyclopoida,,
Cage Prototypes,DWSC,3/27/2019,F,RF32,0.0022,4,5,Ostracoda,undetermined,1,Ostracoda,,
Cage Prototypes,DWSC,3/27/2019,F,RF32,0.0022,4,5,Eurytemora affinis,adult,1,Calanoida,,
Cage Prototypes,DWSC,3/27/2019,F,RF32,0.0022,4,5,Ceriodaphnia sp.,undetermined,1,Cladocera,,
Cage Prototypes,DWSC,3/27/2019,F,RN93,0.0052,5,5,Acanthocyclops sp.,adult,13,Cyclopoida,,
Cage Prototypes,DWSC,3/27/2019,F,RN93,0.0052,5,5,Acanthocyclops sp.,copepodid,59,Cyclopoida,,
Cage Prototypes,DWSC,3/27/2019,F,RN93,0.0052,5,5,Cyclopoida,copepodid,19,Cyclopoida,,
Cage Prototypes,DWSC,3/27/2019,F,RN93,0.0052,5,5,Bosmina sp.,undetermined,13,Cladocera,,
Cage Prototypes,DWSC,3/27/2019,F,RN93,0.0052,5,5,Chydorus sp.,undetermined,27,Cladocera,,
Cage Prototypes,DWSC,3/27/2019,F,RN93,0.0052,5,5,Diacyclops thomasi,undetermined,15,Cyclopoida,,
Cage Prototypes,DWSC,3/27/2019,F,RN93,0.0052,5,5,Daphnia sp.,undetermined,5,Cladocera,,
Cage Prototypes,DWSC,3/27/2019,F,RN93,0.0052,5,5,Simocephalus sp.,undetermined,1,Cladocera,,
Cage Prototypes,DWSC,3/27/2019,F,RN93,0.0052,5,5,Chydoridae,undetermined,2,Cladocera,,
Cage Prototypes,DWSC,3/27/2019,F,RN93,0.0052,5,5,Eurytemora affinis,adult,6,Calanoida,,
Cage Prototypes,DWSC,3/27/2019,F,RN93,0.0052,5,5,Eurytemora affinis,copepodid,10,Calanoida,,
Cage Prototypes,DWSC,3/27/2019,F,RN93,0.0052,5,5,Diaptomidae,adult,1,Calanoida,,
Cage Prototypes,DWSC,3/27/2019,F,RN93,0.0052,5,5,Pseudodiaptomus forbesi,adult,1,Calanoida,,
Cage Prototypes,DWSC,3/27/2019,E,OO19,0.003,4,5,Acanthocyclops sp.,adult,3,Cyclopoida,,
Cage Prototypes,DWSC,3/27/2019,E,OO19,0.003,4,5,Acanthocyclops sp.,copepodid,34,Cyclopoida,,
Cage Prototypes,DWSC,3/27/2019,E,OO19,0.003,4,5,Cyclopoida,copepodid,2,Cyclopoida,,
Cage Prototypes,DWSC,3/27/2019,E,OO19,0.003,4,5,Bosmina sp.,undetermined,8,Cladocera,,
Cage Prototypes,DWSC,3/27/2019,E,OO19,0.003,4,5,Chydorus sp.,undetermined,19,Cladocera,,
Cage Prototypes,DWSC,3/27/2019,E,OO19,0.003,4,5,Diacyclops thomasi,undetermined,2,Cyclopoida,,
Cage Prototypes,DWSC,3/27/2019,E,OO19,0.003,4,5,Chydoridae,undetermined,1,Cladocera,,
Cage Prototypes,DWSC,3/27/2019,E,OO19,0.003,4,5,Eurytemora affinis,adult,2,Calanoida,,
Cage Prototypes,DWSC,3/27/2019,E,OO19,0.003,4,5,Eurytemora affinis,copepodid,1,Calanoida,,
Cage Prototypes,DWSC,3/27/2019,E,OO19,0.003,4,5,Eucyclops sp.,undetermined,2,Cyclopoida,,
Cage Prototypes,DWSC,3/27/2019,E,OO19,0.003,4,5,Ceriodaphnia sp.,undetermined,3,Cladocera,,
Cage Prototypes,DWSC,3/27/2019,E,OO19,0.003,4,5,Insecta,adult,2,Other,,
Cage Prototypes,DWSC,3/27/2019,B,RG31,0.0049,5,4,Acanthocyclops sp.,adult,3,Cyclopoida,,
Cage Prototypes,DWSC,3/27/2019,B,RG31,0.0049,5,4,Acanthocyclops sp.,copepodid,29,Cyclopoida,,
Cage Prototypes,DWSC,3/27/2019,B,RG31,0.0049,5,4,Cyclopoida,copepodid,13,Cyclopoida,,
Cage Prototypes,DWSC,3/27/2019,B,RG31,0.0049,5,4,Bosmina sp.,undetermined,8,Cladocera,,
Cage Prototypes,DWSC,3/27/2019,B,RG31,0.0049,5,4,Chydorus sp.,undetermined,20,Cladocera,,
Cage Prototypes,DWSC,3/27/2019,B,RG31,0.0049,5,4,Diacyclops thomasi,undetermined,5,Cyclopoida,,
Cage Prototypes,DWSC,3/27/2019,B,RG31,0.0049,5,4,Ostracoda,undetermined,1,Ostracoda,,
Cage Prototypes,DWSC,3/27/2019,B,RG31,0.0049,5,4,Scapholeberis sp.,undetermined,1,Cladocera,,
Cage Prototypes,DWSC,3/27/2019,B,RG31,0.0049,5,4,Daphnia sp.,undetermined,2,Cladocera,,
Cage Prototypes,DWSC,3/27/2019,B,RG31,0.0049,5,4,Calanoida,copepodid,4,Calanoida,,
Cage Prototypes,DWSC,3/27/2019,B,RG31,0.0049,5,4,Eurytemora affinis,copepodid,1,Calanoida,,
Cage Prototypes,DWSC,3/27/2019,B,RG31,0.0049,5,4,Eucyclops sp.,undetermined,1,Cyclopoida,,
Cage Prototypes,DWSC,3/27/2019,B,RB43,0.0033,4,4,Acanthocyclops sp.,copepodid,19,Cyclopoida,,
Cage Prototypes,DWSC,3/27/2019,B,RB43,0.0033,4,4,Cyclopoida,copepodid,3,Cyclopoida,,
Cage Prototypes,DWSC,3/27/2019,B,RB43,0.0033,4,4,Bosmina sp.,undetermined,1,Cladocera,,
Cage Prototypes,DWSC,3/27/2019,B,RB43,0.0033,4,4,Chydorus sp.,undetermined,1,Cladocera,,
Cage Prototypes,DWSC,3/27/2019,B,RB43,0.0033,4,4,Diacyclops thomasi,undetermined,5,Cyclopoida,,
Cage Prototypes,DWSC,3/27/2019,B,RB43,0.0033,4,4,Eurytemora affinis,adult,3,Calanoida,,
Cage Prototypes,DWSC,3/27/2019,B,RB43,0.0033,4,4,Eurytemora affinis,copepodid,1,Calanoida,,
Cage Prototypes,DWSC,3/27/2019,B,RB43,0.0033,4,4,Sinocalanus doerrii,adult,1,Calanoida,,
Cage Prototypes,DWSC,3/27/2019,B,RB43,0.0033,4,4,Sinocalanus doerrii,copepodid,2,Calanoida,,
Cage Prototypes,DWSC,3/27/2019,B,RB43,0.0033,4,4,Calanoida,copepodid,4,Calanoida,,
Cage Prototypes,DWSC,3/27/2019,C,RN73,0.0015,4,5,Acanthocyclops sp.,adult,2,Cyclopoida,,
Cage Prototypes,DWSC,3/27/2019,C,RN73,0.0015,4,5,Acanthocyclops sp.,copepodid,23,Cyclopoida,,
Cage Prototypes,DWSC,3/27/2019,C,RN73,0.0015,4,5,Cyclopoida,copepodid,5,Cyclopoida,,
Cage Prototypes,DWSC,3/27/2019,C,RN73,0.0015,4,5,Bosmina sp.,undetermined,3,Cladocera,,
Cage Prototypes,DWSC,3/27/2019,C,RN73,0.0015,4,5,Chydorus sp.,undetermined,16,Cladocera,,
Cage Prototypes,DWSC,3/27/2019,C,RN73,0.0015,4,5,Diacyclops thomasi,undetermined,4,Cyclopoida,,
Cage Prototypes,DWSC,3/27/2019,C,RN73,0.0015,4,5,Eurytemora affinis,adult,3,Calanoida,,
Cage Prototypes,DWSC,3/27/2019,C,RN73,0.0015,4,5,Calanoida,copepodid,2,Calanoida,,
Cage Prototypes,DWSC,3/27/2019,C,RN73,0.0015,4,5,Ceriodaphnia sp.,undetermined,1,Cladocera,,
Cage Prototypes,DWSC,3/27/2019,C,OO67,0.003,4,4,Acanthocyclops sp.,adult,3,Cyclopoida,,
Cage Prototypes,DWSC,3/27/2019,C,OO67,0.003,4,4,Acanthocyclops sp.,copepodid,17,Cyclopoida,,
Cage Prototypes,DWSC,3/27/2019,C,OO67,0.003,4,4,Cyclopoida,copepodid,11,Cyclopoida,,
Cage Prototypes,DWSC,3/27/2019,C,OO67,0.003,4,4,Bosmina sp.,undetermined,25,Cladocera,,
Cage Prototypes,DWSC,3/27/2019,C,OO67,0.003,4,4,Chydorus sp.,undetermined,14,Cladocera,,
Cage Prototypes,DWSC,3/27/2019,C,OO67,0.003,4,4,Diacyclops thomasi,undetermined,2,Cyclopoida,,
Cage Prototypes,DWSC,3/27/2019,C,OO67,0.003,4,4,Eurytemora affinis,adult,4,Calanoida,,
Cage Prototypes,DWSC,3/27/2019,C,OO67,0.003,4,4,Eurytemora affinis,copepodid,1,Calanoida,,
Cage Prototypes,DWSC,3/27/2019,C,OO67,0.003,4,4,Calanoida,copepodid,2,Calanoida,,
Cage Prototypes,DWSC,3/27/2019,C,OO67,0.003,4,4,Chydoridae,undetermined,1,Cladocera,,
Cage Prototypes,DWSC,3/27/2019,C,OO67,0.003,4,4,Ceriodaphnia sp.,undetermined,1,Cladocera,,
Cage Prototypes,DWSC,3/27/2019,B,RA25,0.0031,4,4,Acanthocyclops sp.,adult,5,Cyclopoida,,
Cage Prototypes,DWSC,3/27/2019,B,RA25,0.0031,4,4,Acanthocyclops sp.,copepodid,24,Cyclopoida,,
Cage Prototypes,DWSC,3/27/2019,B,RA25,0.0031,4,4,Cyclopoida,copepodid,11,Cyclopoida,,
Cage Prototypes,DWSC,3/27/2019,B,RA25,0.0031,4,4,Bosmina sp.,undetermined,8,Cladocera,,
Cage Prototypes,DWSC,3/27/2019,B,RA25,0.0031,4,4,Chydorus sp.,undetermined,6,Cladocera,,
Cage Prototypes,DWSC,3/27/2019,B,RA25,0.0031,4,4,Eurytemora affinis,adult,3,Calanoida,,
Cage Prototypes,DWSC,3/27/2019,B,RA25,0.0031,4,4,Eurytemora affinis,copepodid,2,Calanoida,,
Cage Prototypes,DWSC,3/27/2019,B,RA25,0.0031,4,4,Eucyclops sp.,undetermined,1,Cyclopoida,,
Cage Prototypes,DWSC,3/27/2019,B,RA25,0.0031,4,4,Diacyclops thomasi,undetermined,1,Cyclopoida,,
Cage Prototypes,DWSC,3/27/2019,B,RA25,0.0031,4,4,Diaptomidae,adult,1,Calanoida,,
Cage Prototypes,DWSC,3/27/2019,B,RA25,0.0031,4,4,Calanoida,copepodid,1,Calanoida,,
Cage Prototypes,DWSC,3/27/2019,B,RA25,0.0031,4,4,Ceriodaphnia sp.,undetermined,1,Cladocera,,
Cage Prototypes,RVR,2/21/2019,FCCL Control,RF37,0.0009,3,4,Americorophium spinicorne,juvenile,1,Amphipoda,,
Cage Prototypes,RVR,2/21/2019,FCCL Control,RF37,0.0009,3,4,Gammaridea,juvenile,4,Amphipoda,,
Cage Prototypes,RVR,2/25/2019,E,RF92,0.002,3,5,Daphnia sp.,undetermined,11,Cladocera,,
Cage Prototypes,RVR,2/25/2019,E,RF92,0.002,3,5,Ceriodaphnia sp.,undetermined,2,Cladocera,,
Cage Prototypes,RVR,2/25/2019,E,RF92,0.002,3,5,Simocephalus sp.,undetermined,1,Cladocera,,
Cage Prototypes,RVR,2/25/2019,E,RF92,0.002,3,5,Acanthocyclops sp.,adult,3,Cyclopoida,,
Cage Prototypes,RVR,2/25/2019,E,RF92,0.002,3,5,Acanthocyclops sp.,copepodid,2,Cyclopoida,,
Cage Prototypes,RVR,2/25/2019,C,OO27,0.003,3,5,Daphnia sp.,undetermined,8,Cladocera,,
Cage Prototypes,RVR,2/25/2019,C,OO27,0.003,3,5,Ceriodaphnia sp.,undetermined,6,Cladocera,,
Cage Prototypes,RVR,2/25/2019,C,OO27,0.003,3,5,Acanthocyclops sp.,adult,11,Cyclopoida,,
Cage Prototypes,RVR,2/25/2019,C,OO27,0.003,3,5,Acanthocyclops sp.,copepodid,11,Cyclopoida,,
Cage Prototypes,RVR,2/25/2019,C,OO27,0.003,3,5,Diaptomidae,copepodid,1,Calanoida,,
Cage Prototypes,RVR,2/25/2019,C,OO27,0.003,3,5,Eucyclops sp.,undetermined,2,Cyclopoida,,
Cage Prototypes,RVR,2/25/2019,D,RK47,0.0019,3,5,Daphnia sp.,undetermined,5,Cladocera,,
Cage Prototypes,RVR,2/25/2019,D,RK47,0.0019,3,5,Ceriodaphnia sp.,undetermined,3,Cladocera,,
Cage Prototypes,RVR,2/25/2019,D,RK47,0.0019,3,5,Acanthocyclops sp.,adult,3,Cyclopoida,,
Cage Prototypes,RVR,2/25/2019,D,RK47,0.0019,3,5,Acanthocyclops sp.,copepodid,6,Cyclopoida,,
Cage Prototypes,RVR,2/25/2019,D,RK47,0.0019,3,5,Diacyclops thomasi,undetermined,1,Cyclopoida,,
Cage Prototypes,RVR,2/25/2019,D,RK47,0.0019,3,5,Diaptomidae,copepodid,1,Calanoida,,
Cage Prototypes,RVR,2/25/2019,D,RC39,0.0049,4,4,Daphnia sp.,undetermined,6,Cladocera,,
Cage Prototypes,RVR,2/25/2019,D,RC39,0.0049,4,4,Ceriodaphnia sp.,undetermined,1,Cladocera,,
Cage Prototypes,RVR,2/25/2019,D,RC39,0.0049,4,4,Simocephalus sp.,undetermined,3,Cladocera,,
Cage Prototypes,RVR,2/25/2019,D,RC39,0.0049,4,4,Acanthocyclops sp.,adult,5,Cyclopoida,,
Cage Prototypes,RVR,2/25/2019,D,RC39,0.0049,4,4,Acanthocyclops sp.,copepodid,1,Cyclopoida,,
Cage Prototypes,RVR,2/25/2019,D,RC39,0.0049,4,4,Ostracoda,undetermined,1,Ostracoda,,
Cage Prototypes,DWSC,5/8/2019,D,RH60,0.0017,3,6,Acanthocyclops sp.,adult,10,Cyclopoida,0.0017,
Cage Prototypes,DWSC,5/8/2019,D,RH60,0.0017,3,6,Acanthocyclops sp.,copepodid,40,Cyclopoida,,
Cage Prototypes,DWSC,5/8/2019,D,RH60,0.0017,3,6,Diacyclops thomasi,undetermined,1,Cyclopoida,,
Cage Prototypes,DWSC,5/8/2019,D,RH60,0.0017,3,6,Eucyclops sp.,undetermined,1,Cyclopoida,,
Cage Prototypes,DWSC,5/8/2019,D,RH60,0.0017,3,6,Eurytemora affinis,adult,3,Calanoida,,
Cage Prototypes,DWSC,5/8/2019,D,RH60,0.0017,3,6,Sinocalanus doerrii,adult,1,Calanoida,,
Cage Prototypes,DWSC,5/8/2019,D,RH60,0.0017,3,6,Bosmina sp.,undetermined,4,Cladocera,,
Cage Prototypes,DWSC,5/8/2019,D,RH60,0.0017,3,6,Ceriodaphnia sp.,undetermined,1,Cladocera,,
Cage Prototypes,DWSC,5/8/2019,D,RH60,0.0017,3,6,Chydorus sp.,undetermined,11,Cladocera,,
Cage Prototypes,DWSC,5/8/2019,D,RH60,0.0017,3,6,Daphnia sp.,undetermined,1,Cladocera,,
Cage Prototypes,DWSC,5/8/2019,D,RH60,0.0017,3,6,Scapholeberis sp.,undetermined,1,Cladocera,,
Cage Prototypes,DWSC,5/8/2019,D,RH60,0.0017,3,6,Simocephalus sp.,undetermined,2,Cladocera,,
Cage Prototypes,DWSC,5/8/2019,D,RH60,0.0017,3,6,Chironomidae,larva,1,Diptera,,
Cage Prototypes,DWSC,3/27/2019,D,RN62,0.0029,4,5,Acanthocyclops sp.,adult,15,Cyclopoida,0.0029,
Cage Prototypes,DWSC,3/27/2019,D,RN62,0.0029,4,5,Acanthocyclops sp.,copepodid,66,Cyclopoida,,
Cage Prototypes,DWSC,3/27/2019,D,RN62,0.0029,4,5,Eucyclops sp.,undetermined,3,Cyclopoida,,
Cage Prototypes,DWSC,3/27/2019,D,RN62,0.0029,4,5,Diacyclops thomasi,undetermined,1,Cyclopoida,,
Cage Prototypes,DWSC,3/27/2019,D,RN62,0.0029,4,5,Harpacticoida,adult,1,Harpacticoda,,
Cage Prototypes,DWSC,3/27/2019,D,RN62,0.0029,4,5,Bosmina sp.,undetermined,14,Cladocera,,
Cage Prototypes,DWSC,3/27/2019,D,RN62,0.0029,4,5,Chydorus sp.,undetermined,12,Cladocera,,
Cage Prototypes,DWSC,3/27/2019,D,RN62,0.0029,4,5,Chironomidae,larva,1,Diptera,,
Cage Prototypes,DWSC,3/27/2019,D,RN62,0.0029,4,5,Cyclopoida,copepodid,17,Cyclopoida,,
Cage Prototypes,DWSC,3/27/2019,D,RN62,0.0029,4,5,Daphnia sp.,undetermined,7,Cladocera,,
Cage Prototypes,DWSC,3/27/2019,D,RN62,0.0029,4,5,Eurytemora affinis,adult,8,Calanoida,,
Cage Prototypes,DWSC,3/27/2019,D,RN62,0.0029,4,5,Sinocalanus doerrii,adult,1,Calanoida,,
Cage Prototypes,DWSC,3/27/2019,D,RN62,0.0029,4,5,Eurytemora affinis,copepodid,1,Calanoida,,
Cage Prototypes,DWSC,3/27/2019,D,RN62,0.0029,4,5,Calanoida,copepodid,2,Calanoida,,
Cage Prototypes,DWSC,3/27/2019,C,RG30,0.0006,3,6,Acanthocyclops sp.,adult,2,Cyclopoida,0.0006,
Cage Prototypes,DWSC,3/27/2019,C,RG30,0.0006,3,6,Acanthocyclops sp.,copepodid,6,Cyclopoida,,
Cage Prototypes,DWSC,3/27/2019,C,RG30,0.0006,3,6,Diacyclops thomasi,undetermined,17,Cyclopoida,,
Cage Prototypes,DWSC,3/27/2019,C,RG30,0.0006,3,6,Daphnia sp.,undetermined,2,Cladocera,,
Cage Prototypes,DWSC,3/27/2019,C,RG30,0.0006,3,6,Bosmina sp.,undetermined,2,Cladocera,,
Cage Prototypes,DWSC,3/27/2019,C,RG30,0.0006,3,6,Simocephalus sp.,undetermined,2,Cladocera,,
Cage Prototypes,DWSC,3/27/2019,C,RG30,0.0006,3,6,Eurytemora affinis,adult,1,Calanoida,,
Cage Prototypes,DWSC,3/27/2019,D,RG05,0.0008,3,6,Chironomidae,adult,1,Diptera,0.0008,
Cage Prototypes,DWSC,3/27/2019,D,RG05,0.0008,3,6,Chydorus sp.,undetermined,7,Cladocera,,
Cage Prototypes,DWSC,3/27/2019,D,RG05,0.0008,3,6,Daphnia sp.,undetermined,2,Cladocera,,
Cage Prototypes,DWSC,3/27/2019,D,RG05,0.0008,3,6,Acanthocyclops sp.,adult,2,Cyclopoida,,
Cage Prototypes,DWSC,3/27/2019,D,RG05,0.0008,3,6,Acanthocyclops sp.,copepodid,31,Cyclopoida,,
Cage Prototypes,DWSC,3/27/2019,D,RG05,0.0008,3,6,Diacyclops thomasi,undetermined,1,Cyclopoida,,
Cage Prototypes,DWSC,3/27/2019,D,RG05,0.0008,3,6,Eurytemora affinis,adult,3,Calanoida,,
Cage Prototypes,DWSC,3/27/2019,D,RI35,0.0027,4,5,Bosmina sp.,undetermined,20,Cladocera,,
Cage Prototypes,DWSC,3/27/2019,D,RI35,0.0027,4,5,Chydorus sp.,undetermined,29,Cladocera,,
Cage Prototypes,DWSC,3/27/2019,D,RI35,0.0027,4,5,Acanthocyclops sp.,adult,1,Cyclopoida,,
Cage Prototypes,DWSC,3/27/2019,D,RI35,0.0027,4,5,Acanthocyclops sp.,copepodid,37,Cyclopoida,,
Cage Prototypes,DWSC,3/27/2019,D,RI35,0.0027,4,5,Diacyclops thomasi,undetermined,2,Cyclopoida,,
Cage Prototypes,DWSC,3/27/2019,D,RI35,0.0027,4,5,Cyclopoida,copepodid,25,Cyclopoida,,
Cage Prototypes,DWSC,3/27/2019,D,RI35,0.0027,4,5,Calanoida,copepodid,14,Calanoida,,
Cage Prototypes,DWSC,3/27/2019,D,RI35,0.0027,4,5,Eurytemora affinis,adult,4,Calanoida,,
Cage Prototypes,DWSC,3/27/2019,D,RI35,0.0027,4,5,Diaptomidae,adult,2,Calanoida,,Skistodiaptomus pallidus
Cage Prototypes,DWSC,3/27/2019,C,OO49,0.0029,3,5,Bosmina sp.,undetermined,17,Cladocera,,
Cage Prototypes,DWSC,3/27/2019,C,OO49,0.0029,3,5,Chydorus sp.,undetermined,20,Cladocera,,
Cage Prototypes,DWSC,3/27/2019,C,OO49,0.0029,3,5,Acanthocyclops sp.,adult,6,Cyclopoida,,
Cage Prototypes,DWSC,3/27/2019,C,OO49,0.0029,3,5,Acanthocyclops sp.,copepodid,49,Cyclopoida,,
Cage Prototypes,DWSC,3/27/2019,C,OO49,0.0029,3,5,Eucyclops sp.,undetermined,2,Cyclopoida,,
Cage Prototypes,DWSC,3/27/2019,C,OO49,0.0029,3,5,Ceriodaphnia sp.,undetermined,3,Cladocera,,
Cage Prototypes,DWSC,3/27/2019,C,OO49,0.0029,3,5,Calanoida,copepodid,2,Calanoida,,
Cage Prototypes,DWSC,3/27/2019,C,OO49,0.0029,3,5,Cyclopoida,copepodid,6,Cyclopoida,,
Cage Prototypes,DWSC,3/27/2019,D,RI89,0.0027,4,5,Bosmina sp.,undetermined,6,Cladocera,,
Cage Prototypes,DWSC,3/27/2019,D,RI89,0.0027,4,5,Chydorus sp.,undetermined,34,Cladocera,,
Cage Prototypes,DWSC,3/27/2019,D,RI89,0.0027,4,5,Scapholeberis sp.,undetermined,2,Cladocera,,
Cage Prototypes,DWSC,3/27/2019,D,RI89,0.0027,4,5,Daphnia sp.,undetermined,2,Cladocera,,
Cage Prototypes,DWSC,3/27/2019,D,RI89,0.0027,4,5,Americorophium sp.,juvenile,1,Amphipoda,,
Cage Prototypes,DWSC,3/27/2019,D,RI89,0.0027,4,5,Acanthocyclops sp.,adult,17,Cyclopoida,,
Cage Prototypes,DWSC,3/27/2019,D,RI89,0.0027,4,5,Acanthocyclops sp.,copepodid,91,Cyclopoida,,
Cage Prototypes,DWSC,3/27/2019,D,RI89,0.0027,4,5,Diacyclops thomasi,undetermined,1,Cyclopoida,,
Cage Prototypes,DWSC,3/27/2019,D,RI89,0.0027,4,5,Cyclopoida,copepodid,28,Cyclopoida,,
Cage Prototypes,DWSC,3/27/2019,D,RI89,0.0027,4,5,Eurytemora affinis,adult,3,Calanoida,,
Cage Prototypes,DWSC,3/27/2019,D,RI89,0.0027,4,5,Eurytemora affinis,copepodid,6,Calanoida,,
Cage Prototypes,DWSC,3/27/2019,E,RL96,0.0009,3,5,Chydorus sp.,undetermined,1,Cladocera,,
Cage Prototypes,DWSC,3/27/2019,E,RL96,0.0009,3,5,Chironomidae,larva,1,Diptera,,
Cage Prototypes,DWSC,3/27/2019,E,RL96,0.0009,3,5,Daphnia sp.,undetermined,1,Cladocera,,
Cage Prototypes,DWSC,3/27/2019,E,RL96,0.0009,3,5,Diacyclops thomasi,undetermined,2,Cyclopoida,,
Cage Prototypes,DWSC,3/27/2019,E,RL96,0.0009,3,5,Acanthocyclops sp.,adult,3,Cyclopoida,,
Cage Prototypes,DWSC,3/27/2019,E,RL96,0.0009,3,5,Acanthocyclops sp.,copepodid,29,Cyclopoida,,
Cage Prototypes,DWSC,3/27/2019,E,RL96,0.0009,3,5,Calanoida,copepodid,3,Calanoida,,
Cage Prototypes,DWSC,3/27/2019,E,RL96,0.0009,3,5,Eurytemora affinis,adult,3,Calanoida,,
Cage Prototypes,DWSC,3/27/2019,E,RL96,0.0009,3,5,Diaptomidae,adult,1,Calanoida,,Hesperodiaptomus franciscanus male
Cage Prototypes,DWSC,3/27/2019,E,RH18,0.0015,3,5,Chydorus sp.,undetermined,16,Cladocera,,
Cage Prototypes,DWSC,3/27/2019,E,RH18,0.0015,3,5,Bosmina sp.,undetermined,7,Cladocera,,
Cage Prototypes,DWSC,3/27/2019,E,RH18,0.0015,3,5,Simocephalus sp.,undetermined,4,Cladocera,,
Cage Prototypes,DWSC,3/27/2019,E,RH18,0.0015,3,5,Diacyclops thomasi,undetermined,11,Cyclopoida,,
Cage Prototypes,DWSC,3/27/2019,E,RH18,0.0015,3,5,Acanthocyclops sp.,copepodid,49,Cyclopoida,,
Cage Prototypes,DWSC,3/27/2019,E,RH18,0.0015,3,5,Acanthocyclops sp.,adult,4,Cyclopoida,,
Cage Prototypes,DWSC,3/27/2019,E,RH18,0.0015,3,5,Cyclopoida,copepodid,9,Cyclopoida,,
Cage Prototypes,DWSC,3/27/2019,E,RH18,0.0015,3,5,Diaptomidae,copepodid,1,Calanoida,,
Cage Prototypes,DWSC,3/27/2019,E,RH18,0.0015,3,5,Eurytemora affinis,adult,2,Calanoida,,
Cage Prototypes,DWSC,3/27/2019,E,RH18,0.0015,3,5,Eurytemora affinis,copepodid,4,Calanoida,,
Cage Prototypes,DWSC,3/27/2019,D,RG08,0.0013,3,5,Bosmina sp.,undetermined,2,Cladocera,,
Cage Prototypes,DWSC,3/27/2019,D,RG08,0.0013,3,5,Chydorus sp.,undetermined,1,Cladocera,,
Cage Prototypes,DWSC,3/27/2019,D,RG08,0.0013,3,5,Acanthocyclops sp.,adult,10,Cyclopoida,,
Cage Prototypes,DWSC,3/27/2019,D,RG08,0.0013,3,5,Acanthocyclops sp.,copepodid,13,Cyclopoida,,
Cage Prototypes,DWSC,3/27/2019,D,RG08,0.0013,3,5,Diacyclops thomasi,undetermined,1,Cyclopoida,,
Cage Prototypes,DWSC,3/27/2019,D,RG08,0.0013,3,5,Eurytemora affinis,copepodid,2,Calanoida,,
Cage Prototypes,DWSC,3/27/2019,D,RF14,0.0014,3,5,Bosmina sp.,undetermined,9,Cladocera,,
Cage Prototypes,DWSC,3/27/2019,D,RF14,0.0014,3,5,Chydorus sp.,undetermined,2,Cladocera,,
Cage Prototypes,DWSC,3/27/2019,D,RF14,0.0014,3,5,Acanthocyclops sp.,adult,8,Cyclopoida,,
Cage Prototypes,DWSC,3/27/2019,D,RF14,0.0014,3,5,Acanthocyclops sp.,copepodid,1,Cyclopoida,,
Cage Prototypes,DWSC,3/27/2019,D,RF14,0.0014,3,5,Diacyclops thomasi,undetermined,10,Cyclopoida,,
Cage Prototypes,DWSC,3/27/2019,D,RF14,0.0014,3,5,Eurycercus sp.,undetermined,1,Cladocera,,
Cage Prototypes,DWSC,3/27/2019,D,RF14,0.0014,3,5,Eurytemora affinis,adult,4,Calanoida,,
Cage Prototypes,DWSC,3/27/2019,D,RF14,0.0014,3,5,Cyclopoida,copepodid,12,Cyclopoida,,
Cage Prototypes,DWSC,3/27/2019,D,OO04,0.0011,2,5,Daphnia sp.,undetermined,5,Cladocera,,
Cage Prototypes,DWSC,3/27/2019,D,OO04,0.0011,2,5,Acanthocyclops sp.,adult,4,Cyclopoida,,
Cage Prototypes,DWSC,3/27/2019,D,OO04,0.0011,2,5,Acanthocyclops sp.,copepodid,14,Cyclopoida,,
Cage Prototypes,DWSC,3/27/2019,D,OO04,0.0011,2,5,Diacyclops thomasi,undetermined,1,Cyclopoida,,
Cage Prototypes,DWSC,3/27/2019,D,OO04,0.0011,2,5,Calanoida,copepodid,1,Calanoida,,
Cage Prototypes,DWSC,3/27/2019,E,RL96,0.0009,3,5,Chydorus sp.,undetermined,1,Cladocera,,
Cage Prototypes,DWSC,3/27/2019,E,RL96,0.0009,3,5,Chironomidae,larva,1,Diptera,,
Cage Prototypes,DWSC,3/27/2019,E,RL96,0.0009,3,5,Daphnia sp.,undetermined,1,Cladocera,,
Cage Prototypes,DWSC,3/27/2019,E,RL96,0.0009,3,5,Diacyclops thomasi,undetermined,2,Cyclopoida,,
Cage Prototypes,DWSC,3/27/2019,E,RL96,0.0009,3,5,Acanthocyclops sp.,adult,3,Cyclopoida,,
Cage Prototypes,DWSC,3/27/2019,E,RL96,0.0009,3,5,Acanthocyclops sp.,copepodid,29,Cyclopoida,,
Cage Prototypes,DWSC,3/27/2019,E,RL96,0.0009,3,5,Calanoida,copepodid,3,Calanoida,,
Cage Prototypes,DWSC,3/27/2019,E,RL96,0.0009,3,5,Eurytemora affinis,adult,3,Calanoida,,
Cage Prototypes,DWSC,3/27/2019,E,RL96,0.0009,3,5,Diaptomidae,adult,1,Calanoida,,Hesperodiaptomus franciscanus male
Cage Prototypes,DWSC,3/27/2019,E,RH18,0.0015,3,5,Chydorus sp.,undetermined,16,Cladocera,,
Cage Prototypes,DWSC,3/27/2019,E,RH18,0.0015,3,5,Bosmina sp.,undetermined,7,Cladocera,,
Cage Prototypes,DWSC,3/27/2019,E,RH18,0.0015,3,5,Simocephalus sp.,undetermined,4,Cladocera,,
Cage Prototypes,DWSC,3/27/2019,E,RH18,0.0015,3,5,Diacyclops thomasi,undetermined,11,Cyclopoida,,
Cage Prototypes,DWSC,3/27/2019,E,RH18,0.0015,3,5,Acanthocyclops sp.,adult,49,Cyclopoida,,
Cage Prototypes,DWSC,3/27/2019,E,RH18,0.0015,3,5,Acanthocyclops sp.,copepodid,4,Cyclopoida,,
Cage Prototypes,DWSC,3/27/2019,E,RH18,0.0015,3,5,Cyclopoida,copepodid,9,Cyclopoida,,
Cage Prototypes,DWSC,3/27/2019,E,RH18,0.0015,3,5,Diaptomidae,copepodid,1,Calanoida,,
Cage Prototypes,DWSC,3/27/2019,E,RH18,0.0015,3,5,Eurytemora affinis,adult,2,Calanoida,,
Cage Prototypes,DWSC,3/27/2019,E,RH18,0.0015,3,5,Eurytemora affinis,copepodid,4,Calanoida,,
Cage Prototypes,DWSC,3/27/2019,C,RC11,0.0007,3,5,Bivalvia,juvenile,1,Other,,
Cage Prototypes,DWSC,3/27/2019,C,RC11,0.0007,3,5,Acanthocyclops sp.,adult,3,Cyclopoida,,
Cage Prototypes,DWSC,3/27/2019,C,RC11,0.0007,3,5,Acanthocyclops sp.,copepodid,17,Cyclopoida,,
Cage Prototypes,DWSC,3/27/2019,C,RC11,0.0007,3,5,Eurytemora affinis,adult,1,Calanoida,,
Cage Prototypes,DWSC,3/27/2019,C,RC11,0.0007,3,5,Bosmina sp.,undetermined,1,Cladocera,,
Cage Prototypes,DWSC,3/27/2019,C,RC11,0.0007,3,5,Chydorus sp.,undetermined,3,Cladocera,,
Cage Prototypes,DWSC,3/27/2019,C,RC11,0.0007,3,5,Diaptomidae,adult,1,Calanoida,,
Cage Prototypes,DWSC,3/27/2019,C,RC11,0.0007,3,5,Calanoida,copepodid,2,Calanoida,,
Cage Prototypes,DWSC,3/27/2019,C,RC11,0.0007,3,5,Cyclopoida,copepodid,7,Cyclopoida,,
Cage Prototypes,DWSC,3/27/2019,C,RJ54,0.0032,5,5,Ceriodaphnia sp.,undetermined,3,Cladocera,,
Cage Prototypes,DWSC,3/27/2019,C,RJ54,0.0032,5,5,Daphnia sp.,undetermined,4,Cladocera,,
Cage Prototypes,DWSC,3/27/2019,C,RJ54,0.0032,5,5,Eucyclops sp.,undetermined,2,Cyclopoida,,
Cage Prototypes,DWSC,3/27/2019,C,RJ54,0.0032,5,5,Diacyclops thomasi,undetermined,3,Cyclopoida,,
Cage Prototypes,DWSC,3/27/2019,C,RJ54,0.0032,5,5,Calanoida,copepodid,9,Calanoida,,
Cage Prototypes,DWSC,3/27/2019,C,RJ54,0.0032,5,5,Cyclopoida,copepodid,10,Cyclopoida,,
Cage Prototypes,DWSC,3/27/2019,C,RJ54,0.0032,5,5,Acanthocyclops sp.,adult,7,Cyclopoida,,
Cage Prototypes,DWSC,3/27/2019,C,RJ54,0.0032,5,5,Acanthocyclops sp.,copepodid,78,Cyclopoida,,
Cage Prototypes,DWSC,3/27/2019,C,RJ54,0.0032,5,5,Eurytemora affinis,adult,4,Calanoida,,
Cage Prototypes,DWSC,3/27/2019,C,RJ54,0.0032,5,5,Eurytemora affinis,copepodid,5,Calanoida,,
Cage Prototypes,DWSC,3/27/2019,C,RJ54,0.0032,5,5,Sinocalanus doerrii,adult,1,Calanoida,,
Cage Prototypes,DWSC,3/27/2019,C,RJ54,0.0032,5,5,Bosmina sp.,undetermined,15,Cladocera,,
Cage Prototypes,DWSC,3/27/2019,C,RJ54,0.0032,5,5,Chydorus sp.,undetermined,17,Cladocera,,
Cage Prototypes,DWSC,3/27/2019,E,RI67,0.0009,3,5,Bosmina sp.,undetermined,3,Cladocera,,
Cage Prototypes,DWSC,3/27/2019,E,RI67,0.0009,3,5,Chydorus sp.,undetermined,13,Cladocera,,
Cage Prototypes,DWSC,3/27/2019,E,RI67,0.0009,3,5,Ceriodaphnia sp.,undetermined,1,Cladocera,,
Cage Prototypes,DWSC,3/27/2019,E,RI67,0.0009,3,5,Leydigia sp.,undetermined,1,Cladocera,,
Cage Prototypes,DWSC,3/27/2019,E,RI67,0.0009,3,5,Acanthocyclops sp.,adult,7,Cyclopoida,,
Cage Prototypes,DWSC,3/27/2019,E,RI67,0.0009,3,5,Acanthocyclops sp.,copepodid,46,Cyclopoida,,
Cage Prototypes,DWSC,3/27/2019,E,RI67,0.0009,3,5,Diacyclops thomasi,undetermined,4,Cyclopoida,,
Cage Prototypes,DWSC,3/27/2019,E,RI67,0.0009,3,5,Eucyclops sp.,undetermined,3,Cyclopoida,,
Cage Prototypes,DWSC,3/27/2019,E,RI67,0.0009,3,5,Cyclopoida,copepodid,10,Cyclopoida,,
Cage Prototypes,DWSC,3/27/2019,E,RI67,0.0009,3,5,Eurytemora affinis,adult,1,Calanoida,,
Cage Prototypes,DWSC,3/27/2019,E,OO66,0.0022,4,5,Chydorus sp.,undetermined,20,Cladocera,,
Cage Prototypes,DWSC,3/27/2019,E,OO66,0.0022,4,5,Bosmina sp.,undetermined,16,Cladocera,,
Cage Prototypes,DWSC,3/27/2019,E,OO66,0.0022,4,5,Daphnia sp.,undetermined,3,Cladocera,,
Cage Prototypes,DWSC,3/27/2019,E,OO66,0.0022,4,5,Simocephalus sp.,undetermined,5,Cladocera,,
Cage Prototypes,DWSC,3/27/2019,E,OO66,0.0022,4,5,Chironomidae,larva,1,Diptera,,
Cage Prototypes,DWSC,3/27/2019,E,OO66,0.0022,4,5,Cyclopoida,copepodid,9,Cyclopoida,,
Cage Prototypes,DWSC,3/27/2019,E,OO66,0.0022,4,5,Diacyclops thomasi,undetermined,7,Cyclopoida,,
Cage Prototypes,DWSC,3/27/2019,E,OO66,0.0022,4,5,Acanthocyclops sp.,adult,12,Cyclopoida,,
Cage Prototypes,DWSC,3/27/2019,E,OO66,0.0022,4,5,Acanthocyclops sp.,copepodid,51,Cyclopoida,,
Cage Prototypes,DWSC,3/27/2019,E,OO66,0.0022,4,5,Eurytemora affinis,adult,5,Calanoida,,
Cage Prototypes,DWSC,3/27/2019,E,OO66,0.0022,4,5,Eurytemora affinis,copepodid,6,Calanoida,,
Cage Prototypes,DWSC,3/27/2019,E,OO66,0.0022,4,5,Diaptomidae,adult,2,Calanoida,,
Cage Prototypes,DWSC,3/27/2019,E,OO66,0.0022,4,5,Sinocalanus doerrii,adult,1,Calanoida,,
Cage Prototypes,DWSC,3/27/2019,C,OO25,0.0022,3,5,Diacyclops thomasi,undetermined,12,Cyclopoida,,
Cage Prototypes,DWSC,3/27/2019,C,OO25,0.0022,3,5,Daphnia sp.,undetermined,5,Cladocera,,
Cage Prototypes,DWSC,3/27/2019,C,OO25,0.0022,3,5,Ceriodaphnia sp.,undetermined,1,Cladocera,,
Cage Prototypes,DWSC,3/27/2019,C,OO25,0.0022,3,5,Cyclopoida,copepodid,15,Cyclopoida,,
Cage Prototypes,DWSC,3/27/2019,C,OO25,0.0022,3,5,Calanoida,copepodid,11,Calanoida,,
Cage Prototypes,DWSC,3/27/2019,C,OO25,0.0022,3,5,Acanthocyclops sp.,adult,12,Cyclopoida,,
Cage Prototypes,DWSC,3/27/2019,C,OO25,0.0022,3,5,Acanthocyclops sp.,copepodid,52,Cyclopoida,,
Cage Prototypes,DWSC,3/27/2019,C,OO25,0.0022,3,5,Eurytemora affinis,adult,5,Calanoida,,
Cage Prototypes,DWSC,3/27/2019,C,OO25,0.0022,3,5,Eurytemora affinis,copepodid,2,Calanoida,,
Cage Prototypes,DWSC,3/27/2019,C,OO25,0.0022,3,5,Sinocalanus doerrii,copepodid,3,Calanoida,,
Cage Prototypes,DWSC,3/27/2019,C,OO25,0.0022,3,5,Bosmina sp.,undetermined,17,Cladocera,,
Cage Prototypes,DWSC,3/27/2019,C,OO25,0.0022,3,5,Chydorus sp.,undetermined,13,Cladocera,,
Cage Prototypes,DWSC,3/27/2019,C,OO25,0.0022,3,5,Halicyclops sp.,undetermined,3,Cyclopoida,,
Cage Prototypes,DWSC,3/27/2019,C,RK31,0.0035,5,5,Daphnia sp.,undetermined,8,Cladocera,,
Cage Prototypes,DWSC,3/27/2019,C,RK31,0.0035,5,5,Diacyclops thomasi,undetermined,14,Cyclopoida,,
Cage Prototypes,DWSC,3/27/2019,C,RK31,0.0035,5,5,Simocephalus sp.,undetermined,1,Cladocera,,
Cage Prototypes,DWSC,3/27/2019,C,RK31,0.0035,5,5,Halicyclops sp.,undetermined,1,Cyclopoida,,
Cage Prototypes,DWSC,3/27/2019,C,RK31,0.0035,5,5,Cyclopoida,copepodid,9,Cyclopoida,,
Cage Prototypes,DWSC,3/27/2019,C,RK31,0.0035,5,5,Calanoida,copepodid,1,Calanoida,,
Cage Prototypes,DWSC,3/27/2019,C,RK31,0.0035,5,5,Acanthocyclops sp.,adult,7,Cyclopoida,,
Cage Prototypes,DWSC,3/27/2019,C,RK31,0.0035,5,5,Acanthocyclops sp.,copepodid,77,Cyclopoida,,
Cage Prototypes,DWSC,3/27/2019,C,RK31,0.0035,5,5,Eurytemora affinis,adult,12,Calanoida,,
Cage Prototypes,DWSC,3/27/2019,C,RK31,0.0035,5,5,Eurytemora affinis,copepodid,13,Calanoida,,
Cage Prototypes,DWSC,3/27/2019,C,RK31,0.0035,5,5,Sinocalanus doerrii,adult,3,Calanoida,,
Cage Prototypes,DWSC,3/27/2019,C,RK31,0.0035,5,5,Sinocalanus doerrii,copepodid,4,Calanoida,,
Cage Prototypes,DWSC,3/27/2019,C,RK31,0.0035,5,5,Bosmina sp.,undetermined,22,Cladocera,,
Cage Prototypes,DWSC,3/27/2019,C,RK31,0.0035,5,5,Chydorus sp.,undetermined,17,Cladocera,,
Cage Prototypes,DWSC,3/27/2019,B,RN05,0.0024,3,5,Scapholeberis sp.,undetermined,1,Cladocera,,
Cage Prototypes,DWSC,3/27/2019,B,RN05,0.0024,3,5,Eucyclops sp.,undetermined,2,Cyclopoida,,
Cage Prototypes,DWSC,3/27/2019,B,RN05,0.0024,3,5,Pseudodiaptomus forbesi,adult,1,Calanoida,,
Cage Prototypes,DWSC,3/27/2019,B,RN05,0.0024,3,5,Ostracoda,undetermined,1,Ostracoda,,
Cage Prototypes,DWSC,3/27/2019,B,RN05,0.0024,3,5,Hemiptera,nymph,1,Other,,
Cage Prototypes,DWSC,3/27/2019,B,RN05,0.0024,3,5,Harpacticoida,adult,1,Harpacticoda,,
Cage Prototypes,DWSC,3/27/2019,B,RN05,0.0024,3,5,Acanthocyclops sp.,adult,3,Cyclopoida,,
Cage Prototypes,DWSC,3/27/2019,B,RN05,0.0024,3,5,Acanthocyclops sp.,copepodid,54,Cyclopoida,,
Cage Prototypes,DWSC,3/27/2019,B,RN05,0.0024,3,5,Eurytemora affinis,adult,3,Calanoida,,
Cage Prototypes,DWSC,3/27/2019,B,RN05,0.0024,3,5,Eurytemora affinis,copepodid,2,Calanoida,,
Cage Prototypes,DWSC,3/27/2019,B,RN05,0.0024,3,5,Sinocalanus doerrii,adult,2,Calanoida,,
Cage Prototypes,DWSC,3/27/2019,B,RN05,0.0024,3,5,Sinocalanus doerrii,copepodid,2,Calanoida,,
Cage Prototypes,DWSC,3/27/2019,B,RN05,0.0024,3,5,Bosmina sp.,undetermined,15,Cladocera,,
Cage Prototypes,DWSC,3/27/2019,B,RN05,0.0024,3,5,Chydorus sp.,undetermined,19,Cladocera,,
Cage Prototypes,DWSC,3/27/2019,B,RN05,0.0024,3,5,Calanoida,copepodid,7,Calanoida,,
Cage Prototypes,DWSC,3/27/2019,B,RN05,0.0024,3,5,Cyclopoida,copepodid,13,Cyclopoida,,
Cage Prototypes,DWSC,3/27/2019,B,RN05,0.0024,3,5,Daphnia sp.,undetermined,3,Cladocera,,
Cage Prototypes,DWSC,3/27/2019,B,RN05,0.0024,3,5,Diacyclops thomasi,undetermined,8,Cyclopoida,,
Cage Prototypes,DWSC,3/27/2019,B,RA21,0.0012,3,5,Ceriodaphnia sp.,undetermined,1,Cladocera,,
Cage Prototypes,DWSC,3/27/2019,B,RA21,0.0012,3,5,Hyallela azteca,undetermined,1,Amphipoda,,
Cage Prototypes,DWSC,3/27/2019,B,RA21,0.0012,3,5,Acanthocyclops sp.,copepodid,8,Cyclopoida,,
Cage Prototypes,DWSC,3/27/2019,B,RA21,0.0012,3,5,Eurytemora affinis,copepodid,1,Calanoida,,
Cage Prototypes,DWSC,3/27/2019,B,RA21,0.0012,3,5,Calanoida,copepodid,1,Calanoida,,
Cage Prototypes,DWSC,3/27/2019,B,RA21,0.0012,3,5,Cyclopoida,copepodid,2,Cyclopoida,,
Cage Prototypes,DWSC,3/27/2019,B,RA21,0.0012,3,5,Daphnia sp.,undetermined,3,Cladocera,,
Cage Prototypes,DWSC,3/27/2019,B,RA21,0.0012,3,5,Diacyclops thomasi,undetermined,7,Cyclopoida,,
Cage Prototypes,DWSC,3/27/2019,C,RC75,0.0032,5,5,Scapholeberis sp.,undetermined,1,Cladocera,,
Cage Prototypes,DWSC,3/27/2019,C,RC75,0.0032,5,5,Simocephalus sp.,undetermined,1,Cladocera,,
Cage Prototypes,DWSC,3/27/2019,C,RC75,0.0032,5,5,Diaptomidae,adult,1,Calanoida,,
Cage Prototypes,DWSC,3/27/2019,C,RC75,0.0032,5,5,Chironomidae,adult,1,Diptera,,
Cage Prototypes,DWSC,3/27/2019,C,RC75,0.0032,5,5,Acanthocyclops sp.,adult,9,Cyclopoida,,
Cage Prototypes,DWSC,3/27/2019,C,RC75,0.0032,5,5,Acanthocyclops sp.,copepodid,56,Cyclopoida,,
Cage Prototypes,DWSC,3/27/2019,C,RC75,0.0032,5,5,Eurytemora affinis,adult,2,Calanoida,,
Cage Prototypes,DWSC,3/27/2019,C,RC75,0.0032,5,5,Eurytemora affinis,copepodid,1,Calanoida,,
Cage Prototypes,DWSC,3/27/2019,C,RC75,0.0032,5,5,Sinocalanus doerrii,adult,4,Calanoida,,
Cage Prototypes,DWSC,3/27/2019,C,RC75,0.0032,5,5,Sinocalanus doerrii,copepodid,1,Calanoida,,
Cage Prototypes,DWSC,3/27/2019,C,RC75,0.0032,5,5,Bosmina sp.,undetermined,15,Cladocera,,
Cage Prototypes,DWSC,3/27/2019,C,RC75,0.0032,5,5,Chydorus sp.,undetermined,27,Cladocera,,
Cage Prototypes,DWSC,3/27/2019,C,RC75,0.0032,5,5,Cyclopoida,copepodid,7,Cyclopoida,,
Cage Prototypes,DWSC,3/27/2019,C,RC75,0.0032,5,5,Daphnia sp.,undetermined,3,Cladocera,,
Cage Prototypes,DWSC,3/27/2019,C,RC75,0.0032,5,5,Diacyclops thomasi,undetermined,5,Cyclopoida,,
Cage Prototypes,DWSC,3/27/2019,B,RK94,0.0016,3,5,Diaptomidae,copepodid,1,Calanoida,,
Cage Prototypes,DWSC,3/27/2019,B,RK94,0.0016,3,5,Simocephalus sp.,undetermined,1,Cladocera,,
Cage Prototypes,DWSC,3/27/2019,B,RK94,0.0016,3,5,Eurytemora affinis,nauplius,1,Calanoida,,
Cage Prototypes,DWSC,3/27/2019,B,RK94,0.0016,3,5,Acanthocyclops sp.,adult,3,Cyclopoida,,
Cage Prototypes,DWSC,3/27/2019,B,RK94,0.0016,3,5,Acanthocyclops sp.,copepodid,40,Cyclopoida,,
Cage Prototypes,DWSC,3/27/2019,B,RK94,0.0016,3,5,Eurytemora affinis,adult,1,Calanoida,,
Cage Prototypes,DWSC,3/27/2019,B,RK94,0.0016,3,5,Sinocalanus doerrii,adult,1,Calanoida,,
Cage Prototypes,DWSC,3/27/2019,B,RK94,0.0016,3,5,Sinocalanus doerrii,copepodid,3,Calanoida,,
Cage Prototypes,DWSC,3/27/2019,B,RK94,0.0016,3,5,Bosmina sp.,undetermined,4,Cladocera,,
Cage Prototypes,DWSC,3/27/2019,B,RK94,0.0016,3,5,Chydorus sp.,undetermined,8,Cladocera,,
Cage Prototypes,DWSC,3/27/2019,B,RK94,0.0016,3,5,Calanoida,copepodid,2,Calanoida,,
Cage Prototypes,DWSC,3/27/2019,B,RK94,0.0016,3,5,Cyclopoida,copepodid,9,Cyclopoida,,
Cage Prototypes,DWSC,3/27/2019,B,RK94,0.0016,3,5,Daphnia sp.,undetermined,2,Cladocera,,
Cage Prototypes,DWSC,3/27/2019,B,RK94,0.0016,3,5,Diacyclops thomasi,undetermined,3,Cyclopoida,,
Cage Prototypes,DWSC,3/27/2019,B,OO98,0.0056,4,5,Ceriodaphnia sp.,undetermined,2,Cladocera,,
Cage Prototypes,DWSC,3/27/2019,B,OO98,0.0056,4,5,Diaptomidae,adult,2,Calanoida,,
Cage Prototypes,DWSC,3/27/2019,B,OO98,0.0056,4,5,Americorophium sp.,juvenile,1,Amphipoda,,
Cage Prototypes,DWSC,3/27/2019,B,OO98,0.0056,4,5,Acanthocyclops sp.,adult,1,Cyclopoida,,
Cage Prototypes,DWSC,3/27/2019,B,OO98,0.0056,4,5,Acanthocyclops sp.,copepodid,14,Cyclopoida,,
Cage Prototypes,DWSC,3/27/2019,B,OO98,0.0056,4,5,Eurytemora affinis,adult,3,Calanoida,,
Cage Prototypes,DWSC,3/27/2019,B,OO98,0.0056,4,5,Eurytemora affinis,copepodid,1,Calanoida,,
Cage Prototypes,DWSC,3/27/2019,B,OO98,0.0056,4,5,Bosmina sp.,undetermined,2,Cladocera,,
Cage Prototypes,DWSC,3/27/2019,B,OO98,0.0056,4,5,Chydorus sp.,undetermined,3,Cladocera,,
Cage Prototypes,DWSC,3/27/2019,B,OO98,0.0056,4,5,Calanoida,copepodid,1,Calanoida,,
Cage Prototypes,DWSC,3/27/2019,B,OO98,0.0056,4,5,Cyclopoida,copepodid,3,Cyclopoida,,
Cage Prototypes,DWSC,3/27/2019,B,OO98,0.0056,4,5,Daphnia sp.,undetermined,3,Cladocera,,
Cage Prototypes,DWSC,3/27/2019,B,OO98,0.0056,4,5,Diacyclops thomasi,undetermined,3,Cyclopoida,,
Cage Prototypes,DWSC,3/27/2019,B,RL24,0.0009,3,5,Acanthocyclops sp.,adult,1,Cyclopoida,,
Cage Prototypes,DWSC,3/27/2019,B,RL24,0.0009,3,5,Acanthocyclops sp.,copepodid,23,Cyclopoida,,
Cage Prototypes,DWSC,3/27/2019,B,RL24,0.0009,3,5,Sinocalanus doerrii,adult,1,Calanoida,,
Cage Prototypes,DWSC,3/27/2019,B,RL24,0.0009,3,5,Sinocalanus doerrii,copepodid,3,Calanoida,,
Cage Prototypes,DWSC,3/27/2019,B,RL24,0.0009,3,5,Bosmina sp.,undetermined,6,Cladocera,,
Cage Prototypes,DWSC,3/27/2019,B,RL24,0.0009,3,5,Chydorus sp.,undetermined,7,Cladocera,,
Cage Prototypes,DWSC,3/27/2019,B,RL24,0.0009,3,5,Daphnia sp.,undetermined,4,Cladocera,,
Cage Prototypes,DWSC,3/27/2019,B,RL24,0.0009,3,5,Diacyclops thomasi,undetermined,6,Cyclopoida,,
Cage Prototypes,DWSC,3/27/2019,B,RL24,0.0009,3,5,Calanoida,copepodid,11,Calanoida,,
Cage Prototypes,DWSC,3/27/2019,B,RL24,0.0009,3,5,Cyclopoida,copepodid,8,Cyclopoida,,
Cage Prototypes,DWSC,3/27/2019,B,RD85,0.0019,4,5,Ostracoda,undetermined,2,Ostracoda,,
Cage Prototypes,DWSC,3/27/2019,B,RD85,0.0019,4,5,Eucyclops sp.,undetermined,1,Cyclopoida,,
Cage Prototypes,DWSC,3/27/2019,B,RD85,0.0019,4,5,Hemiptera,undetermined,1,Other,,
Cage Prototypes,DWSC,3/27/2019,B,RD85,0.0019,4,5,Acanthocyclops sp.,adult,1,Cyclopoida,,
Cage Prototypes,DWSC,3/27/2019,B,RD85,0.0019,4,5,Acanthocyclops sp.,copepodid,9,Cyclopoida,,
Cage Prototypes,DWSC,3/27/2019,B,RD85,0.0019,4,5,Bosmina sp.,undetermined,3,Cladocera,,
Cage Prototypes,DWSC,3/27/2019,B,RD85,0.0019,4,5,Chydorus sp.,undetermined,12,Cladocera,,
Cage Prototypes,DWSC,3/27/2019,B,RD85,0.0019,4,5,Daphnia sp.,undetermined,2,Cladocera,,
Cage Prototypes,DWSC,3/27/2019,B,RD85,0.0019,4,5,Diacyclops thomasi,undetermined,1,Cyclopoida,,
Cage Prototypes,DWSC,3/27/2019,B,RD85,0.0019,4,5,Calanoida,copepodid,5,Calanoida,,
Cage Prototypes,DWSC,3/27/2019,B,RD85,0.0019,4,5,Cyclopoida,copepodid,1,Cyclopoida,,
Cage Prototypes,DWSC,3/27/2019,D,RG12,0.0028,4,5,Simocephalus sp.,undetermined,6,Cladocera,,
Cage Prototypes,DWSC,3/27/2019,D,RG12,0.0028,4,5,Chironomidae,larva,2,Diptera,,
Cage Prototypes,DWSC,3/27/2019,D,RG12,0.0028,4,5,Acanthocyclops sp.,adult,4,Cyclopoida,,
Cage Prototypes,DWSC,3/27/2019,D,RG12,0.0028,4,5,Acanthocyclops sp.,copepodid,70,Cyclopoida,,
Cage Prototypes,DWSC,3/27/2019,D,RG12,0.0028,4,5,Eurytemora affinis,adult,2,Calanoida,,
Cage Prototypes,DWSC,3/27/2019,D,RG12,0.0028,4,5,Eurytemora affinis,copepodid,1,Calanoida,,
Cage Prototypes,DWSC,3/27/2019,D,RG12,0.0028,4,5,Sinocalanus doerrii,adult,2,Calanoida,,
Cage Prototypes,DWSC,3/27/2019,D,RG12,0.0028,4,5,Sinocalanus doerrii,copepodid,1,Calanoida,,
Cage Prototypes,DWSC,3/27/2019,D,RG12,0.0028,4,5,Bosmina sp.,undetermined,8,Cladocera,,
Cage Prototypes,DWSC,3/27/2019,D,RG12,0.0028,4,5,Chydorus sp.,undetermined,18,Cladocera,,
Cage Prototypes,DWSC,3/27/2019,D,RG12,0.0028,4,5,Daphnia sp.,undetermined,2,Cladocera,,
Cage Prototypes,DWSC,3/27/2019,D,RG12,0.0028,4,5,Diacyclops thomasi,undetermined,4,Cyclopoida,,
Cage Prototypes,DWSC,3/27/2019,D,RG12,0.0028,4,5,Calanoida,copepodid,4,Calanoida,,
Cage Prototypes,DWSC,3/27/2019,D,RG12,0.0028,4,5,Cyclopoida,copepodid,20,Cyclopoida,,
Cage Prototypes,DWSC,3/27/2019,C,RL55,0.0019,5,5,Ceriodaphnia sp.,undetermined,1,Cladocera,,
Cage Prototypes,DWSC,3/27/2019,C,RL55,0.0019,5,5,Eucyclops sp.,undetermined,1,Cyclopoida,,
Cage Prototypes,DWSC,3/27/2019,C,RL55,0.0019,5,5,Diaptomidae,adult,2,Calanoida,,
Cage Prototypes,DWSC,3/27/2019,C,RL55,0.0019,5,5,Acanthocyclops sp.,adult,7,Cyclopoida,,
Cage Prototypes,DWSC,3/27/2019,C,RL55,0.0019,5,5,Acanthocyclops sp.,copepodid,50,Cyclopoida,,
Cage Prototypes,DWSC,3/27/2019,C,RL55,0.0019,5,5,Eurytemora affinis,adult,3,Calanoida,,
Cage Prototypes,DWSC,3/27/2019,C,RL55,0.0019,5,5,Sinocalanus doerrii,copepodid,3,Calanoida,,
Cage Prototypes,DWSC,3/27/2019,C,RL55,0.0019,5,5,Bosmina sp.,undetermined,11,Cladocera,,
Cage Prototypes,DWSC,3/27/2019,C,RL55,0.0019,5,5,Chydorus sp.,undetermined,31,Cladocera,,
Cage Prototypes,DWSC,3/27/2019,C,RL55,0.0019,5,5,Daphnia sp.,undetermined,3,Cladocera,,
Cage Prototypes,DWSC,3/27/2019,C,RL55,0.0019,5,5,Diacyclops thomasi,undetermined,3,Cyclopoida,,
Cage Prototypes,DWSC,3/27/2019,C,RL55,0.0019,5,5,Calanoida,copepodid,6,Calanoida,,
Cage Prototypes,DWSC,3/27/2019,C,RL55,0.0019,5,5,Cyclopoida,copepodid,7,Cyclopoida,,
Cage Prototypes,DWSC,3/27/2019,B,RH51,0.0023,4,5,Ostracoda,undetermined,1,Ostracoda,,
Cage Prototypes,DWSC,3/27/2019,B,RH51,0.0023,4,5,Acanthocyclops sp.,adult,6,Cyclopoida,,
Cage Prototypes,DWSC,3/27/2019,B,RH51,0.0023,4,5,Acanthocyclops sp.,copepodid,33,Cyclopoida,,
Cage Prototypes,DWSC,3/27/2019,B,RH51,0.0023,4,5,Eurytemora affinis,adult,2,Calanoida,,
Cage Prototypes,DWSC,3/27/2019,B,RH51,0.0023,4,5,Eurytemora affinis,copepodid,3,Calanoida,,
Cage Prototypes,DWSC,3/27/2019,B,RH51,0.0023,4,5,Sinocalanus doerrii,adult,3,Calanoida,,
Cage Prototypes,DWSC,3/27/2019,B,RH51,0.0023,4,5,Sinocalanus doerrii,copepodid,1,Calanoida,,
Cage Prototypes,DWSC,3/27/2019,B,RH51,0.0023,4,5,Bosmina sp.,undetermined,8,Cladocera,,
Cage Prototypes,DWSC,3/27/2019,B,RH51,0.0023,4,5,Chydorus sp.,undetermined,13,Cladocera,,
Cage Prototypes,DWSC,3/27/2019,B,RH51,0.0023,4,5,Calanoida,copepodid,16,Calanoida,,
Cage Prototypes,DWSC,3/27/2019,B,RH51,0.0023,4,5,Cyclopoida,copepodid,14,Cyclopoida,,
Cage Prototypes,DWSC,3/27/2019,B,RH51,0.0023,4,5,Daphnia sp.,undetermined,2,Cladocera,,
Cage Prototypes,DWSC,3/27/2019,B,RH51,0.0023,4,5,Diacyclops thomasi,undetermined,9,Cyclopoida,,
Cage Prototypes,DWSC,3/27/2019,A,OO74,0.0024,5,5,Diaptomidae,adult,3,Calanoida,,
Cage Prototypes,DWSC,3/27/2019,A,OO74,0.0024,5,5,Acari,undetermined,1,Other,,
Cage Prototypes,DWSC,3/27/2019,A,OO74,0.0024,5,5,Acanthocyclops sp.,adult,2,Cyclopoida,,
Cage Prototypes,DWSC,3/27/2019,A,OO74,0.0024,5,5,Acanthocyclops sp.,copepodid,64,Cyclopoida,,
Cage Prototypes,DWSC,3/27/2019,A,OO74,0.0024,5,5,Eurytemora affinis,adult,3,Calanoida,,
Cage Prototypes,DWSC,3/27/2019,A,OO74,0.0024,5,5,Eurytemora affinis,copepodid,3,Calanoida,,
Cage Prototypes,DWSC,3/27/2019,A,OO74,0.0024,5,5,Sinocalanus doerrii,adult,2,Calanoida,,
Cage Prototypes,DWSC,3/27/2019,A,OO74,0.0024,5,5,Sinocalanus doerrii,copepodid,1,Calanoida,,
Cage Prototypes,DWSC,3/27/2019,A,OO74,0.0024,5,5,Bosmina sp.,undetermined,24,Cladocera,,
Cage Prototypes,DWSC,3/27/2019,A,OO74,0.0024,5,5,Chydorus sp.,undetermined,34,Cladocera,,
Cage Prototypes,DWSC,3/27/2019,A,OO74,0.0024,5,5,Diacyclops thomasi,undetermined,9,Cyclopoida,,
Cage Prototypes,DWSC,3/27/2019,A,OO74,0.0024,5,5,Calanoida,copepodid,5,Calanoida,,
Cage Prototypes,DWSC,3/27/2019,A,OO74,0.0024,5,5,Cyclopoida,copepodid,22,Cyclopoida,,
Cage Prototypes,DWSC,3/27/2019,A,RI81,0.0004,3,5,Ceriodaphnia sp.,undetermined,4,Cladocera,,
Cage Prototypes,DWSC,3/27/2019,A,RI81,0.0004,3,5,Eucyclops sp.,undetermined,1,Cyclopoida,,
Cage Prototypes,DWSC,3/27/2019,A,RI81,0.0004,3,5,Acanthocyclops sp.,adult,1,Cyclopoida,,
Cage Prototypes,DWSC,3/27/2019,A,RI81,0.0004,3,5,Acanthocyclops sp.,copepodid,4,Cyclopoida,,
Cage Prototypes,DWSC,3/27/2019,A,RI81,0.0004,3,5,Eurytemora affinis,copepodid,1,Calanoida,,
Cage Prototypes,DWSC,3/27/2019,A,RI81,0.0004,3,5,Sinocalanus doerrii,copepodid,1,Calanoida,,
Cage Prototypes,DWSC,3/27/2019,A,RI81,0.0004,3,5,Chydorus sp.,undetermined,1,Cladocera,,
Cage Prototypes,DWSC,3/27/2019,A,RI81,0.0004,3,5,Daphnia sp.,undetermined,1,Cladocera,,
Cage Prototypes,DWSC,3/27/2019,A,RI81,0.0004,3,5,Diacyclops thomasi,undetermined,4,Cyclopoida,,
Cage Prototypes,DWSC,3/27/2019,A,RI81,0.0004,3,5,Cyclopoida,copepodid,4,Cyclopoida,,
Cage Prototypes,DWSC,3/27/2019,D,RC28,0.0019,5,5,Halicyclops sp.,undetermined,1,Cyclopoida,,
Cage Prototypes,DWSC,3/27/2019,D,RC28,0.0019,5,5,Scapholeberis sp.,undetermined,2,Cladocera,,
Cage Prototypes,DWSC,3/27/2019,D,RC28,0.0019,5,5,Acanthocyclops sp.,adult,9,Cyclopoida,,
Cage Prototypes,DWSC,3/27/2019,D,RC28,0.0019,5,5,Acanthocyclops sp.,copepodid,49,Cyclopoida,,
Cage Prototypes,DWSC,3/27/2019,D,RC28,0.0019,5,5,Eurytemora affinis,adult,3,Calanoida,,
Cage Prototypes,DWSC,3/27/2019,D,RC28,0.0019,5,5,Sinocalanus doerrii,adult,1,Calanoida,,
Cage Prototypes,DWSC,3/27/2019,D,RC28,0.0019,5,5,Bosmina sp.,undetermined,8,Cladocera,,
Cage Prototypes,DWSC,3/27/2019,D,RC28,0.0019,5,5,Chydorus sp.,undetermined,19,Cladocera,,
Cage Prototypes,DWSC,3/27/2019,D,RC28,0.0019,5,5,Cyclopoida,copepodid,14,Cyclopoida,,
Cage Prototypes,DWSC,3/27/2019,D,RC28,0.0019,5,5,Daphnia sp.,undetermined,2,Cladocera,,
Cage Prototypes,DWSC,3/27/2019,A,RL85,0.0017,4,5,Diaptomidae,adult,1,Calanoida,,
Cage Prototypes,DWSC,3/27/2019,A,RL85,0.0017,4,5,Acanthocyclops sp.,adult,2,Cyclopoida,,
Cage Prototypes,DWSC,3/27/2019,A,RL85,0.0017,4,5,Acanthocyclops sp.,copepodid,30,Cyclopoida,,
Cage Prototypes,DWSC,3/27/2019,A,RL85,0.0017,4,5,Bosmina sp.,undetermined,41,Cladocera,,
Cage Prototypes,DWSC,3/27/2019,A,RL85,0.0017,4,5,Chydorus sp.,undetermined,15,Cladocera,,
Cage Prototypes,DWSC,3/27/2019,A,RL85,0.0017,4,5,Cyclopoida,copepodid,12,Cyclopoida,,
Cage Prototypes,DWSC,3/27/2019,A,RL85,0.0017,4,5,Daphnia sp.,undetermined,1,Cladocera,,
Cage Prototypes,DWSC,3/27/2019,A,RL85,0.0017,4,5,Diacyclops thomasi,undetermined,7,Cyclopoida,,
Cage Prototypes,RVR,2/21/2019,FCCL Control,RG33,0.0017,3,5,Corixidae,undetermined,1,Other,dominant prey item,
Cage Prototypes,RVR,2/21/2019,FCCL Control,RG33,0.0017,3,5,Ostracoda,undetermined,1,Ostracoda,,
Cage Prototypes,RVR,2/21/2019,FCCL Control,RG33,0.0017,3,5,Americorophium sp.,juvenile,2,Amphipoda,,
Cage Prototypes,RVR,2/21/2019,FCCL Control,RG33,0.0017,3,5,Eurytemora affinis,adult,1,Calanoida,,
Cage Prototypes,RVR,2/21/2019,FCCL Control,RG33,0.0017,3,5,Bosmina sp.,undetermined,1,Cladocera,,
Cage Prototypes,RVR,2/25/2019,E,RD59,0.0012,3,5,Daphnia sp.,undetermined,3,Cladocera,,
Cage Prototypes,RVR,2/25/2019,E,RD59,0.0012,3,5,Simocephalus sp.,undetermined,1,Cladocera,,
Cage Prototypes,RVR,2/25/2019,E,RD59,0.0012,3,5,Ceriodaphnia sp.,undetermined,1,Cladocera,,
Cage Prototypes,RVR,2/25/2019,E,RD59,0.0012,3,5,Chydorus sp.,undetermined,2,Cladocera,,
Cage Prototypes,RVR,2/25/2019,E,RD59,0.0012,3,5,Chydoridae,undetermined,1,Cladocera,,
Cage Prototypes,RVR,2/25/2019,E,RD59,0.0012,3,5,Ostracoda,undetermined,1,Ostracoda,,
Cage Prototypes,RVR,2/25/2019,E,RD59,0.0012,3,5,Diaptomidae,adult,1,Calanoida,,
Cage Prototypes,RVR,2/25/2019,E,RD59,0.0012,3,5,Eucyclops sp.,undetermined,1,Cyclopoida,,
Cage Prototypes,RVR,2/25/2019,E,RD59,0.0012,3,5,Cyclopoida,copepodid,2,Cyclopoida,,
Cage Prototypes,RVR,2/25/2019,E,RH57,0.0125,5,3,Daphnia sp.,undetermined,6,Cladocera,,
Cage Prototypes,RVR,2/25/2019,E,RH57,0.0125,5,3,Simocephalus sp.,undetermined,3,Cladocera,,
Cage Prototypes,RVR,2/25/2019,E,RH57,0.0125,5,3,Eucyclops sp.,undetermined,1,Cyclopoida,,
Cage Prototypes,RVR,2/25/2019,E,RH57,0.0125,5,3,Acanthocyclops sp.,adult,1,Cyclopoida,,
Cage Prototypes,RVR,2/25/2019,C,RJ61,0.0022,3,5,Daphnia sp.,undetermined,5,Cladocera,,
Cage Prototypes,RVR,2/25/2019,C,RJ61,0.0022,3,5,Acanthocyclops sp.,adult,3,Cyclopoida,,
Cage Prototypes,RVR,2/25/2019,C,RJ61,0.0022,3,5,Acanthocyclops sp.,copepodid,1,Cyclopoida,,
Cage Prototypes,RVR,2/25/2019,C,RJ61,0.0022,3,5,Diaptomidae,copepodid,1,Calanoida,,
Cage Prototypes,RVR,2/25/2019,C,RJ61,0.0022,3,5,Eucyclops sp.,undetermined,1,Cyclopoida,,
Cage Prototypes,RVR,2/25/2019,C,RJ61,0.0022,3,5,Osphranticum labronectum,adult,1,Calanoida,,
Cage Prototypes,RVR,2/25/2019,D,OO99,0.0015,3,5,Daphnia sp.,undetermined,3,Cladocera,,
Cage Prototypes,RVR,2/25/2019,D,OO99,0.0015,3,5,Ceriodaphnia sp.,undetermined,2,Cladocera,,
Cage Prototypes,RVR,2/25/2019,D,OO99,0.0015,3,5,Acanthocyclops sp.,adult,1,Cyclopoida,,
Cage Prototypes,RVR,2/25/2019,D,OO99,0.0015,3,5,Acanthocyclops sp.,copepodid,2,Cyclopoida,,
Cage Prototypes,RVR,2/25/2019,D,OO99,0.0015,3,5,Eucyclops sp.,undetermined,1,Cyclopoida,,
Cage Prototypes,RVR,2/25/2019,D,OO99,0.0015,3,5,Cyclopoida,copepodid,1,Cyclopoida,,
Cage Prototypes,RVR,2/21/2019,FCCL Control,RC02,0.0015,3,4,Eurytemora affinis,adult,2,Calanoida,,
Cage Prototypes,RVR,2/21/2019,FCCL Control,RC02,0.0015,3,4,Ceriodaphnia sp.,undetermined,1,Cladocera,,
Cage Prototypes,RVR,2/21/2019,FCCL Control,RC02,0.0015,3,4,Gammaridea,juvenile,2,Amphipoda,,
Cage Prototypes,RVR,2/21/2019,FCCL Control,RC02,0.0015,3,4,Eucyclops sp.,undetermined,2,Cyclopoida,,
Cage Prototypes,RVR,2/21/2019,FCCL Control,OO81,0.0114,5,5,Americorophium spinicorne,undetermined,1,Amphipoda,,
Cage Prototypes,RVR,2/21/2019,FCCL Control,OO81,0.0114,5,5,Corixidae,undetermined,1,Other,,
Cage Prototypes,RVR,2/21/2019,FCCL Control,OO81,0.0114,5,5,Americorophium sp.,juvenile,2,Amphipoda,,
Cage Prototypes,RVR,2/21/2019,FCCL Control,OO81,0.0114,5,5,Gammaridea,juvenile,1,Amphipoda,,
Cage Prototypes,RVR,2/21/2019,FCCL Control,OO81,0.0114,5,5,Eucyclops sp.,undetermined,1,Cyclopoida,,
Cage Prototypes,RVR,2/21/2019,FCCL Control,OO81,0.0114,5,5,Diptera,adult,1,Diptera,,
Cage Prototypes,RVR,2/25/2019,E,RD51,0.0048,4,3,Daphnia sp.,undetermined,5,Cladocera,,
Cage Prototypes,RVR,2/25/2019,E,RD51,0.0048,4,3,Ceriodaphnia sp.,undetermined,1,Cladocera,,
Cage Prototypes,RVR,2/25/2019,E,RD51,0.0048,4,3,Osphranticum labronectum,adult,1,Calanoida,,
Cage Prototypes,DWSC,3/27/2019,A,RD60,0.0033,4,5,Ostracoda,undetermined,1,Ostracoda,,
Cage Prototypes,DWSC,3/27/2019,A,RD60,0.0033,4,5,Diaptomidae,adult,1,Calanoida,,
Cage Prototypes,DWSC,3/27/2019,A,RD60,0.0033,4,5,Halicyclops sp.,undetermined,1,Cyclopoida,,
Cage Prototypes,DWSC,3/27/2019,A,RD60,0.0033,4,5,Ceriodaphnia sp.,undetermined,1,Cladocera,,
Cage Prototypes,DWSC,3/27/2019,A,RD60,0.0033,4,5,Diaptomidae,copepodid,1,Calanoida,,
Cage Prototypes,DWSC,3/27/2019,A,RD60,0.0033,4,5,Harpacticoida,undetermined,11,Harpacticoda,,
Cage Prototypes,DWSC,3/27/2019,A,RD60,0.0033,4,5,Acanthocyclops sp.,adult,2,Cyclopoida,,
Cage Prototypes,DWSC,3/27/2019,A,RD60,0.0033,4,5,Acanthocyclops sp.,copepodid,66,Cyclopoida,,
Cage Prototypes,DWSC,3/27/2019,A,RD60,0.0033,4,5,Eurytemora affinis,adult,3,Calanoida,,
Cage Prototypes,DWSC,3/27/2019,A,RD60,0.0033,4,5,Eurytemora affinis,copepodid,1,Calanoida,,
Cage Prototypes,DWSC,3/27/2019,A,RD60,0.0033,4,5,Sinocalanus doerrii,adult,3,Calanoida,,
Cage Prototypes,DWSC,3/27/2019,A,RD60,0.0033,4,5,Bosmina sp.,undetermined,25,Cladocera,,
Cage Prototypes,DWSC,3/27/2019,A,RD60,0.0033,4,5,Chydorus sp.,undetermined,25,Cladocera,,
Cage Prototypes,DWSC,3/27/2019,A,RD60,0.0033,4,5,Daphnia sp.,undetermined,3,Cladocera,,
Cage Prototypes,DWSC,3/27/2019,A,RD60,0.0033,4,5,Diacyclops thomasi,undetermined,11,Cyclopoida,,
Cage Prototypes,DWSC,3/27/2019,A,RD60,0.0033,4,5,Calanoida,copepodid,19,Calanoida,,
Cage Prototypes,DWSC,3/27/2019,A,RD60,0.0033,4,5,Cyclopoida,copepodid,23,Cyclopoida,,
Cage Prototypes,DWSC,3/27/2019,A,RC93,0.0022,5,5,Eucyclops sp.,undetermined,1,Cyclopoida,,
Cage Prototypes,DWSC,3/27/2019,A,RC93,0.0022,5,5,Acanthocyclops sp.,adult,4,Cyclopoida,,
Cage Prototypes,DWSC,3/27/2019,A,RC93,0.0022,5,5,Acanthocyclops sp.,copepodid,41,Cyclopoida,,
Cage Prototypes,DWSC,3/27/2019,A,RC93,0.0022,5,5,Eurytemora affinis,adult,1,Calanoida,,
Cage Prototypes,DWSC,3/27/2019,A,RC93,0.0022,5,5,Sinocalanus doerrii,copepodid,2,Calanoida,,
Cage Prototypes,DWSC,3/27/2019,A,RC93,0.0022,5,5,Bosmina sp.,undetermined,11,Cladocera,,
Cage Prototypes,DWSC,3/27/2019,A,RC93,0.0022,5,5,Chydorus sp.,undetermined,35,Cladocera,,
Cage Prototypes,DWSC,3/27/2019,A,RC93,0.0022,5,5,Calanoida,copepodid,5,Calanoida,,
Cage Prototypes,DWSC,3/27/2019,A,RC93,0.0022,5,5,Cyclopoida,copepodid,16,Cyclopoida,,
Cage Prototypes,DWSC,3/27/2019,A,RC93,0.0022,5,5,Diacyclops thomasi,undetermined,3,Cyclopoida,,
Cage Prototypes,RVR,2/25/2019,F,RK10,0.0038,3,5,Daphnia sp.,undetermined,6,Cladocera,,
Cage Prototypes,RVR,2/25/2019,F,RK10,0.0038,3,5,Ceriodaphnia sp.,undetermined,1,Cladocera,,
Cage Prototypes,RVR,2/25/2019,F,RK10,0.0038,3,5,Acanthocyclops sp.,adult,3,Cyclopoida,,
Cage Prototypes,RVR,2/25/2019,D,RK74,0.0023,3,3,Daphnia sp.,undetermined,4,Cladocera,,
Cage Prototypes,RVR,2/25/2019,D,RK74,0.0023,3,3,Ceriodaphnia sp.,undetermined,1,Cladocera,,
Cage Prototypes,RVR,2/25/2019,D,RA19,0.0055,3,3,Daphnia sp.,undetermined,3,Cladocera,,
Cage Prototypes,RVR,2/25/2019,D,RA19,0.0055,3,3,Ceriodaphnia sp.,undetermined,2,Cladocera,,
Cage Prototypes,RVR,2/25/2019,D,RA19,0.0055,3,3,Acanthocyclops sp.,adult,1,Cyclopoida,,
Cage Prototypes,RVR,2/25/2019,F,RN74,0.0035,5,5,Simocephalus sp.,undetermined,1,Cladocera,,
Cage Prototypes,RVR,2/25/2019,F,RN74,0.0035,5,5,Daphnia sp.,undetermined,11,Cladocera,,
Cage Prototypes,RVR,2/25/2019,F,RN74,0.0035,5,5,Chironomidae,pupae,1,Diptera,,
Cage Prototypes,RVR,2/25/2019,F,RH56,0.0051,4,5,Hyallela azteca,undetermined,1,Amphipoda,,
Cage Prototypes,RVR,2/25/2019,F,RH56,0.0051,4,5,Ceriodaphnia sp.,undetermined,3,Cladocera,,
Cage Prototypes,RVR,2/25/2019,F,RH56,0.0051,4,5,Eucyclops sp.,undetermined,1,Cyclopoida,,
Cage Prototypes,RVR,2/25/2019,F,RH56,0.0051,4,5,Acanthocyclops sp.,adult,1,Cyclopoida,,
Cage Prototypes,RVR,2/25/2019,F,RH56,0.0051,4,5,Daphnia sp.,undetermined,12,Cladocera,,
Cage Prototypes,RVR,2/25/2019,F,RH56,0.0051,4,5,Cladocera,undetermined,4,Cladocera,,
Cage Prototypes,RVR,2/25/2019,B,RI44,0.0079,4,3,Simocephalus sp.,undetermined,2,Cladocera,,
Cage Prototypes,RVR,2/25/2019,B,RI44,0.0079,4,3,Daphnia sp.,Resting egg,1,Cladocera,,
Cage Prototypes,RVR,2/25/2019,B,RI44,0.0079,4,3,Acanthocyclops sp.,adult,1,Cyclopoida,,
Cage Prototypes,RVR,2/25/2019,B,RI44,0.0079,4,3,Daphnia sp.,undetermined,12,Cladocera,,
Cage Prototypes,RVR,2/25/2019,B,RI44,0.0079,4,3,Cladocera,undetermined,14,Cladocera,"Very digested, number comes from counting eyes",
Cage Prototypes,RVR,2/25/2019,F,RI06,0.0041,4,5,Acanthocyclops sp.,adult,1,Cyclopoida,,
Cage Prototypes,RVR,2/25/2019,F,RI06,0.0041,4,5,Acanthocyclops sp.,copepodid,2,Cyclopoida,,
Cage Prototypes,RVR,2/25/2019,F,RI06,0.0041,4,5,Daphnia sp.,undetermined,15,Cladocera,,
Cage Prototypes,RVR,2/25/2019,F,RI06,0.0041,4,5,Diacyclops thomasi,undetermined,1,Cyclopoida,,
Cage Prototypes,RVR,2/25/2019,F,RK46,0.0035,4,4,Simocephalus sp.,undetermined,4,Cladocera,,
Cage Prototypes,RVR,2/25/2019,F,RK46,0.0035,4,4,Ceriodaphnia sp.,undetermined,1,Cladocera,,
Cage Prototypes,RVR,2/25/2019,F,RK46,0.0035,4,4,Acanthocyclops sp.,adult,3,Cyclopoida,,
Cage Prototypes,RVR,2/25/2019,F,RK46,0.0035,4,4,Chydorus sp.,undetermined,1,Cladocera,,
Cage Prototypes,RVR,2/25/2019,F,RK46,0.0035,4,4,Daphnia sp.,undetermined,10,Cladocera,,
Cage Prototypes,RVR,2/25/2019,F,RK46,0.0035,4,4,Cladocera,undetermined,7,Cladocera,"Very digested, number comes from counting eyes",
Cage Prototypes,RVR,2/25/2019,F,RK46,0.0035,4,4,Crangonyx sp. ,undetermined,1,Amphipoda,,
Cage Prototypes,RVR,2/25/2019,F,RJ50,0.0045,4,5,Diaptomidae,adult,1,Calanoida,,
Cage Prototypes,RVR,2/25/2019,F,RJ50,0.0045,4,5,Acanthocyclops sp.,adult,4,Cyclopoida,,
Cage Prototypes,RVR,2/25/2019,F,RJ50,0.0045,4,5,Daphnia sp.,undetermined,18,Cladocera,,
Cage Prototypes,RVR,2/25/2019,B,RI65,0.0057,4,5,Simocephalus sp.,undetermined,4,Cladocera,,
Cage Prototypes,RVR,2/25/2019,B,RI65,0.0057,4,5,Eucyclops sp.,undetermined,1,Cyclopoida,,
Cage Prototypes,RVR,2/25/2019,B,RI65,0.0057,4,5,Osphranticum labronectum,adult,1,Calanoida,,
Cage Prototypes,RVR,2/25/2019,B,RI65,0.0057,4,5,Diaptomidae,adult,1,Calanoida,,
Cage Prototypes,RVR,2/25/2019,B,RI65,0.0057,4,5,Ceriodaphnia sp.,undetermined,1,Cladocera,,
Cage Prototypes,RVR,2/25/2019,B,RI65,0.0057,4,5,Acanthocyclops sp.,adult,18,Cyclopoida,,
Cage Prototypes,RVR,2/25/2019,B,RI65,0.0057,4,5,Acanthocyclops sp.,copepodid,8,Cyclopoida,,
Cage Prototypes,RVR,2/25/2019,B,RI65,0.0057,4,5,Daphnia sp.,undetermined,17,Cladocera,,
Cage Prototypes,RVR,2/25/2019,B,RI65,0.0057,4,5,Macrocyclops sp.,undetermined,1,Cyclopoida,,
Cage Prototypes,RVR,2/25/2019,B,RI84,0.0063,4,5,Osphranticum labronectum,adult,1,Calanoida,,
Cage Prototypes,RVR,2/25/2019,B,RI84,0.0063,4,5,Eucyclops sp.,undetermined,2,Cyclopoida,,
Cage Prototypes,RVR,2/25/2019,B,RI84,0.0063,4,5,Simocephalus sp.,undetermined,5,Cladocera,,
Cage Prototypes,RVR,2/25/2019,B,RI84,0.0063,4,5,Acanthocyclops sp.,adult,6,Cyclopoida,,
Cage Prototypes,RVR,2/25/2019,B,RI84,0.0063,4,5,Acanthocyclops sp.,copepodid,7,Cyclopoida,,
Cage Prototypes,RVR,2/25/2019,B,RI84,0.0063,4,5,Daphnia sp.,undetermined,27,Cladocera,,
Cage Prototypes,RVR,2/25/2019,B,RI84,0.0063,4,5,Diacyclops thomasi,undetermined,1,Cyclopoida,,
Cage Prototypes,RVR,2/25/2019,B,RI84,0.0063,4,5,Insecta,adult,1,Other,too digested to ID further,
Cage Prototypes,RVR,2/25/2019,B,RN90,0,2,5,Daphnia sp.,undetermined,2,Cladocera,,
Cage Prototypes,RVR,2/25/2019,B,RN90,0,2,5,Acanthocyclops sp.,copepodid,1,Cyclopoida,,
Cage Prototypes,RVR,2/25/2019,B,RN90,0,2,5,Simocephalus sp.,undetermined,1,Cladocera,,
Cage Prototypes,RVR,2/25/2019,B,RN90,0,2,5,Acanthocyclops sp.,adult,1,Cyclopoida,,
Cage Prototypes,RVR,2/25/2019,A,RA34,0.0057,4,4,Osphranticum labronectum,adult,1,Calanoida,,
Cage Prototypes,RVR,2/25/2019,A,RA34,0.0057,4,4,Simocephalus sp.,undetermined,1,Cladocera,,
Cage Prototypes,RVR,2/25/2019,A,RA34,0.0057,4,4,Cladocera,undetermined,11,Cladocera,,
Cage Prototypes,RVR,2/25/2019,A,RA34,0.0057,4,4,Daphnia sp.,undetermined,14,Cladocera,,
Cage Prototypes,RVR,2/25/2019,A,RN82,0.0034,4,5,Simocephalus sp.,undetermined,3,Cladocera,,
Cage Prototypes,RVR,2/25/2019,A,RN82,0.0034,4,5,Osphranticum labronectum,adult,2,Calanoida,,
Cage Prototypes,RVR,2/25/2019,A,RN82,0.0034,4,5,Eucyclops sp.,undetermined,2,Cyclopoida,,
Cage Prototypes,RVR,2/25/2019,A,RN82,0.0034,4,5,Acanthocyclops sp.,adult,5,Cyclopoida,,
Cage Prototypes,RVR,2/25/2019,A,RN82,0.0034,4,5,Acanthocyclops sp.,copepodid,6,Cyclopoida,,
Cage Prototypes,RVR,2/25/2019,A,RN82,0.0034,4,5,Daphnia sp.,undetermined,17,Cladocera,,
Cage Prototypes,RVR,2/25/2019,A,RN82,0.0034,4,5,Diacyclops thomasi,undetermined,4,Cyclopoida,,
Cage Prototypes,RVR,2/25/2019,B,RD03,0.005,4,4,Simocephalus sp.,undetermined,2,Cladocera,,
Cage Prototypes,RVR,2/25/2019,B,RD03,0.005,4,4,Insecta,larva,1,Other,,
Cage Prototypes,RVR,2/25/2019,B,RD03,0.005,4,4,Acanthocyclops sp.,adult,7,Cyclopoida,,
Cage Prototypes,RVR,2/25/2019,B,RD03,0.005,4,4,Acanthocyclops sp.,copepodid,3,Cyclopoida,,
Cage Prototypes,RVR,2/25/2019,B,RD03,0.005,4,4,Chydorus sp.,undetermined,2,Cladocera,,
Cage Prototypes,RVR,2/25/2019,B,RD03,0.005,4,4,Daphnia sp.,undetermined,6,Cladocera,,
Cage Prototypes,RVR,2/25/2019,B,RD03,0.005,4,4,Cladocera,undetermined,8,Cladocera,,
Cage Prototypes,RVR,2/25/2019,A,RD84,0.0049,4,5,Acari,undetermined,1,Other,,
Cage Prototypes,RVR,2/25/2019,A,RD84,0.0049,4,5,Diaptomidae,adult,1,Calanoida,,
Cage Prototypes,RVR,2/25/2019,A,RD84,0.0049,4,5,Simocephalus sp.,undetermined,8,Cladocera,,
Cage Prototypes,RVR,2/25/2019,A,RD84,0.0049,4,5,Osphranticum labronectum,adult,1,Calanoida,,
Cage Prototypes,RVR,2/25/2019,A,RD84,0.0049,4,5,Acanthocyclops sp.,adult,3,Cyclopoida,,
Cage Prototypes,RVR,2/25/2019,A,RD84,0.0049,4,5,Daphnia sp.,undetermined,20,Cladocera,,
Cage Prototypes,RVR,2/25/2019,A,RD84,0.0049,4,5,Diacyclops thomasi,undetermined,1,Cyclopoida,,
Cage Prototypes,RVR,2/25/2019,A,RL75,0.0033,4,5,Ceriodaphnia sp.,undetermined,1,Cladocera,,
Cage Prototypes,RVR,2/25/2019,A,RL75,0.0033,4,5,Hyallela azteca,undetermined,1,Amphipoda,,
Cage Prototypes,RVR,2/25/2019,A,RL75,0.0033,4,5,Simocephalus sp.,undetermined,1,Cladocera,,
Cage Prototypes,RVR,2/25/2019,A,RL75,0.0033,4,5,Eucyclops sp.,undetermined,1,Cyclopoida,,
Cage Prototypes,RVR,2/25/2019,A,RL75,0.0033,4,5,Diaptomidae,copepodid,1,Calanoida,,
Cage Prototypes,RVR,2/25/2019,A,RL75,0.0033,4,5,Sida sp.,undetermined,1,Cladocera,,
Cage Prototypes,RVR,2/25/2019,A,RL75,0.0033,4,5,Acanthocyclops sp.,adult,4,Cyclopoida,,
Cage Prototypes,RVR,2/25/2019,A,RL75,0.0033,4,5,Acanthocyclops sp.,copepodid,4,Cyclopoida,,
Cage Prototypes,RVR,2/25/2019,A,RL75,0.0033,4,5,Daphnia sp.,undetermined,13,Cladocera,,
Cage Prototypes,RVR,2/25/2019,A,RK80,0.0035,4,5,Acanthocyclops sp.,adult,3,Cyclopoida,,
Cage Prototypes,RVR,2/25/2019,A,RK80,0.0035,4,5,Daphnia sp.,undetermined,15,Cladocera,,
Cage Prototypes,RVR,2/25/2019,C,RN49,0.0021,4,5,Osphranticum labronectum,adult,1,Calanoida,,
Cage Prototypes,RVR,2/25/2019,C,RN49,0.0021,4,5,Acanthocyclops sp.,adult,6,Cyclopoida,,
Cage Prototypes,RVR,2/25/2019,C,RN49,0.0021,4,5,Acanthocyclops sp.,copepodid,2,Cyclopoida,,
Cage Prototypes,RVR,2/25/2019,C,RN49,0.0021,4,5,Daphnia sp.,undetermined,10,Cladocera,,
Cage Prototypes,RVR,2/25/2019,C,RN71,0.0036,4,4,Eucyclops sp.,undetermined,2,Cyclopoida,,
Cage Prototypes,RVR,2/25/2019,C,RN71,0.0036,4,4,Ceriodaphnia sp.,undetermined,1,Cladocera,,
Cage Prototypes,RVR,2/25/2019,C,RN71,0.0036,4,4,Diaptomidae,adult,1,Calanoida,,
Cage Prototypes,RVR,2/25/2019,C,RN71,0.0036,4,4,Acanthocyclops sp.,adult,6,Cyclopoida,,
Cage Prototypes,RVR,2/25/2019,C,RN71,0.0036,4,4,Acanthocyclops sp.,copepodid,3,Cyclopoida,,
Cage Prototypes,RVR,2/25/2019,C,RN71,0.0036,4,4,Cyclopoida,copepodid,1,Cyclopoida,,
Cage Prototypes,RVR,2/25/2019,C,RN71,0.0036,4,4,Daphnia sp.,undetermined,14,Cladocera,,
Cage Prototypes,RVR,2/25/2019,C,RN71,0.0036,4,4,Amphipoda,undetermined,1 maybe 2,Amphipoda,"too digested, possibly more than one animal",
Cage Prototypes,RVR,2/25/2019,C,RH59,0.0059,5,5,Ceriodaphnia sp.,undetermined,1,Cladocera,,
Cage Prototypes,RVR,2/25/2019,C,RH59,0.0059,5,5,Sida sp.,undetermined,1,Cladocera,,
Cage Prototypes,RVR,2/25/2019,C,RH59,0.0059,5,5,Simocephalus sp.,undetermined,3,Cladocera,,
Cage Prototypes,RVR,2/25/2019,C,RH59,0.0059,5,5,Eucyclops sp.,undetermined,3,Cyclopoida,,
Cage Prototypes,RVR,2/25/2019,C,RH59,0.0059,5,5,Diaptomidae,adult,1,Calanoida,,
Cage Prototypes,RVR,2/25/2019,C,RH59,0.0059,5,5,Mesocyclops sp.,undetermined,1,Cyclopoida,,
Cage Prototypes,RVR,2/25/2019,C,RH59,0.0059,5,5,Acanthocyclops sp.,adult,12,Cyclopoida,,
Cage Prototypes,RVR,2/25/2019,C,RH59,0.0059,5,5,Acanthocyclops sp.,copepodid,15,Cyclopoida,,
Cage Prototypes,RVR,2/25/2019,C,RH59,0.0059,5,5,Chydorus sp.,undetermined,1,Cladocera,,
Cage Prototypes,RVR,2/25/2019,C,RH59,0.0059,5,5,Calanoida,copepodid,1,Calanoida,,
Cage Prototypes,RVR,2/25/2019,C,RH59,0.0059,5,5,Daphnia sp.,undetermined,24,Cladocera,,
Cage Prototypes,RVR,2/25/2019,C,RH59,0.0059,5,5,Diacyclops thomasi,undetermined,3,Cyclopoida,,
Cage Prototypes,RVR,2/25/2019,C,RH59,0.0059,5,5,Crangonyx sp. ,undetermined,1,Amphipoda,,
Cage Prototypes,DWSC,3/27/2019,A,RC21,0.0019,4,4,Ceriodaphnia sp.,undetermined,1,Cladocera,,
Cage Prototypes,DWSC,3/27/2019,A,RC21,0.0019,4,4,Chironomidae,larva,1,Diptera,,
Cage Prototypes,DWSC,3/27/2019,A,RC21,0.0019,4,4,Acanthocyclops sp.,adult,1,Cyclopoida,,
Cage Prototypes,DWSC,3/27/2019,A,RC21,0.0019,4,4,Acanthocyclops sp.,copepodid,32,Cyclopoida,,
Cage Prototypes,DWSC,3/27/2019,A,RC21,0.0019,4,4,Eurytemora affinis,adult,2,Calanoida,,
Cage Prototypes,DWSC,3/27/2019,A,RC21,0.0019,4,4,Eurytemora affinis,copepodid,2,Calanoida,,
Cage Prototypes,DWSC,3/27/2019,A,RC21,0.0019,4,4,Sinocalanus doerrii,copepodid,2,Calanoida,,
Cage Prototypes,DWSC,3/27/2019,A,RC21,0.0019,4,4,Bosmina sp.,undetermined,18,Cladocera,,
Cage Prototypes,DWSC,3/27/2019,A,RC21,0.0019,4,4,Chydorus sp.,undetermined,9,Cladocera,,
Cage Prototypes,DWSC,3/27/2019,A,RC21,0.0019,4,4,Calanoida,copepodid,11,Calanoida,Counted heads,
Cage Prototypes,DWSC,3/27/2019,A,RC21,0.0019,4,4,Cyclopoida,copepodid,31,Cyclopoida,Counted heads,
Cage Prototypes,DWSC,3/27/2019,A,RC21,0.0019,4,4,Diacyclops thomasi,undetermined,1,Cyclopoida,,
Cage Prototypes,DWSC,3/27/2019,A,RC21,0.0019,4,4,Cladocera,undetermined,5,Cladocera,too digested to ID further,
Cage Prototypes,DWSC,3/27/2019,A,RG36,0.0026,4,5,Eurycercus sp.,undetermined,1,Cladocera,,
Cage Prototypes,DWSC,3/27/2019,A,RG36,0.0026,4,5,Diaptomidae,adult,2,Calanoida,,
Cage Prototypes,DWSC,3/27/2019,A,RG36,0.0026,4,5,Acanthocyclops sp.,adult,3,Cyclopoida,,
Cage Prototypes,DWSC,3/27/2019,A,RG36,0.0026,4,5,Acanthocyclops sp.,copepodid,32,Cyclopoida,,
Cage Prototypes,DWSC,3/27/2019,A,RG36,0.0026,4,5,Eurytemora affinis,adult,4,Calanoida,,
Cage Prototypes,DWSC,3/27/2019,A,RG36,0.0026,4,5,Eurytemora affinis,copepodid,2,Calanoida,,
Cage Prototypes,DWSC,3/27/2019,A,RG36,0.0026,4,5,Sinocalanus doerrii,adult,1,Calanoida,,
Cage Prototypes,DWSC,3/27/2019,A,RG36,0.0026,4,5,Sinocalanus doerrii,copepodid,3,Calanoida,,
Cage Prototypes,DWSC,3/27/2019,A,RG36,0.0026,4,5,Bosmina sp.,undetermined,8,Cladocera,,
Cage Prototypes,DWSC,3/27/2019,A,RG36,0.0026,4,5,Chydorus sp.,undetermined,8,Cladocera,,
Cage Prototypes,DWSC,3/27/2019,A,RG36,0.0026,4,5,Calanoida,copepodid,10,Calanoida,,
Cage Prototypes,DWSC,3/27/2019,A,RG36,0.0026,4,5,Cyclopoida,copepodid,16,Cyclopoida,,
Cage Prototypes,DWSC,3/27/2019,A,RG36,0.0026,4,5,Daphnia sp.,undetermined,4,Cladocera,,
Cage Prototypes,DWSC,3/27/2019,A,RG36,0.0026,4,5,Diacyclops thomasi,undetermined,3,Cyclopoida,,
Cage Prototypes,RVR,2/25/2019,C,RC48,0.004,4,4,Acanthocyclops sp.,copepodid,1,Cyclopoida,,
Cage Prototypes,RVR,2/25/2019,C,RC48,0.004,4,4,Daphnia sp.,undetermined,15,Cladocera,,
Cage Prototypes,RVR,2/25/2019,C,RC48,0.004,4,4,Cladocera,undetermined,7,Cladocera,,
Cage Prototypes,RVR,2/25/2019,F,RI53,0.005,4,5,Crangonyx sp. ,undetermined,1,Amphipoda,,
Cage Prototypes,RVR,2/25/2019,F,RI53,0.005,4,5,Acanthocyclops sp.,adult,1,Cyclopoida,,
Cage Prototypes,RVR,2/25/2019,F,RI53,0.005,4,5,Acanthocyclops sp.,copepodid,2,Cyclopoida,,
Cage Prototypes,RVR,2/25/2019,F,RI53,0.005,4,5,Daphnia sp.,undetermined,11,Cladocera,,
Cage Prototypes,RVR,2/25/2019,A,OO59,0.0025,3,5,Simocephalus sp.,undetermined,1,Cladocera,,
Cage Prototypes,RVR,2/25/2019,A,OO59,0.0025,3,5,Daphnia sp.,undetermined,14,Cladocera,,
Cage Prototypes,RVR,2/25/2019,A,OO59,0.0025,3,5,Diacyclops thomasi,undetermined,1,Cyclopoida,,
Cage Prototypes,RVR,2/25/2019,A,RK61,0.0041,4,5,Simocephalus sp.,undetermined,4,Cladocera,,
Cage Prototypes,RVR,2/25/2019,A,RK61,0.0041,4,5,Chironomidae,larva,1,Diptera,,
Cage Prototypes,RVR,2/25/2019,A,RK61,0.0041,4,5,Acanthocyclops sp.,adult,1,Cyclopoida,,
Cage Prototypes,RVR,2/25/2019,A,RK61,0.0041,4,5,Acanthocyclops sp.,copepodid,3,Cyclopoida,,
Cage Prototypes,RVR,2/25/2019,A,RK61,0.0041,4,5,Daphnia sp.,undetermined,21,Cladocera,,
Cage Prototypes,RVR,2/25/2019,A,RK61,0.0041,4,5,Sida sp.,undetermined,1,Cladocera,,
Cage Prototypes,RVR,2/25/2019,E,RG46,0.0045,4,5,Chironomidae,larva,1,Diptera,,
Cage Prototypes,RVR,2/25/2019,E,RG46,0.0045,4,5,Eucyclops sp.,undetermined,4,Cyclopoida,,
Cage Prototypes,RVR,2/25/2019,E,RG46,0.0045,4,5,Scapholeberis sp.,undetermined,1,Cladocera,,
Cage Prototypes,RVR,2/25/2019,E,RG46,0.0045,4,5,Simocephalus sp.,undetermined,1,Cladocera,,
Cage Prototypes,RVR,2/25/2019,E,RG46,0.0045,4,5,Acanthocyclops sp.,adult,10,Cyclopoida,,
Cage Prototypes,RVR,2/25/2019,E,RG46,0.0045,4,5,Acanthocyclops sp.,copepodid,8,Cyclopoida,,
Cage Prototypes,RVR,2/25/2019,E,RG46,0.0045,4,5,Diacyclops thomasi,undetermined,1,Cyclopoida,,
Cage Prototypes,RVR,2/25/2019,E,RG46,0.0045,4,5,Daphnia sp.,undetermined,9,Cladocera,,
Cage Prototypes,RVR,2/25/2019,E,RG46,0.0045,4,5,Cyclopoida,undetermined,2,Cyclopoida,,
Cage Prototypes,RVR,2/25/2019,E,RG46,0.0045,4,5,Cladocera,undetermined,6,Cladocera,,
Cage Prototypes,RVR,2/25/2019,C,RJ77,0.0015,3,5,Acanthocyclops sp.,copepodid,1,Cyclopoida,,
Cage Prototypes,RVR,2/25/2019,C,RJ77,0.0015,3,5,Daphnia sp.,undetermined,7,Cladocera,,
Cage Prototypes,RVR,2/25/2019,C,RJ77,0.0015,3,5,Diacyclops thomasi,undetermined,1,Cyclopoida,,
Cage Prototypes,RVR,2/25/2019,C,RG63,0.0006,3,5,Eucyclops sp.,undetermined,1,Cyclopoida,,
Cage Prototypes,RVR,2/25/2019,C,RG63,0.0006,3,5,Ceriodaphnia sp.,undetermined,1,Cladocera,,
Cage Prototypes,RVR,2/25/2019,C,RG63,0.0006,3,5,Daphnia sp.,undetermined,6,Cladocera,,
Cage Prototypes,RVR,2/25/2019,C,RG63,0.0006,3,5,Diacyclops thomasi,undetermined,1,Cyclopoida,,
Cage Prototypes,RVR,2/25/2019,F,RC18,0.0046,4,5,Simocephalus sp.,undetermined,1,Cladocera,,
Cage Prototypes,RVR,2/25/2019,F,RC18,0.0046,4,5,Hyallela azteca,undetermined,1,Amphipoda,,
Cage Prototypes,RVR,2/25/2019,F,RC18,0.0046,4,5,Daphnia sp.,undetermined,27,Cladocera,,
Cage Prototypes,RVR,2/25/2019,F,RC18,0.0046,4,5,Diacyclops thomasi,undetermined,1,Cyclopoida,,
Cage Prototypes,RVR,2/25/2019,F,RC18,0.0046,4,5,Acanthocyclops sp.,adult,5,Cyclopoida,,
Cage Prototypes,RVR,2/25/2019,B,RA74,0.0032,4,5,Simocephalus sp.,undetermined,11,Cladocera,,
Cage Prototypes,RVR,2/25/2019,B,RA74,0.0032,4,5,Eucyclops sp.,undetermined,2,Cyclopoida,,
Cage Prototypes,RVR,2/25/2019,B,RA74,0.0032,4,5,Osphranticum labronectum,undetermined,1,Calanoida,,
Cage Prototypes,RVR,2/25/2019,B,RA74,0.0032,4,5,Acanthocyclops sp.,adult,6,Cyclopoida,,
Cage Prototypes,RVR,2/25/2019,B,RA74,0.0032,4,5,Acanthocyclops sp.,copepodid,12,Cyclopoida,,
Cage Prototypes,RVR,2/25/2019,B,RA74,0.0032,4,5,Chydorus sp.,undetermined,1,Cladocera,,
Cage Prototypes,RVR,2/25/2019,B,RA74,0.0032,4,5,Daphnia sp.,undetermined,11,Cladocera,,
Cage Prototypes,RVR,2/25/2019,B,RA74,0.0032,4,5,Diacyclops thomasi,undetermined,3,Cyclopoida,,
Cage Prototypes,RVR,2/25/2019,B,RA74,0.0032,4,5,Cladocera,undetermined,5,Cladocera,,
Cage Prototypes,RVR,2/25/2019,F,RJ23,0.0031,4,5,Acanthocyclops sp.,copepodid,2,Cyclopoida,,
Cage Prototypes,RVR,2/25/2019,F,RJ23,0.0031,4,5,Daphnia sp.,undetermined,12,Cladocera,,
Cage Prototypes,RVR,2/25/2019,B,RN27,0.0032,4,5,Simocephalus sp.,undetermined,1,Cladocera,,
Cage Prototypes,RVR,2/25/2019,B,RN27,0.0032,4,5,Eucyclops sp.,undetermined,1,Cyclopoida,,
Cage Prototypes,RVR,2/25/2019,B,RN27,0.0032,4,5,Osphranticum labronectum,undetermined,1,Calanoida,,
Cage Prototypes,RVR,2/25/2019,B,RN27,0.0032,4,5,Daphnia sp.,undetermined,13,Cladocera,,
Cage Prototypes,RVR,2/25/2019,A,RL03,0.0031,4,5,Eucyclops sp.,undetermined,2,Cyclopoida,,
Cage Prototypes,RVR,2/25/2019,A,RL03,0.0031,4,5,Daphnia sp.,undetermined,10,Cladocera,,
Cage Prototypes,RVR,2/25/2019,A,RL03,0.0031,4,5,Acanthocyclops sp.,adult,3,Cyclopoida,,
Cage Prototypes,RVR,2/25/2019,A,RL03,0.0031,4,5,Acanthocyclops sp.,copepodid,2,Cyclopoida,,
Cage Prototypes,RVR,2/25/2019,A,RL03,0.0031,4,5,Cyclopoida,copepodid,1,Cyclopoida,,
Cage Prototypes,RVR,2/25/2019,A,RA72,0.0018,4,5,Simocephalus sp.,undetermined,1,Cladocera,,
Cage Prototypes,RVR,2/25/2019,A,RA72,0.0018,4,5,Acanthocyclops sp.,adult,6,Cyclopoida,,
Cage Prototypes,RVR,2/25/2019,A,RA72,0.0018,4,5,Acanthocyclops sp.,copepodid,1,Cyclopoida,,
Cage Prototypes,RVR,2/25/2019,A,RA72,0.0018,4,5,Chydorus sp.,undetermined,1,Cladocera,,
Cage Prototypes,RVR,2/25/2019,A,RA72,0.0018,4,5,Daphnia sp.,undetermined,14,Cladocera,,
Cage Prototypes,RVR,2/25/2019,B,RC37,0.0056,4,5,Chironomidae,larva,1,Diptera,,
Cage Prototypes,RVR,2/25/2019,B,RC37,0.0056,4,5,Simocephalus sp.,undetermined,1,Cladocera,,
Cage Prototypes,RVR,2/25/2019,B,RC37,0.0056,4,5,Crangonyx sp. ,undetermined,1,Amphipoda,,
Cage Prototypes,RVR,2/25/2019,B,RC37,0.0056,4,5,Acanthocyclops sp.,adult,3,Cyclopoida,,
Cage Prototypes,RVR,2/25/2019,B,RC37,0.0056,4,5,Daphnia sp.,undetermined,11,Cladocera,,
Cage Prototypes,RVR,2/25/2019,B,RC37,0.0056,4,5,Cladocera,undetermined,10,Cladocera,,
Cage Prototypes,RVR,2/25/2019,A,RA76,0.004,4,5,Simocephalus sp.,undetermined,1,Cladocera,,
Cage Prototypes,RVR,2/25/2019,A,RA76,0.004,4,5,Acanthocyclops sp.,adult,3,Cyclopoida,,
Cage Prototypes,RVR,2/25/2019,A,RA76,0.004,4,5,Daphnia sp.,undetermined,1,Cladocera,,
Cage Prototypes,RVR,2/25/2019,A,RA76,0.004,4,5,Cladocera,undetermined,4,Cladocera,,
Cage Prototypes,RVR,2/25/2019,B,RB75,0.0034,4,5,Eucyclops sp.,undetermined,1,Cyclopoida,,
Cage Prototypes,RVR,2/25/2019,B,RB75,0.0034,4,5,Simocephalus sp.,undetermined,1,Cladocera,,
Cage Prototypes,RVR,2/25/2019,B,RB75,0.0034,4,5,Osphranticum labronectum,adult,1,Calanoida,,
Cage Prototypes,RVR,2/25/2019,B,RB75,0.0034,4,5,Cladocera,undetermined,5,Cladocera,,
Cage Prototypes,RVR,2/25/2019,B,RB75,0.0034,4,5,Acanthocyclops sp.,copepodid,1,Cyclopoida,,
Cage Prototypes,RVR,2/25/2019,B,RB75,0.0034,4,5,Chydorus sp.,undetermined,1,Cladocera,,
Cage Prototypes,RVR,2/25/2019,B,RB75,0.0034,4,5,Daphnia sp.,undetermined,13,Cladocera,,
Cage Prototypes,RVR,2/25/2019,C,RL05,0.0022,4,5,Diaptomidae,adult,1,Calanoida,,
Cage Prototypes,RVR,2/25/2019,C,RL05,0.0022,4,5,Chironomidae,larva,1,Diptera,,
Cage Prototypes,RVR,2/25/2019,C,RL05,0.0022,4,5,Simocephalus sp.,undetermined,1,Cladocera,,
Cage Prototypes,RVR,2/25/2019,C,RL05,0.0022,4,5,Acanthocyclops sp.,adult,3,Cyclopoida,,
Cage Prototypes,RVR,2/25/2019,C,RL05,0.0022,4,5,Acanthocyclops sp.,copepodid,5,Cyclopoida,,
Cage Prototypes,RVR,2/25/2019,C,RL05,0.0022,4,5,Daphnia sp.,undetermined,19,Cladocera,,
Cage Prototypes,RVR,2/25/2019,C,RL05,0.0022,4,5,Diacyclops thomasi,undetermined,1,Cyclopoida,,
Cage Prototypes,RVR,2/25/2019,F,RF93,0.0072,4,5,Eucyclops sp.,undetermined,1,Cyclopoida,,
Cage Prototypes,RVR,2/25/2019,F,RF93,0.0072,4,5,Simocephalus sp.,undetermined,1,Cladocera,,
Cage Prototypes,RVR,2/25/2019,F,RF93,0.0072,4,5,Ceriodaphnia sp.,undetermined,1,Cladocera,,
Cage Prototypes,RVR,2/25/2019,F,RF93,0.0072,4,5,Chironomidae,pupae,1,Diptera,,
Cage Prototypes,RVR,2/25/2019,F,RF93,0.0072,4,5,Culicidae,larva,1,Other,,
Cage Prototypes,RVR,2/25/2019,F,RF93,0.0072,4,5,Diaptomidae,adult,1,Calanoida,,
Cage Prototypes,RVR,2/25/2019,F,RF93,0.0072,4,5,Acanthocyclops sp.,adult,9,Cyclopoida,,
Cage Prototypes,RVR,2/25/2019,F,RF93,0.0072,4,5,Acanthocyclops sp.,copepodid,5,Cyclopoida,,
Cage Prototypes,RVR,2/25/2019,F,RF93,0.0072,4,5,Chydorus sp.,undetermined,2,Cladocera,,
Cage Prototypes,RVR,2/25/2019,F,RF93,0.0072,4,5,Daphnia sp.,undetermined,29,Cladocera,,
Cage Prototypes,RVR,2/25/2019,F,RF93,0.0072,4,5,Diacyclops thomasi,undetermined,1,Cyclopoida,,
Cage Prototypes,RVR,2/25/2019,E,RC55,0.002,4,5,Eucyclops sp.,undetermined,2,Cyclopoida,,
Cage Prototypes,RVR,2/25/2019,E,RC55,0.002,4,5,Eurytemora affinis,adult,1,Calanoida,,
Cage Prototypes,RVR,2/25/2019,E,RC55,0.002,4,5,Acanthocyclops sp.,adult,1,Cyclopoida,,
Cage Prototypes,RVR,2/25/2019,E,RC55,0.002,4,5,Acanthocyclops sp.,copepodid,1,Cyclopoida,,
Cage Prototypes,RVR,2/25/2019,E,RC55,0.002,4,5,Daphnia sp.,undetermined,8,Cladocera,,
Cage Prototypes,RVR,2/25/2019,B,RC42,0.0046,4,5,Simocephalus sp.,undetermined,2,Cladocera,,
Cage Prototypes,RVR,2/25/2019,B,RC42,0.0046,4,5,Acanthocyclops sp.,adult,6,Cyclopoida,,
Cage Prototypes,RVR,2/25/2019,B,RC42,0.0046,4,5,Acanthocyclops sp.,copepodid,2,Cyclopoida,,
Cage Prototypes,RVR,2/25/2019,B,RC42,0.0046,4,5,Chydorus sp.,undetermined,1,Cladocera,,
Cage Prototypes,RVR,2/25/2019,B,RC42,0.0046,4,5,Daphnia sp.,undetermined,20,Cladocera,,
Cage Prototypes,RVR,2/25/2019,D,RJ83,0.004,5,5,Ceriodaphnia sp.,undetermined,1,Cladocera,,
Cage Prototypes,RVR,2/25/2019,D,RJ83,0.004,5,5,Eucyclops sp.,undetermined,3,Cyclopoida,,
Cage Prototypes,RVR,2/25/2019,D,RJ83,0.004,5,5,Simocephalus sp.,undetermined,1,Cladocera,,
Cage Prototypes,RVR,2/25/2019,D,RJ83,0.004,5,5,Cladocera,undetermined,11,Cladocera,,
Cage Prototypes,RVR,2/25/2019,D,RJ83,0.004,5,5,Acanthocyclops sp.,adult,3,Cyclopoida,,
Cage Prototypes,RVR,2/25/2019,D,RJ83,0.004,5,5,Acanthocyclops sp.,copepodid,10,Cyclopoida,,
Cage Prototypes,RVR,2/25/2019,D,RJ83,0.004,5,5,Bosmina sp.,undetermined,1,Cladocera,,
Cage Prototypes,RVR,2/25/2019,D,RJ83,0.004,5,5,Daphnia sp.,undetermined,20,Cladocera,,
Cage Prototypes,RVR,2/25/2019,D,RJ83,0.004,5,5,Diacyclops thomasi,undetermined,2,Cyclopoida,,
Cage Prototypes,RVR,2/25/2019,E,RF56,0.001,2,5,Eucyclops sp.,undetermined,1,Cyclopoida,,
Cage Prototypes,RVR,2/25/2019,E,RF56,0.001,2,5,Simocephalus sp.,undetermined,1,Cladocera,,
Cage Prototypes,RVR,2/25/2019,E,RF56,0.001,2,5,Diaptomidae,adult,1,Calanoida,,
Cage Prototypes,RVR,2/25/2019,E,RF56,0.001,2,5,Osphranticum labronectum,adult,1,Calanoida,,
Cage Prototypes,RVR,2/25/2019,E,RF56,0.001,2,5,Acanthocyclops sp.,adult,2,Cyclopoida,,
Cage Prototypes,RVR,2/25/2019,E,RF56,0.001,2,5,Daphnia sp.,undetermined,5,Cladocera,,
Cage Prototypes,RVR,2/25/2019,D,RF19,0.0014,4,5,Simocephalus sp.,undetermined,2,Cladocera,,
Cage Prototypes,RVR,2/25/2019,D,RF19,0.0014,4,5,Sida sp.,undetermined,1,Cladocera,,
Cage Prototypes,RVR,2/25/2019,D,RF19,0.0014,4,5,Acanthocyclops sp.,adult,4,Cyclopoida,,
Cage Prototypes,RVR,2/25/2019,D,RF19,0.0014,4,5,Acanthocyclops sp.,copepodid,2,Cyclopoida,,
Cage Prototypes,RVR,2/25/2019,D,RF19,0.0014,4,5,Daphnia sp.,undetermined,5,Cladocera,,
Cage Prototypes,RVR,2/25/2019,D,RF22,0.0005,2,5,Eucyclops sp.,undetermined,1,Cyclopoida,,
Cage Prototypes,RVR,2/25/2019,D,RF22,0.0005,2,5,Daphnia sp.,undetermined,1,Cladocera,,
Cage Prototypes,RVR,2/25/2019,D,RF22,0.0005,2,5,Acanthocyclops sp.,adult,2,Cyclopoida,,
Cage Prototypes,RVR,2/25/2019,D,RF22,0.0005,2,5,Acanthocyclops sp.,copepodid,8,Cyclopoida,,
Cage Prototypes,RVR,2/25/2019,D,RF22,0.0005,2,5,Chydorus sp.,undetermined,1,Cladocera,,
Cage Prototypes,RVR,2/25/2019,D,RF22,0.0005,2,5,Diacyclops thomasi,undetermined,2,Cyclopoida,,
Cage Prototypes,RVR,2/25/2019,E,RH26,0.0047,4,5,Diaptomidae,adult,2,Calanoida,,
Cage Prototypes,RVR,2/25/2019,E,RH26,0.0047,4,5,Eucyclops sp.,undetermined,1,Cyclopoida,,
Cage Prototypes,RVR,2/25/2019,E,RH26,0.0047,4,5,Insecta,undetermined,1,Other,,
Cage Prototypes,RVR,2/25/2019,E,RH26,0.0047,4,5,Cladocera,undetermined,3,Cladocera,,
Cage Prototypes,RVR,2/25/2019,E,RH26,0.0047,4,5,Acanthocyclops sp.,adult,11,Cyclopoida,,
Cage Prototypes,RVR,2/25/2019,E,RH26,0.0047,4,5,Acanthocyclops sp.,copepodid,26,Cyclopoida,,
Cage Prototypes,RVR,2/25/2019,E,RH26,0.0047,4,5,Chydorus sp.,undetermined,1,Cladocera,,
Cage Prototypes,RVR,2/25/2019,E,RH26,0.0047,4,5,Daphnia sp.,undetermined,17,Cladocera,,
Cage Prototypes,RVR,2/25/2019,E,RH26,0.0047,4,5,Diacyclops thomasi,undetermined,1,Cyclopoida,,
Cage Prototypes,RVR,2/25/2019,C,RG68,0.0008,4,5,Simocephalus sp.,undetermined,2,Cladocera,,
Cage Prototypes,RVR,2/25/2019,C,RG68,0.0008,4,5,Eucyclops sp.,undetermined,1,Cyclopoida,,
Cage Prototypes,RVR,2/25/2019,C,RG68,0.0008,4,5,Cladocera,undetermined,3,Cladocera,,
Cage Prototypes,RVR,2/25/2019,C,RG68,0.0008,4,5,Acanthocyclops sp.,adult,3,Cyclopoida,,
Cage Prototypes,RVR,2/25/2019,C,RG68,0.0008,4,5,Acanthocyclops sp.,copepodid,7,Cyclopoida,,
Cage Prototypes,RVR,2/25/2019,C,RG68,0.0008,4,5,Daphnia sp.,undetermined,1,Cladocera,,
Cage Prototypes,RVR,2/25/2019,C,RG68,0.0008,4,5,Chydorus sp.,undetermined,1,Cladocera,,
Cage Prototypes,RVR,2/25/2019,D,RH02,0.0014,4,5,Simocephalus sp.,undetermined,4,Cladocera,,
Cage Prototypes,RVR,2/25/2019,D,RH02,0.0014,4,5,Eucyclops sp.,undetermined,2,Cyclopoida,,
Cage Prototypes,RVR,2/25/2019,D,RH02,0.0014,4,5,Diaptomidae,adult,1,Calanoida,,
Cage Prototypes,RVR,2/25/2019,D,RH02,0.0014,4,5,Acanthocyclops sp.,adult,1,Cyclopoida,,
Cage Prototypes,RVR,2/25/2019,D,RH02,0.0014,4,5,Acanthocyclops sp.,copepodid,16,Cyclopoida,,
Cage Prototypes,RVR,2/25/2019,D,RH02,0.0014,4,5,Daphnia sp.,undetermined,12,Cladocera,,
Cage Prototypes,RVR,2/25/2019,D,RH02,0.0014,4,5,Diacyclops thomasi,undetermined,2,Cyclopoida,,
Cage Prototypes,RVR,2/25/2019,E,RH85,0.0035,4,5,Ceriodaphnia sp.,undetermined,6,Cladocera,,
Cage Prototypes,RVR,2/25/2019,E,RH85,0.0035,4,5,Eucyclops sp.,undetermined,3,Cyclopoida,,
Cage Prototypes,RVR,2/25/2019,E,RH85,0.0035,4,5,Simocephalus sp.,undetermined,7,Cladocera,,
Cage Prototypes,RVR,2/25/2019,E,RH85,0.0035,4,5,Ostracoda,undetermined,1,Ostracoda,,
Cage Prototypes,RVR,2/25/2019,E,RH85,0.0035,4,5,Acanthocyclops sp.,adult,3,Cyclopoida,,
Cage Prototypes,RVR,2/25/2019,E,RH85,0.0035,4,5,Acanthocyclops sp.,copepodid,8,Cyclopoida,,
Cage Prototypes,RVR,2/25/2019,E,RH85,0.0035,4,5,Daphnia sp.,undetermined,12,Cladocera,,
Cage Prototypes,RVR,2/25/2019,E,RH85,0.0035,4,5,Diacyclops thomasi,undetermined,1,Cyclopoida,,
Cage Prototypes,RVR,2/25/2019,E,RH85,0.0035,4,5,Cladocera,undetermined,2,Cladocera,,
Cage Prototypes,RVR,2/25/2019,E,RH85,0.0035,4,5,Tropocyclops sp. ,undetermined,1,Cyclopoida,,
Cage Prototypes,RVR,2/25/2019,F,RG55,0.0069,5,5,Simocephalus sp.,undetermined,3,Cladocera,,
Cage Prototypes,RVR,2/25/2019,F,RG55,0.0069,5,5,Osphranticum labronectum,adult,1,Calanoida,,
Cage Prototypes,RVR,2/25/2019,F,RG55,0.0069,5,5,Diaptomidae,adult,1,Calanoida,,
Cage Prototypes,RVR,2/25/2019,F,RG55,0.0069,5,5,Acanthocyclops sp.,adult,3,Cyclopoida,,
Cage Prototypes,RVR,2/25/2019,F,RG55,0.0069,5,5,Acanthocyclops sp.,copepodid,6,Cyclopoida,,
Cage Prototypes,RVR,2/25/2019,F,RG55,0.0069,5,5,Daphnia sp.,undetermined,27,Cladocera,,
Cage Prototypes,RVR,2/25/2019,F,RG55,0.0069,5,5,Cladocera,undetermined,15,Cladocera,,
Cage Prototypes,RVR,2/25/2019,F,RG55,0.0069,5,5,Insecta,undetermined,1,Other,carapace,
Cage Prototypes,RVR,2/21/2019,FCCL Control,RB38,0.0006,3,5,Alona sp.,undetermined,1,Cladocera,,
Cage Prototypes,RVR,2/21/2019,FCCL Control,RB38,0.0006,3,5,Corophiidae,juvenile,8,Amphipoda,,
Cage Prototypes,RVR,2/21/2019,FCCL Control,RB38,0.0006,3,5,Eucyclops sp.,undetermined,2,Cyclopoida,,
Cage Prototypes,RVR,2/21/2019,FCCL Control,RB38,0.0006,3,5,Crangonyx sp. ,undetermined,3,Amphipoda,,
Cage Prototypes,RVR,2/21/2019,FCCL Control,RB38,0.0006,3,5,Ceriodaphnia sp.,undetermined,1,Cladocera,,
Cage Prototypes,RVR,2/21/2019,FCCL Control,RB38,0.0006,3,5,Pseudodiaptomus forbesi,adult,1,Calanoida,,
Cage Prototypes,RVR,2/21/2019,FCCL Control,RB38,0.0006,3,5,Chironomidae,larva,1,Diptera,,
Cage Prototypes,RVR,2/21/2019,FCCL Control,RB38,0.0006,3,5,Cyclopoida,copepodid,1,Cyclopoida,,
Cage Prototypes,RVR,2/21/2019,FCCL Control,RL19,0.0005,3,5,Alona sp.,undetermined,1,Cladocera,,
Cage Prototypes,RVR,2/21/2019,FCCL Control,RL19,0.0005,3,5,Corophiidae,juvenile,1,Amphipoda,,
Cage Prototypes,RVR,2/21/2019,FCCL Control,RL19,0.0005,3,5,Eucyclops sp.,undetermined,2,Cyclopoida,,
Cage Prototypes,RVR,2/21/2019,FCCL Control,RL19,0.0005,3,5,Crangonyx sp. ,undetermined,2,Amphipoda,,
Cage Prototypes,RVR,2/21/2019,FCCL Control,RL19,0.0005,3,5,egg unidentified,egg,1,Other,,
Cage Prototypes,RVR,2/21/2019,FCCL Control,RL19,0.0005,3,5,plant seed,undetermined,1,Other,,
Cage Prototypes,RVR,2/21/2019,FCCL Control,RJ40,0,2,6,Corophiidae,juvenile,1,Amphipoda,,
Cage Prototypes,RVR,2/25/2019,D,RF51,0.0038,4,5,Simocephalus sp.,undetermined,4,Cladocera,,
Cage Prototypes,RVR,2/25/2019,D,RF51,0.0038,4,5,Acanthocyclops sp.,adult,13,Cyclopoida,,
Cage Prototypes,RVR,2/25/2019,D,RF51,0.0038,4,5,Acanthocyclops sp.,copepodid,4,Cyclopoida,,
Cage Prototypes,RVR,2/25/2019,D,RF51,0.0038,4,5,Bosmina sp.,undetermined,1,Cladocera,,
Cage Prototypes,RVR,2/25/2019,D,RF51,0.0038,4,5,Cyclopoida,copepodid,1,Cyclopoida,,
Cage Prototypes,RVR,2/25/2019,D,RF51,0.0038,4,5,Daphnia sp.,undetermined,16,Cladocera,,
Cage Prototypes,RVR,2/25/2019,D,RF51,0.0038,4,5,Cladocera,undetermined,5,Cladocera,,
Cage Prototypes,RVR,2/25/2019,D,RF51,0.0038,4,5,plant matter,undetermined,1,Other,small stock,
Cage Prototypes,RVR,2/25/2019,D,RF51,0.0038,4,5,Amphipoda,undetermined,1,Amphipoda,body parts,
Cage Prototypes,DWSC,3/27/2019,A,RB67,0.0011,4,4,Acanthocyclops sp.,adult,1,Cyclopoida,,
Cage Prototypes,DWSC,3/27/2019,A,RB67,0.0011,4,4,Acanthocyclops sp.,copepodid,4,Cyclopoida,,
Cage Prototypes,DWSC,3/27/2019,A,RB67,0.0011,4,4,Bosmina sp.,undetermined,1,Cladocera,,
Cage Prototypes,DWSC,3/27/2019,A,RB67,0.0011,4,4,Chydorus sp.,undetermined,1,Cladocera,,
Cage Prototypes,DWSC,3/27/2019,A,RB67,0.0011,4,4,Daphnia sp.,undetermined,4,Cladocera,,
Cage Prototypes,DWSC,3/27/2019,A,RB67,0.0011,4,4,Diacyclops thomasi,undetermined,3,Cyclopoida,,
Cage Prototypes,DWSC,3/27/2019,A,RB67,0.0011,4,4,Cladocera,undetermined,1,Cladocera,,
Cage Prototypes,DWSC,3/27/2019,A,RB67,0.0011,4,4,Insecta,undetermined,1,Other,,
Cage Prototypes,RVR,2/21/2019,FCCL Control,OO40,0.002,4,4,Eucyclops sp.,undetermined,1,Cyclopoida,,
Cage Prototypes,RVR,2/21/2019,FCCL Control,OO40,0.002,4,4,Hyallela azteca,undetermined,1,Amphipoda,,
Cage Prototypes,RVR,2/21/2019,FCCL Control,OO40,0.002,4,4,Crangonyx sp. ,undetermined,1,Amphipoda,,
Cage Prototypes,RVR,2/21/2019,FCCL Control,OO40,0.002,4,4,Chironomidae,adult,1,Diptera,,
Cage Prototypes,RVR,2/21/2019,FCCL Control,OO40,0.002,4,4,Amphipoda,undetermined,1,Amphipoda,,
Cage Prototypes,RVR,2/21/2019,FCCL Control,RB28,0.0003,3,5,Corophiidae,juvenile,1,Amphipoda,,
Cage Prototypes,RVR,2/21/2019,FCCL Control,RB28,0.0003,3,5,Crangonyx sp. ,undetermined,3,Amphipoda,,
Cage Prototypes,RVR,2/21/2019,FCCL Control,RK89,0.0013,3,5,Hyallela azteca,undetermined,1,Amphipoda,,
Cage Prototypes,RVR,2/21/2019,FCCL Control,RK89,0.0013,3,5,Sinocalanus doerrii,adult,1,Calanoida,,
Cage Prototypes,RVR,2/21/2019,FCCL Control,RK89,0.0013,3,5,Crangonyx sp. ,undetermined,2,Amphipoda,,
Cage Prototypes,DWSC,3/27/2019,A,RB47,0.0036,4,4,Simocephalus sp.,undetermined,1,Cladocera,,
Cage Prototypes,DWSC,3/27/2019,A,RB47,0.0036,4,4,Ceriodaphnia sp.,undetermined,2,Cladocera,,
Cage Prototypes,DWSC,3/27/2019,A,RB47,0.0036,4,4,Diaptomidae,adult,5,Calanoida,,
Cage Prototypes,DWSC,3/27/2019,A,RB47,0.0036,4,4,Harpacticoida,undetermined,2,Harpacticoda,,
Cage Prototypes,DWSC,3/27/2019,A,RB47,0.0036,4,4,Acanthocyclops sp.,adult,13,Cyclopoida,,
Cage Prototypes,DWSC,3/27/2019,A,RB47,0.0036,4,4,Acanthocyclops sp.,copepodid,49,Cyclopoida,,
Cage Prototypes,DWSC,3/27/2019,A,RB47,0.0036,4,4,Eurytemora affinis,adult,12,Calanoida,,
Cage Prototypes,DWSC,3/27/2019,A,RB47,0.0036,4,4,Sinocalanus doerrii,adult,4,Calanoida,,
Cage Prototypes,DWSC,3/27/2019,A,RB47,0.0036,4,4,Bosmina sp.,undetermined,25,Cladocera,,
Cage Prototypes,DWSC,3/27/2019,A,RB47,0.0036,4,4,Chydorus sp.,undetermined,10,Cladocera,,
Cage Prototypes,DWSC,3/27/2019,A,RB47,0.0036,4,4,Daphnia sp.,undetermined,7,Cladocera,,
Cage Prototypes,DWSC,3/27/2019,A,RB47,0.0036,4,4,Diacyclops thomasi,undetermined,27,Cyclopoida,,
Cage Prototypes,DWSC,3/27/2019,A,RB47,0.0036,4,4,Calanoida,copepodid,22,Calanoida,,
Cage Prototypes,DWSC,3/27/2019,A,RB47,0.0036,4,4,Cyclopoida,copepodid,33,Cyclopoida,,
Cage Prototypes,DWSC,3/27/2019,A,RB47,0.0036,4,4,Cladocera,undetermined,3,Cladocera,,
Cage Prototypes,DWSC,3/27/2019,A,RK69,0.0017,3,5,Diaptomidae,adult,3,Calanoida,,
Cage Prototypes,DWSC,3/27/2019,A,RK69,0.0017,3,5,Alona sp.,undetermined,1,Cladocera,,
Cage Prototypes,DWSC,3/27/2019,A,RK69,0.0017,3,5,Acanthocyclops sp.,adult,2,Cyclopoida,,
Cage Prototypes,DWSC,3/27/2019,A,RK69,0.0017,3,5,Acanthocyclops sp.,copepodid,23,Cyclopoida,,
Cage Prototypes,DWSC,3/27/2019,A,RK69,0.0017,3,5,Eurytemora affinis,adult,4,Calanoida,,
Cage Prototypes,DWSC,3/27/2019,A,RK69,0.0017,3,5,Sinocalanus doerrii,copepodid,1,Calanoida,,
Cage Prototypes,DWSC,3/27/2019,A,RK69,0.0017,3,5,Bosmina sp.,undetermined,3,Cladocera,,
Cage Prototypes,DWSC,3/27/2019,A,RK69,0.0017,3,5,Chydorus sp.,undetermined,6,Cladocera,,
Cage Prototypes,DWSC,3/27/2019,A,RK69,0.0017,3,5,Daphnia sp.,undetermined,5,Cladocera,,
Cage Prototypes,DWSC,3/27/2019,A,RK69,0.0017,3,5,Diacyclops thomasi,undetermined,5,Cyclopoida,,
Cage Prototypes,DWSC,3/27/2019,A,RK69,0.0017,3,5,Calanoida,copepodid,10,Calanoida,,
Cage Prototypes,DWSC,3/27/2019,A,RK69,0.0017,3,5,Cyclopoida,copepodid,5,Cyclopoida,,
