MethodCode,SampleDate,SampleTime,StationCode,Volume Received (mL),Volume Analyzed (mL),Percent of Sample Counted,Field-of-view (mm²),Slide/ Chamber Area (mm²),Area Counted,Number of Fields Counted,Factor,BSA_TIN,Taxon,Diatom/SoftBody,Genus,Species,Synonym,Unit Abundance (# of Natural Units),Total Number of Cells,GALD 1,Colony/Filament/Individual Group Code,BSA#,Taxonomist,Comments,Shape,Biovolume 1,Biovolume 2,Biovolume 3,Biovolume 4,Biovolume 5,Biovolume 6,Biovolume 7,Biovolume 8,Biovolume 9,Biovolume 10
Phyto,11/10/2021,9:20,D26,62,4,6.45%,0.0683,314.159,3.0735,45,25.55,145,Cocconeis placentula,Diatom,Cocconeis,placentula,,1,1,20.4,i,BSA.11-01,AB,Moderate sediment.,elliptic prism,323.65,,,,,,,,,
Phyto,11/10/2021,9:20,D26,62,4,6.45%,0.0683,314.159,3.0735,45,25.55,190,Cyclotella sp.,Diatom,Cyclotella,sp.,,2,2,7.4,i,BSA.11-01,AB,Moderate sediment.,cylinder,123.40,,,,,,,,,
Phyto,11/10/2021,9:20,D26,62,4,6.45%,0.0683,314.159,3.0735,45,25.55,586,Navicula gregaria,Diatom,Navicula,gregaria,,1,1,35.2,i,BSA.11-01,AB,Moderate sediment.,elliptic prism,818.32,,,,,,,,,
Phyto,11/10/2021,9:20,D26,62,4,6.45%,0.0683,314.159,3.0735,45,25.55,1119,Lagerheimia genevensis,Soft Body,Lagerheimia,genevensis,,1,1,7,i,BSA.11-01,AB,Moderate sediment.,ellipsoid,54.98,,,,,,,,,
Phyto,11/10/2021,9:20,D26,62,4,6.45%,0.0683,314.159,3.0735,45,25.55,1364,Plagioselmis nannoplanctica,Soft Body,Plagioselmis,nannoplanctica,,1,1,11.1,i,BSA.11-01,AB,Moderate sediment.,cone + half sphere,551.58,,,,,,,,,
Phyto,11/10/2021,9:20,D26,62,4,6.45%,0.0683,314.159,3.0735,45,25.55,1419,Eucapsis microscopica,Soft Body,Eucapsis,microscopica,,395,790,0.8,c,BSA.11-01,AB,Moderate sediment.,sphere,0.18,0.18,0.18,0.18,0.18,0.18,0.18,0.18,0.18,0.18
Phyto,11/10/2021,12:10,P8,57,7,12.28%,0.0683,314.159,1.9807,29,22.66,190,Cyclotella sp.,Diatom,Cyclotella,sp.,,1,1,8.4,i,BSA.11-02,AB,Moderate sediment and low detritus.,cylinder,221.67,,,,,,,,,
Phyto,11/10/2021,12:10,P8,57,7,12.28%,0.0683,314.159,1.9807,29,22.66,749,Nitzschia sp.,Diatom,Nitzschia,sp.,,1,1,19.5,i,BSA.11-02,AB,Moderate sediment and low detritus.,prism on parallelogram,68.25,,,,,,,,,
Phyto,11/10/2021,12:10,P8,57,7,12.28%,0.0683,314.159,1.9807,29,22.66,1352,Cryptomonas sp.,Soft Body,Cryptomonas,sp.,,1,1,18,i,BSA.11-02,AB,Moderate sediment and low detritus.,prolate spheroid,815.15,,,,,,,,,
Phyto,11/10/2021,12:10,P8,57,7,12.28%,0.0683,314.159,1.9807,29,22.66,1364,Plagioselmis nannoplanctica,Soft Body,Plagioselmis,nannoplanctica,,11,11,9.5,i,BSA.11-02,AB,Moderate sediment and low detritus.,cone + half sphere,247.79,,,,,,,,,
Phyto,11/10/2021,12:10,P8,57,7,12.28%,0.0683,314.159,1.9807,29,22.66,1733,Plagioselmis prolonga,Soft Body,Plagioselmis,prolonga,,11,11,6,i,BSA.11-02,AB,Moderate sediment and low detritus.,cone + half sphere,83.67,,,,,,,,,
Phyto,11/10/2021,12:10,P8,57,7,12.28%,0.0683,314.159,1.9807,29,22.66,1419,Eucapsis microscopica,Soft Body,Eucapsis,microscopica,,375,750,0.8,c,BSA.11-02,AB,Moderate sediment and low detritus.,sphere,0.18,0.18,0.18,0.18,0.18,0.18,0.18,0.18,0.18,0.18
Phyto,11/12/2021,13:15,D22,59,3,5.08%,0.0683,314.159,1.7075,25,61.33,1732,Entomoneis paludosa,Diatom,Entomoneis,paludosa,,1,1,40.7,i,BSA.11-03,AB,Moderate sediment and low detritus. ,elliptic prism,1956.30,,,,,,,,,
Phyto,11/12/2021,13:15,D22,59,3,5.08%,0.0683,314.159,1.7075,25,61.33,749,Nitzschia sp.,Diatom,Nitzschia,sp.,,1,1,16.7,i,BSA.11-03,AB,Moderate sediment and low detritus. ,prism on parallelogram,77.24,,,,,,,,,
Phyto,11/12/2021,13:15,D22,59,3,5.08%,0.0683,314.159,1.7075,25,61.33,846,Planothidium sp.,Diatom,Planothidium,sp.,,1,1,8,i,BSA.11-03,AB,Moderate sediment and low detritus. ,elliptic prism,75.40,,,,,,,,,
Phyto,11/12/2021,13:15,D22,59,3,5.08%,0.0683,314.159,1.7075,25,61.33,1364,Plagioselmis nannoplanctica,Soft Body,Plagioselmis,nannoplanctica,,1,1,8,i,BSA.11-03,AB,Moderate sediment and low detritus. ,cone + half sphere,201.06,,,,,,,,,
Phyto,11/12/2021,13:15,D22,59,3,5.08%,0.0683,314.159,1.7075,25,61.33,1419,Eucapsis microscopica,Soft Body,Eucapsis,microscopica,,396,792,0.8,c,BSA.11-03,AB,Moderate sediment and low detritus. ,sphere,0.18,0.18,0.18,0.18,0.18,0.18,0.18,0.18,0.18,0.18
Phyto,11/10/2021,10:45,MD10A,59,7,11.86%,0.0683,314.159,2.5954,38,17.29,145,Cocconeis placentula,Diatom,Cocconeis,placentula,,3,3,23.1,i,BSA.11-04,AB,Low sediment and detritus.,elliptic prism,290.28,,,,,,,,,
Phyto,11/10/2021,10:45,MD10A,59,7,11.86%,0.0683,314.159,2.5954,38,17.29,190,Cyclotella sp.,Diatom,Cyclotella,sp.,,2,2,16.7,i,BSA.11-04,AB,Low sediment and detritus.,cylinder,485.23,,,,,,,,,
Phyto,11/10/2021,10:45,MD10A,59,7,11.86%,0.0683,314.159,2.5954,38,17.29,749,cf. Nitzschia sp.,Diatom,Nitzschia,sp.,,1,1,42.6,i,BSA.11-04,AB,Low sediment and detritus.,prism on parallelogram,882.67,,,,,,,,,
Phyto,11/10/2021,10:45,MD10A,59,7,11.86%,0.0683,314.159,2.5954,38,17.29,749,Nitzschia sp.,Diatom,Nitzschia,sp.,,2,2,18.5,i,BSA.11-04,AB,Low sediment and detritus.,prism on parallelogram,66.79,,,,,,,,,
Phyto,11/10/2021,10:45,MD10A,59,7,11.86%,0.0683,314.159,2.5954,38,17.29,1349,Cryptomonas cf. ovata,Soft Body,Cryptomonas,ovata,,5,5,20.4,i,BSA.11-04,AB,Low sediment and detritus.,prolate spheroid,878.24,,,,,,,,,
Phyto,11/10/2021,10:45,MD10A,59,7,11.86%,0.0683,314.159,2.5954,38,17.29,1364,Plagioselmis nannoplanctica,Soft Body,Plagioselmis,nannoplanctica,,6,6,11.6,i,BSA.11-04,AB,Low sediment and detritus.,cone + half sphere,577.39,,,,,,,,,
Phyto,11/10/2021,10:45,MD10A,59,7,11.86%,0.0683,314.159,2.5954,38,17.29,1419,Eucapsis microscopica,Soft Body,Eucapsis,microscopica,,381,762,0.8,c,BSA.11-04,AB,Low sediment and detritus.,sphere,0.18,0.18,0.18,0.18,0.18,0.18,0.18,0.18,0.18,0.18
Phyto,11/17/2021,12:30,D41,59,6,10.17%,0.0683,314.159,2.1856,32,23.96,190,Cyclotella sp.,Diatom,Cyclotella,sp.,,4,4,11.1,i,BSA.11-05,AB,Low detritus. ,cylinder,329.72,,,,,,,,,
Phyto,11/17/2021,12:30,D41,59,6,10.17%,0.0683,314.159,2.1856,32,23.96,895,Skeletonema sp.,Diatom,Skeletonema,sp.,,3,3,10.4,i,BSA.11-05,AB,Low detritus. ,cylinder + 2 half spheres,345.10,,,,,,,,,
Phyto,11/17/2021,12:30,D41,59,6,10.17%,0.0683,314.159,2.1856,32,23.96,1806,Chrysochromulina sp.,Soft Body,Chrysochromulina,sp.,,2,2,5,i,BSA.11-05,AB,Low detritus. ,prolate spheroid,41.56,,,,,,,,,
Phyto,11/17/2021,12:30,D41,59,6,10.17%,0.0683,314.159,2.1856,32,23.96,1324,Ochromonas sp.,Soft Body,Ochromonas,sp.,,3,3,7,i,BSA.11-05,AB,Low detritus. ,cone + half sphere,112.15,,,,,,,,,
Phyto,11/17/2021,12:30,D41,59,6,10.17%,0.0683,314.159,2.1856,32,23.96,1364,Plagioselmis nannoplanctica,Soft Body,Plagioselmis,nannoplanctica,,25,25,11,i,BSA.11-05,AB,Low detritus. ,cone + half sphere,342.36,,,,,,,,,
Phyto,11/17/2021,12:30,D41,59,6,10.17%,0.0683,314.159,2.1856,32,23.96,1419,Eucapsis microscopica,Soft Body,Eucapsis,microscopica,,367,734,0.8,c,BSA.11-05,AB,Low detritus. ,sphere,0.18,0.18,0.18,0.18,0.18,0.18,0.18,0.18,0.18,0.18
Phyto,11/17/2021,12:30,D41,59,6,10.17%,0.0683,314.159,2.1856,32,23.96,1555,Lepocinclis sp.,Soft Body,Lepocinclis,sp.,,2,2,24.1,i,BSA.11-05,AB,Low detritus. ,2 cones,760.47,,,,,,,,,
Phyto,11/9/2021,8:50,D12,58,3,5.17%,0.0683,314.159,0.8879,13,117.94,310,Encyonema sp.,Diatom,Encyonema,sp.,,1,1,24.6,i,BSA.11-06,AB,High sediment and moderate detritus.,cymbelloid,262.45,,,,,,,,,
Phyto,11/9/2021,8:50,D12,58,3,5.17%,0.0683,314.159,0.8879,13,117.94,749,Nitzschia sp.,Diatom,Nitzschia,sp.,,1,1,15.6,i,BSA.11-06,AB,High sediment and moderate detritus.,prism on parallelogram,68.25,,,,,,,,,
Phyto,11/9/2021,8:50,D12,58,3,5.17%,0.0683,314.159,0.8879,13,117.94,1349,Cryptomonas cf. ovata,Soft Body,Cryptomonas,ovata,,2,2,18,i,BSA.11-06,AB,High sediment and moderate detritus.,prolate spheroid,857.22,,,,,,,,,
Phyto,11/9/2021,8:50,D12,58,3,5.17%,0.0683,314.159,0.8879,13,117.94,1364,Plagioselmis nannoplanctica,Soft Body,Plagioselmis,nannoplanctica,,1,1,5.6,i,BSA.11-06,AB,High sediment and moderate detritus.,cone + half sphere,76.35,,,,,,,,,
Phyto,11/9/2021,8:50,D12,58,3,5.17%,0.0683,314.159,0.8879,13,117.94,1419,Eucapsis microscopica,Soft Body,Eucapsis,microscopica,,401,802,0.8,c,BSA.11-06,AB,High sediment and moderate detritus.,sphere,0.18,0.18,0.18,0.18,0.18,0.18,0.18,0.18,0.18,0.18
Phyto,11/9/2021,12:00,D19,60,5,8.33%,0.0683,314.159,1.4343,21,43.81,46,Achnanthidium sp.,Diatom,Achnanthidium,sp.,,1,1,10.4,i,BSA.11-07,AB,Moderate sediment. Many broken diatoms.,elliptic prism,79.64,,,,,,,,,
Phyto,11/9/2021,12:00,D19,60,5,8.33%,0.0683,314.159,1.4343,21,43.81,145,Cocconeis placentula,Diatom,Cocconeis,placentula,,1,1,19,i,BSA.11-07,AB,Moderate sediment. Many broken diatoms.,elliptic prism,331.28,,,,,,,,,
Phyto,11/9/2021,12:00,D19,60,5,8.33%,0.0683,314.159,1.4343,21,43.81,147,Cocconeis sp.,Diatom,Cocconeis,sp.,,1,1,18,i,BSA.11-07,AB,Moderate sediment. Many broken diatoms.,elliptic prism,339.29,,,,,,,,,
Phyto,11/9/2021,12:00,D19,60,5,8.33%,0.0683,314.159,1.4343,21,43.81,190,Cyclotella sp.,Diatom,Cyclotella,sp.,,1,1,9.3,i,BSA.11-07,AB,Moderate sediment. Many broken diatoms.,cylinder,237.75,,,,,,,,,
Phyto,11/9/2021,12:00,D19,60,5,8.33%,0.0683,314.159,1.4343,21,43.81,631,cf. Navicula sp.,Diatom,Navicula,sp.,,1,1,16,i,BSA.11-07,AB,Moderate sediment. Many broken diatoms.,elliptic prism,281.49,,,,,,,,,
Phyto,11/9/2021,12:00,D19,60,5,8.33%,0.0683,314.159,1.4343,21,43.81,1806,Chrysochromulina sp.,Soft Body,Chrysochromulina,sp.,,4,4,4,i,BSA.11-07,AB,Moderate sediment. Many broken diatoms.,prolate spheroid,25.79,,,,,,,,,
Phyto,11/9/2021,12:00,D19,60,5,8.33%,0.0683,314.159,1.4343,21,43.81,1364,Plagioselmis nannoplanctica,Soft Body,Plagioselmis,nannoplanctica,,6,6,9.3,i,BSA.11-07,AB,Moderate sediment. Many broken diatoms.,cone + half sphere,327.95,,,,,,,,,
Phyto,11/9/2021,12:00,D19,60,5,8.33%,0.0683,314.159,1.4343,21,43.81,1419,Eucapsis microscopica,Soft Body,Eucapsis,microscopica,,398,796,0.8,c,BSA.11-07,AB,Moderate sediment. Many broken diatoms.,sphere,0.18,0.18,0.18,0.18,0.18,0.18,0.18,0.18,0.18,0.18
Phyto,11/8/2021,10:00,C9,62,7,11.29%,0.0683,314.159,2.5954,38,17.29,190,Cyclotella sp.,Diatom,Cyclotella,sp.,,6,6,8,i,BSA.11-08,AB,Low detritus.,cylinder,153.94,,,,,,,,,
Phyto,11/8/2021,10:00,C9,62,7,11.29%,0.0683,314.159,2.5954,38,17.29,749,Nitzschia sp.,Diatom,Nitzschia,sp.,,1,1,33.3,i,BSA.11-08,AB,Low detritus.,prism on parallelogram,224.78,,,,,,,,,
Phyto,11/8/2021,10:00,C9,62,7,11.29%,0.0683,314.159,2.5954,38,17.29,846,cf. Planothidium sp.,Diatom,Planothidium,sp.,,1,1,10.1,i,BSA.11-08,AB,Low detritus.,elliptic prism,55.53,,,,,,,,,
Phyto,11/8/2021,10:00,C9,62,7,11.29%,0.0683,314.159,2.5954,38,17.29,1020,Carteria sp.,Soft Body,Carteria,sp.,,3,3,6,i,BSA.11-08,AB,Low detritus.,sphere,38.68,,,,,,,,,
Phyto,11/8/2021,10:00,C9,62,7,11.29%,0.0683,314.159,2.5954,38,17.29,1248,cf. Sphaerocystis sp.,Soft Body,Sphaerocystis,sp.,,1,4,2.2,c,BSA.11-08,AB,Low detritus.,sphere,5.58,,,,,,,,,
Phyto,11/8/2021,10:00,C9,62,7,11.29%,0.0683,314.159,2.5954,38,17.29,1364,Plagioselmis nannoplanctica,Soft Body,Plagioselmis,nannoplanctica,,22,22,11.4,i,BSA.11-08,AB,Low detritus.,cone + half sphere,430.35,,,,,,,,,
Phyto,11/8/2021,10:00,C9,62,7,11.29%,0.0683,314.159,2.5954,38,17.29,1419,Eucapsis microscopica,Soft Body,Eucapsis,microscopica,,375,750,0.8,c,BSA.11-08,AB,Low detritus.,sphere,0.18,0.18,0.18,0.18,0.18,0.18,0.18,0.18,0.18,0.18
Phyto,11/9/2021,9:50,EZ2-SJR,59,5,8.47%,0.0683,314.159,1.6392,24,38.33,1732,Entomoneis paludosa,Diatom,Entomoneis,paludosa,,1,1,38.9,i,BSA.11-09,AB,Moderate sediment and detritus.,elliptic prism,1275.54,,,,,,,,,
Phyto,11/9/2021,9:50,EZ2-SJR,59,5,8.47%,0.0683,314.159,1.6392,24,38.33,631,Navicula sp.,Diatom,Navicula,sp.,,2,2,16.7,i,BSA.11-09,AB,Moderate sediment and detritus.,elliptic prism,92.31,,,,,,,,,
Phyto,11/9/2021,9:50,EZ2-SJR,59,5,8.47%,0.0683,314.159,1.6392,24,38.33,1364,Plagioselmis nannoplanctica,Soft Body,Plagioselmis,nannoplanctica,,3,3,10.4,i,BSA.11-09,AB,Moderate sediment and detritus.,cone + half sphere,416.26,,,,,,,,,
Phyto,11/9/2021,9:50,EZ2-SJR,59,5,8.47%,0.0683,314.159,1.6392,24,38.33,1733,Plagioselmis prolonga,Soft Body,Plagioselmis,prolonga,,1,1,6,i,BSA.11-09,AB,Moderate sediment and detritus.,cone + half sphere,94.25,,,,,,,,,
Phyto,11/9/2021,9:50,EZ2-SJR,59,5,8.47%,0.0683,314.159,1.6392,24,38.33,1419,Eucapsis microscopica,Soft Body,Eucapsis,microscopica,,396,796,0.8,c,BSA.11-09,AB,Moderate sediment and detritus.,sphere,0.18,0.18,0.18,0.18,0.18,0.18,0.18,0.18,0.18,0.18
Phyto,11/9/2021,10:40,D16,60,6,10.00%,0.0683,314.159,2.5954,38,20.17,46,Achnanthidium sp.,Diatom,Achnanthidium,sp.,,1,1,11.4,i,BSA.11-10,AB,Moderate detritus. Many broken diatoms.,elliptic prism,89.45,,,,,,,,,
Phyto,11/9/2021,10:40,D16,60,6,10.00%,0.0683,314.159,2.5954,38,20.17,190,Cyclotella sp.,Diatom,Cyclotella,sp.,,3,3,9,i,BSA.11-10,AB,Moderate detritus. Many broken diatoms.,cylinder,230.38,,,,,,,,,
Phyto,11/9/2021,10:40,D16,60,6,10.00%,0.0683,314.159,2.5954,38,20.17,326,Epithemia sp.,Diatom,Epithemia,sp.,,1,1,40.7,i,BSA.11-10,AB,Moderate detritus. Many broken diatoms.,cymbelloid,488.53,,,,,,,,,
Phyto,11/9/2021,10:40,D16,60,6,10.00%,0.0683,314.159,2.5954,38,20.17,631,Navicula sp.,Diatom,Navicula,sp.,,1,1,25.9,i,BSA.11-10,AB,Moderate detritus. Many broken diatoms.,elliptic prism,61.03,,,,,,,,,
Phyto,11/9/2021,10:40,D16,60,6,10.00%,0.0683,314.159,2.5954,38,20.17,1031,Chlamydomonas sp.,Soft Body,Chlamydomonas,sp.,,2,2,7.4,i,BSA.11-10,AB,Moderate detritus. Many broken diatoms.,sphere,169.48,,,,,,,,,
Phyto,11/9/2021,10:40,D16,60,6,10.00%,0.0683,314.159,2.5954,38,20.17,1806,Chrysochromulina sp.,Soft Body,Chrysochromulina,sp.,,1,1,5.6,i,BSA.11-10,AB,Moderate detritus. Many broken diatoms.,prolate spheroid,73.30,,,,,,,,,
Phyto,11/9/2021,10:40,D16,60,6,10.00%,0.0683,314.159,2.5954,38,20.17,1364,Plagioselmis nannoplanctica,Soft Body,Plagioselmis,nannoplanctica,,4,4,6,i,BSA.11-10,AB,Moderate detritus. Many broken diatoms.,cone + half sphere,109.33,,,,,,,,,
Phyto,11/9/2021,10:40,D16,60,6,10.00%,0.0683,314.159,2.5954,38,20.17,1419,Eucapsis microscopica,Soft Body,Eucapsis,microscopica,,392,784,0.8,c,BSA.11-10,AB,Moderate detritus. Many broken diatoms.,sphere,0.18,0.18,0.18,0.18,0.18,0.18,0.18,0.18,0.18,0.18
Phyto,11/8/2021,11:15,C10A,60,6,10.00%,0.0683,314.159,2.6637,39,19.66,46,Achnanthidium sp.,Diatom,Achnanthidium,sp.,,1,1,16.7,i,BSA.11-11,AB,,elliptic prism,196.74,,,,,,,,,
Phyto,11/8/2021,11:15,C10A,60,6,10.00%,0.0683,314.159,2.6637,39,19.66,145,Cocconeis placentula,Diatom,Cocconeis,placentula,,2,2,22.2,i,BSA.11-11,AB,,elliptic prism,514.42,,,,,,,,,
Phyto,11/8/2021,11:15,C10A,60,6,10.00%,0.0683,314.159,2.6637,39,19.66,190,Cyclotella sp.,Diatom,Cyclotella,sp.,,5,5,13,i,BSA.11-11,AB,,cylinder,392.23,,,,,,,,,
Phyto,11/8/2021,11:15,C10A,60,6,10.00%,0.0683,314.159,2.6637,39,19.66,1912,Navicula cf. rhynchotella,Diatom,Navicula,rhynchotella,,2,2,42.6,i,BSA.11-11,AB,,elliptic prism,1058.72,,,,,,,,,
Phyto,11/8/2021,11:15,C10A,60,6,10.00%,0.0683,314.159,2.6637,39,19.66,631,cf. Navicula sp.,Diatom,Navicula,sp.,,2,2,38.9,i,BSA.11-11,AB,Girdle view.,elliptic prism,1207.31,,,,,,,,,
Phyto,11/8/2021,11:15,C10A,60,6,10.00%,0.0683,314.159,2.6637,39,19.66,631,Navicula sp.,Diatom,Navicula,sp.,,1,1,20.4,i,BSA.11-11,AB,,elliptic prism,288.40,,,,,,,,,
Phyto,11/8/2021,11:15,C10A,60,6,10.00%,0.0683,314.159,2.6637,39,19.66,749,Nitzschia sp.,Diatom,Nitzschia,sp.,,3,3,50.1,i,BSA.11-11,AB,,prism on parallelogram,130.64,,,,,,,,,
Phyto,11/8/2021,11:15,C10A,60,6,10.00%,0.0683,314.159,2.6637,39,19.66,1037,Chlorella sp.,Soft Body,Chlorella,sp.,,3,3,4,i,BSA.11-11,AB,,sphere,26.52,,,,,,,,,
Phyto,11/8/2021,11:15,C10A,60,6,10.00%,0.0683,314.159,2.6637,39,19.66,1761,Drepanochloris nannoselene,Soft Body,Drepanochloris,nannoselene,,1,1,4.5,i,BSA.11-11,AB,,cylinder + 2 cones,9.28,,,,,,,,,
Phyto,11/8/2021,11:15,C10A,60,6,10.00%,0.0683,314.159,2.6637,39,19.66,1134,Monoraphidium contortum,Soft Body,Monoraphidium,contortum,,1,1,13.5,i,BSA.11-11,AB,,2 cones,13.85,,,,,,,,,
Phyto,11/8/2021,11:15,C10A,60,6,10.00%,0.0683,314.159,2.6637,39,19.66,1235,Scenedesmus sp.,Soft Body,Scenedesmus,sp.,,1,2,7.4,c,BSA.11-11,AB,,prolate spheroid,47.46,,,,,,,,,
Phyto,11/8/2021,11:15,C10A,60,6,10.00%,0.0683,314.159,2.6637,39,19.66,1242,cf. Selenastrum sp.,Soft Body,Selenastrum,sp.,,1,1,5,i,BSA.11-11,AB,,2 cones,12.67,,,,,,,,,
Phyto,11/8/2021,11:15,C10A,60,6,10.00%,0.0683,314.159,2.6637,39,19.66,1806,cf. Chrysochromulina sp.,Soft Body,Chrysochromulina,sp.,,4,4,5.6,i,BSA.11-11,AB,,prolate spheroid,53.18,,,,,,,,,
Phyto,11/8/2021,11:15,C10A,60,6,10.00%,0.0683,314.159,2.6637,39,19.66,1364,Plagioselmis nannoplanctica,Soft Body,Plagioselmis,nannoplanctica,,2,2,9.3,i,BSA.11-11,AB,,cone + half sphere,321.30,,,,,,,,,
Phyto,11/8/2021,11:15,C10A,60,6,10.00%,0.0683,314.159,2.6637,39,19.66,1423,Chroococcus sp.,Soft Body,Chroococcus,sp.,,1,2,2,c,BSA.11-11,AB,,sphere,4.19,,,,,,,,,
Phyto,11/8/2021,11:15,C10A,60,6,10.00%,0.0683,314.159,2.6637,39,19.66,1419,Eucapsis microscopica,Soft Body,Eucapsis,microscopica,,373,746,0.8,c,BSA.11-11,AB,,sphere,0.18,0.18,0.18,0.18,0.18,0.18,0.18,0.18,0.18,0.18
Phyto,11/8/2021,11:15,C10A,60,6,10.00%,0.0683,314.159,2.6637,39,19.66,1508,Pseudanabaena sp.,Soft Body,Pseudanabaena,sp.,,1,12,3.7,f,BSA.11-11,AB,,cylinder,4.18,,,,,,,,,
Phyto,11/8/2021,8:15,C3A,60,8,13.33%,0.0683,314.159,2.3222,34,16.91,145,Cocconeis placentula,Diatom,Cocconeis,placentula,,1,1,17,i,BSA.11-12,AB,Low detritus.,elliptic prism,248.34,,,,,,,,,
Phyto,11/8/2021,8:15,C3A,60,8,13.33%,0.0683,314.159,2.3222,34,16.91,190,Cyclotella sp.,Diatom,Cyclotella,sp.,,6,6,11.1,i,BSA.11-12,AB,Low detritus.,cylinder,351.21,,,,,,,,,
Phyto,11/8/2021,8:15,C3A,60,8,13.33%,0.0683,314.159,2.3222,34,16.91,273,Diatoma sp.,Diatom,Diatoma,sp.,,1,1,19,i,BSA.11-12,AB,Low detritus.,elliptic prism,313.37,,,,,,,,,
Phyto,11/8/2021,8:15,C3A,60,8,13.33%,0.0683,314.159,2.3222,34,16.91,310,Encyonema sp.,Diatom,Encyonema,sp.,,1,1,18,i,BSA.11-12,AB,Low detritus.,cymbelloid,133.24,,,,,,,,,
Phyto,11/8/2021,8:15,C3A,60,8,13.33%,0.0683,314.159,2.3222,34,16.91,631,cf. Navicula sp.,Diatom,Navicula,sp.,,6,6,13,i,BSA.11-12,AB,Low detritus.,elliptic prism,51.05,,,,,,,,,
Phyto,11/8/2021,8:15,C3A,60,8,13.33%,0.0683,314.159,2.3222,34,16.91,749,Nitzschia sp.,Diatom,Nitzschia,sp.,,4,4,55,i,BSA.11-12,AB,Low detritus.,prism on parallelogram,166.00,,,,,,,,,
Phyto,11/8/2021,8:15,C3A,60,8,13.33%,0.0683,314.159,2.3222,34,16.91,870,Pseudostaurosira sp.,Diatom,Pseudostaurosira,sp.,,1,1,9.3,i,BSA.11-12,AB,Low detritus.,box,63.91,,,,,,,,,
Phyto,11/8/2021,8:15,C3A,60,8,13.33%,0.0683,314.159,2.3222,34,16.91,1364,Plagioselmis nannoplanctica,Soft Body,Plagioselmis,nannoplanctica,,2,2,10.6,i,BSA.11-12,AB,Low detritus.,cone + half sphere,424.63,,,,,,,,,
Phyto,11/8/2021,8:15,C3A,60,8,13.33%,0.0683,314.159,2.3222,34,16.91,1419,Eucapsis microscopica,Soft Body,Eucapsis,microscopica,,385,770,0.8,c,BSA.11-12,AB,Low detritus.,sphere,0.18,0.18,0.18,0.18,0.18,0.18,0.18,0.18,0.18,0.18
Phyto,11/8/2021,8:15,C3A,60,8,13.33%,0.0683,314.159,2.3222,34,16.91,1477,cf. Microcystis sp.,Soft Body,Microcystis,sp.,,1,1,5,i,BSA.11-12,AB,Low detritus.,sphere,65.45,,,,,,,,,
Phyto,11/8/2021,8:15,C3A,60,8,13.33%,0.0683,314.159,2.3222,34,16.91,1508,Pseudanabaena sp.,Soft Body,Pseudanabaena,sp.,,1,20,4,f,BSA.11-12,AB,Low detritus.,cylinder,7.07,,,,,,,,,
Phyto,11/17/2021,13:25,NZ325,60,5,8.33%,0.0683,314.159,1.2294,18,51.11,46,cf. Achnanthidium sp.,Diatom,Achnanthidium,sp.,,1,1,7.4,i,BSA.11-13,CB,,elliptic prism,40.86,,,,,,,,,
Phyto,11/17/2021,13:25,NZ325,60,5,8.33%,0.0683,314.159,1.2294,18,51.11,190,cf. Cyclotella sp.,Diatom,Cyclotella,sp.,,1,1,9.3,i,BSA.11-13,CB,,cylinder,312.47,,,,,,,,,
Phyto,11/17/2021,13:25,NZ325,60,5,8.33%,0.0683,314.159,1.2294,18,51.11,987,Thalassiosira sp.,Diatom,Thalassiosira,sp.,,1,1,24.1,i,BSA.11-13,CB,,cylinder,5474.00,,,,,,,,,
Phyto,11/17/2021,13:25,NZ325,60,5,8.33%,0.0683,314.159,1.2294,18,51.11,1364,Plagioselmis nannoplanctica,Soft Body,Plagioselmis,nannoplanctica,,1,1,9.3,i,BSA.11-13,CB,,cone + half sphere,337.38,,,,,,,,,
Phyto,11/17/2021,13:25,NZ325,60,5,8.33%,0.0683,314.159,1.2294,18,51.11,1419,Eucapsis microscopica,Soft Body,Eucapsis,microscopica,,413,826,0.8,c,BSA.11-13,CB,,sphere,0.18,0.18,0.18,0.18,0.18,0.18,0.18,0.18,0.18,0.18
Phyto,11/16/2021,12:35,NZS42,60,2,3.33%,0.0683,314.159,1.2294,18,127.77,190,cf. Cyclotella sp.,Diatom,Cyclotella,sp.,,3,3,13,i,BSA.11-14,CB,High sediment and detritus.,cylinder,377.19,,,,,,,,,
Phyto,11/16/2021,12:35,NZS42,60,2,3.33%,0.0683,314.159,1.2294,18,127.77,749,Nitzschia sp.,Diatom,Nitzschia,sp.,,1,1,16.7,i,BSA.11-14,CB,High sediment and detritus.,prism on parallelogram,58.70,,,,,,,,,
Phyto,11/16/2021,12:35,NZS42,60,2,3.33%,0.0683,314.159,1.2294,18,127.77,987,Thalassiosira sp.,Diatom,Thalassiosira,sp.,,1,1,16.7,i,BSA.11-14,CB,High sediment and detritus.,cylinder,1818.03,,,,,,,,,
Phyto,11/16/2021,12:35,NZS42,60,2,3.33%,0.0683,314.159,1.2294,18,127.77,1419,Eucapsis microscopica,Soft Body,Eucapsis,microscopica,,404,808,0.8,c,BSA.11-14,CB,High sediment and detritus.,sphere,0.18,0.18,0.18,0.18,0.18,0.18,0.18,0.18,0.18,0.18
Phyto,11/9/2021,12:45,D28A,61,7,11.48%,0.0683,314.159,1.1611,17,38.65,145,Cocconeis placentula,Diatom,Cocconeis,placentula,,5,5,27.8,i,BSA.11-15,CB,,elliptic prism,1175.61,,,,,,,,,
Phyto,11/9/2021,12:45,D28A,61,7,11.48%,0.0683,314.159,1.1611,17,38.65,190,cf. Cyclotella sp.,Diatom,Cyclotella,sp.,,3,3,13,i,BSA.11-15,CB,,cylinder,299.18,,,,,,,,,
Phyto,11/9/2021,12:45,D28A,61,7,11.48%,0.0683,314.159,1.1611,17,38.65,273,Diatoma sp.,Diatom,Diatoma,sp.,,1,1,18.5,i,BSA.11-15,CB,,elliptic prism,378.21,,,,,,,,,
Phyto,11/9/2021,12:45,D28A,61,7,11.48%,0.0683,314.159,1.1611,17,38.65,481,Gyrosigma sp.,Diatom,Gyrosigma,sp.,,1,1,159.3,i,BSA.11-15,CB,,prism on parallelogram,11040.29,,,,,,,,,
Phyto,11/9/2021,12:45,D28A,61,7,11.48%,0.0683,314.159,1.1611,17,38.65,631,Navicula sp.,Diatom,Navicula,sp.,,2,2,18.5,i,BSA.11-15,CB,,elliptic prism,139.98,,,,,,,,,
Phyto,11/9/2021,12:45,D28A,61,7,11.48%,0.0683,314.159,1.1611,17,38.65,749,Nitzschia sp.,Diatom,Nitzschia,sp.,,1,1,83.3,i,BSA.11-15,CB,,prism on parallelogram,1140.38,,,,,,,,,
Phyto,11/9/2021,12:45,D28A,61,7,11.48%,0.0683,314.159,1.1611,17,38.65,895,Skeletonema sp.,Diatom,Skeletonema,sp.,,1,1,9.3,i,BSA.11-15,CB,,cylinder + 2 half spheres,99.99,,,,,,,,,
Phyto,11/9/2021,12:45,D28A,61,7,11.48%,0.0683,314.159,1.1611,17,38.65,1235,Scenedesmus sp.,Soft Body,Scenedesmus,sp.,,1,2,24,c,BSA.11-15,CB,,prolate spheroid,50.27,,,,,,,,,
Phyto,11/9/2021,12:45,D28A,61,7,11.48%,0.0683,314.159,1.1611,17,38.65,1352,Cryptomonas sp.,Soft Body,Cryptomonas,sp.,,1,1,13,i,BSA.11-15,CB,,prolate spheroid,287.59,,,,,,,,,
Phyto,11/9/2021,12:45,D28A,61,7,11.48%,0.0683,314.159,1.1611,17,38.65,1364,Plagioselmis nannoplanctica,Soft Body,Plagioselmis,nannoplanctica,,14,14,9.3,i,BSA.11-15,CB,,cone + half sphere,183.17,,,,,,,,,
Phyto,11/9/2021,12:45,D28A,61,7,11.48%,0.0683,314.159,1.1611,17,38.65,1419,Eucapsis microscopica,Soft Body,Eucapsis,microscopica,,378,756,0.8,c,BSA.11-15,CB,,sphere,0.18,0.18,0.18,0.18,0.18,0.18,0.18,0.18,0.18,0.18
Phyto,11/9/2021,12:45,D28A,61,7,11.48%,0.0683,314.159,1.1611,17,38.65,1709,Planktolyngbya sp.,Soft Body,Planktolyngbya,sp.,,1,13,2,f,BSA.11-15,CB,,cylinder,1.57,,,,,,,,,
Phyto,11/12/2021,12:30,EZ6,60,2,3.33%,0.0683,314.159,1.366,20,114.99,145,Cocconeis placentula,Diatom,Cocconeis,placentula,,1,1,22.2,i,BSA.11-16,CB,,elliptic prism,1473.33,,,,,,,,,
Phyto,11/12/2021,12:30,EZ6,60,2,3.33%,0.0683,314.159,1.366,20,114.99,190,cf. Cyclotella sp.,Diatom,Cyclotella,sp.,,3,3,6.8,i,BSA.11-16,CB,,cylinder,123.48,,,,,,,,,
Phyto,11/12/2021,12:30,EZ6,60,2,3.33%,0.0683,314.159,1.366,20,114.99,749,Nitzschia sp.,Diatom,Nitzschia,sp.,,2,2,18.5,i,BSA.11-16,CB,,prism on parallelogram,32.19,,,,,,,,,
Phyto,11/12/2021,12:30,EZ6,60,2,3.33%,0.0683,314.159,1.366,20,114.99,1364,Plagioselmis nannoplanctica,Soft Body,Plagioselmis,nannoplanctica,,2,2,7.4,i,BSA.11-16,CB,,cone + half sphere,159.13,,,,,,,,,
Phyto,11/12/2021,12:30,EZ6,60,2,3.33%,0.0683,314.159,1.366,20,114.99,1419,Eucapsis microscopica,Soft Body,Eucapsis,microscopica,,403,806,0.8,c,BSA.11-16,CB,,sphere,0.18,0.18,0.18,0.18,0.18,0.18,0.18,0.18,0.18,0.18
Phyto,11/15/2021,13:15,D8,60,2,3.33%,0.0683,314.159,1.2977,19,121.04,190,Cyclotella sp.,Diatom,Cyclotella,sp.,,3,3,9.3,i,BSA.11-17,CB,,cylinder,255.62,,,,,,,,,
Phyto,11/15/2021,13:15,D8,60,2,3.33%,0.0683,314.159,1.2977,19,121.04,870,cf. Pseudostaurosira sp.,Diatom,Pseudostaurosira,sp.,,1,1,7.4,i,BSA.11-17,CB,,box,91.13,,,,,,,,,
Phyto,11/15/2021,13:15,D8,60,2,3.33%,0.0683,314.159,1.2977,19,121.04,1364,Plagioselmis nannoplanctica,Soft Body,Plagioselmis,nannoplanctica,,1,1,9.3,i,BSA.11-17,CB,,cone + half sphere,294.36,,,,,,,,,
Phyto,11/15/2021,13:15,D8,60,2,3.33%,0.0683,314.159,1.2977,19,121.04,1419,Eucapsis microscopica,Soft Body,Eucapsis,microscopica,,398,786,0.8,c,BSA.11-17,CB,,sphere,0.18,0.18,0.18,0.18,0.18,0.18,0.18,0.18,0.18,0.18
Phyto,11/19/2021,12:00,D19,54,0.5,0.93%,0.0683,314.159,1.2294,18,511.08,91,Aulacoseira cf. granulata,Diatom,Aulacoseira,granulata,,29,29,33.3,i,BSA.11-18,CB,,cylinder,1405.98,,,,,,,,,
Phyto,11/19/2021,12:00,D19,54,0.5,0.93%,0.0683,314.159,1.2294,18,511.08,145,Cocconeis placentula,Diatom,Cocconeis,placentula,,8,8,29.6,i,BSA.11-18,CB,,elliptic prism,1868.20,,,,,,,,,
Phyto,11/19/2021,12:00,D19,54,0.5,0.93%,0.0683,314.159,1.2294,18,511.08,190,cf. Cyclotella sp.,Diatom,Cyclotella,sp.,,3,3,22.2,i,BSA.11-18,CB,,cylinder,748.73,,,,,,,,,
Phyto,11/19/2021,12:00,D19,54,0.5,0.93%,0.0683,314.159,1.2294,18,511.08,749,Nitzschia sp.,Diatom,Nitzschia,sp.,,4,4,111.1,i,BSA.11-18,CB,,prism on parallelogram,893.96,,,,,,,,,
Phyto,11/19/2021,12:00,D19,54,0.5,0.93%,0.0683,314.159,1.2294,18,511.08,1005,Ulnaria sp.,Diatom,Ulnaria,sp.,,10,10,351.5,i,BSA.11-18,CB,,elliptic prism,23327.68,,,,,,,,,
Phyto,11/19/2021,12:00,D19,54,0.5,0.93%,0.0683,314.159,1.2294,18,511.08,1419,Eucapsis microscopica,Soft Body,Eucapsis,microscopica,,351,702,0.8,c,BSA.11-18,CB,,sphere,0.18,0.18,0.18,0.18,0.18,0.18,0.18,0.18,0.18,0.18
Phyto,11/15/2021,12:15,D6,59,2,3.39%,0.0683,314.159,1.2294,18,127.77,190,cf. Cyclotella sp.,Diatom,Cyclotella,sp.,,4,4,16.7,i,BSA.11-19,CB,,cylinder,862.76,,,,,,,,,
Phyto,11/15/2021,12:15,D6,59,2,3.39%,0.0683,314.159,1.2294,18,127.77,1138,Monoraphidium sp.,Soft Body,Monoraphidium,sp.,,1,1,24.1,i,BSA.11-19,CB,,2 cones,45.55,,,,,,,,,
Phyto,11/15/2021,12:15,D6,59,2,3.39%,0.0683,314.159,1.2294,18,127.77,1419,Eucapsis microscopica,Soft Body,Eucapsis,microscopica,,398,796,0.8,c,BSA.11-19,CB,,sphere,0.18,0.18,0.18,0.18,0.18,0.18,0.18,0.18,0.18,0.18
Phyto,11/12/2021,11:50,D4,61,3,4.92%,0.0683,314.159,1.2294,18,85.18,147,Cocconeis sp.,Diatom,Cocconeis,sp.,,1,1,20.4,i,BSA.11-20,CB,,elliptic prism,714.91,,,,,,,,,
Phyto,11/12/2021,11:50,D4,61,3,4.92%,0.0683,314.159,1.2294,18,85.18,1352,Cryptomonas sp.,Soft Body,Cryptomonas,sp.,,4,4,13,i,BSA.11-20,CB,,prolate spheroid,184.74,,,,,,,,,
Phyto,11/12/2021,11:50,D4,61,3,4.92%,0.0683,314.159,1.2294,18,85.18,1364,Plagioselmis nannoplanctica,Soft Body,Plagioselmis,nannoplanctica,,1,1,5.6,i,BSA.11-20,CB,,cone + half sphere,76.35,,,,,,,,,
Phyto,11/12/2021,11:50,D4,61,3,4.92%,0.0683,314.159,1.2294,18,85.18,1419,Eucapsis microscopica,Soft Body,Eucapsis,microscopica,,402,804,0.8,c,BSA.11-20,CB,,sphere,0.18,0.18,0.18,0.18,0.18,0.18,0.18,0.18,0.18,0.18
Phyto,11/16/2021,13:45,NZ032,58,2,3.45%,0.0683,314.159,1.2294,18,127.77,190,cf. Cyclotella sp.,Diatom,Cyclotella,sp.,,1,1,14.8,i,BSA.11-21,CB,,cylinder,1273.05,,,,,,,,,
Phyto,11/16/2021,13:45,NZ032,58,2,3.45%,0.0683,314.159,1.2294,18,127.77,1419,Eucapsis microscopica,Soft Body,Eucapsis,microscopica,,399,798,0.8,c,BSA.11-21,CB,,sphere,0.18,0.18,0.18,0.18,0.18,0.18,0.18,0.18,0.18,0.18
Phyto,11/15/2021,14:00,D10,60,1,1.67%,0.0683,314.159,1.4343,21,219.03,190,cf. Cyclotella sp.,Diatom,Cyclotella,sp.,,1,1,5.6,i,BSA.11-22,CB,,cylinder,68.96,,,,,,,,,
Phyto,11/15/2021,14:00,D10,60,1,1.67%,0.0683,314.159,1.4343,21,219.03,319,Entomoneis sp.,Diatom,Entomoneis,sp.,,1,1,31.5,i,BSA.11-22,CB,,elliptic prism,2709.53,,,,,,,,,
Phyto,11/15/2021,14:00,D10,60,1,1.67%,0.0683,314.159,1.4343,21,219.03,1419,Eucapsis microscopica,Soft Body,Eucapsis,microscopica,,408,816,0.8,c,BSA.11-22,CB,,sphere,0.18,0.18,0.18,0.18,0.18,0.18,0.18,0.18,0.18,0.18
Phyto,11/17/2021,10:55,D41A,61,3,4.92%,0.0683,314.159,1.366,20,76.66,190,Cyclotella sp.,Diatom,Cyclotella,sp.,,5,5,9.3,i,BSA.11-23,CB,,cylinder,186.36,,,,,,,,,
Phyto,11/17/2021,10:55,D41A,61,3,4.92%,0.0683,314.159,1.366,20,76.66,631,Navicula sp.,Diatom,Navicula,sp.,,2,2,55.6,i,BSA.11-23,CB,,elliptic prism,1666.94,,,,,,,,,
Phyto,11/17/2021,10:55,D41A,61,3,4.92%,0.0683,314.159,1.366,20,76.66,1364,Plagioselmis nannoplanctica,Soft Body,Plagioselmis,nannoplanctica,,1,1,9.3,i,BSA.11-23,CB,,cone + half sphere,337.38,,,,,,,,,
Phyto,11/17/2021,10:55,D41A,61,3,4.92%,0.0683,314.159,1.366,20,76.66,1419,Eucapsis microscopica,Soft Body,Eucapsis,microscopica,,393,786,0.8,c,BSA.11-23,CB,,sphere,0.18,0.18,0.18,0.18,0.18,0.18,0.18,0.18,0.18,0.18
Phyto,11/12/2021,14:40,NZ068,61,5,8.20%,0.0683,314.159,1.0928,16,57.50,145,Cocconeis placentula,Diatom,Cocconeis,placentula,,3,3,18.5,i,BSA.11-24,CB,,elliptic prism,609.59,,,,,,,,,
Phyto,11/12/2021,14:40,NZ068,61,5,8.20%,0.0683,314.159,1.0928,16,57.50,190,cf. Cyclotella sp.,Diatom,Cyclotella,sp.,,3,3,16.7,i,BSA.11-24,CB,,cylinder,748.73,,,,,,,,,
Phyto,11/12/2021,14:40,NZ068,61,5,8.20%,0.0683,314.159,1.0928,16,57.50,1811,Gyrosigma cf. fasciola,Diatom,Gyrosigma,fasciola,,1,1,116.7,i,BSA.11-24,CB,,prism on parallelogram,4930.58,,,,,,,,,
Phyto,11/12/2021,14:40,NZ068,61,5,8.20%,0.0683,314.159,1.0928,16,57.50,749,Nitzschia sp.,Diatom,Nitzschia,sp.,,2,2,98.2,i,BSA.11-24,CB,,prism on parallelogram,376.19,,,,,,,,,
Phyto,11/12/2021,14:40,NZ068,61,5,8.20%,0.0683,314.159,1.0928,16,57.50,1138,Monoraphidium sp.,Soft Body,Monoraphidium,sp.,,1,1,7.4,i,BSA.11-24,CB,,2 cones,13.99,,,,,,,,,
Phyto,11/12/2021,14:40,NZ068,61,5,8.20%,0.0683,314.159,1.0928,16,57.50,1419,Eucapsis microscopica,Soft Body,Eucapsis,microscopica,,394,788,0.8,c,BSA.11-24,CB,,sphere,0.18,0.18,0.18,0.18,0.18,0.18,0.18,0.18,0.18,0.18
Phyto,11/16/2021,11:35,D7,56,2,3.57%,0.0683,314.159,1.2977,19,121.04,190,cf. Cyclotella sp.,Diatom,Cyclotella,sp.,,6,6,20.4,i,BSA.11-25,CB,,cylinder,441.73,,,,,,,,,
Phyto,11/16/2021,11:35,D7,56,2,3.57%,0.0683,314.159,1.2977,19,121.04,1419,Eucapsis microscopica,Soft Body,Eucapsis,microscopica,,401,802,0.8,c,BSA.11-25,CB,,sphere,0.18,0.18,0.18,0.18,0.18,0.18,0.18,0.18,0.18,0.18
Phyto,11/17/2021,13:45,NZ002,58,3,5.17%,0.0683,314.159,1.366,20,76.66,190,cf. Cyclotella sp.,Diatom,Cyclotella,sp.,,6,6,16.7,i,BSA.11-26,CB,,cylinder,441.73,,,,,,,,,
Phyto,11/17/2021,13:45,NZ002,58,3,5.17%,0.0683,314.159,1.366,20,76.66,1364,Plagioselmis nannoplanctica,Soft Body,Plagioselmis,nannoplanctica,,2,2,9.3,i,BSA.11-26,CB,,cone + half sphere,241.99,,,,,,,,,
Phyto,11/17/2021,13:45,NZ002,58,3,5.17%,0.0683,314.159,1.366,20,76.66,1419,Eucapsis microscopica,Soft Body,Eucapsis,microscopica,,403,806,0.8,c,BSA.11-26,CB,,sphere,0.18,0.18,0.18,0.18,0.18,0.18,0.18,0.18,0.18,0.18
Phyto,11/17/2021,14:15,NZ004,58,4,6.90%,0.0683,314.159,2.5271,37,31.08,190,Cyclotella sp.,Diatom,Cyclotella,sp.,,3,3,13,i,BSA.11-27,AB,,cylinder,291.94,,,,,,,,,
Phyto,11/17/2021,14:15,NZ004,58,4,6.90%,0.0683,314.159,2.5271,37,31.08,1352,Cryptomonas sp.,Soft Body,Cryptomonas,sp.,,1,1,12,i,BSA.11-27,AB,,prolate spheroid,265.46,,,,,,,,,
Phyto,11/17/2021,14:15,NZ004,58,4,6.90%,0.0683,314.159,2.5271,37,31.08,1364,Plagioselmis nannoplanctica,Soft Body,Plagioselmis,nannoplanctica,,1,1,10.4,i,BSA.11-27,AB,,cone + half sphere,453.06,,,,,,,,,
Phyto,11/17/2021,14:15,NZ004,58,4,6.90%,0.0683,314.159,2.5271,37,31.08,1419,Eucapsis microscopica,Soft Body,Eucapsis,microscopica,,399,798,0.8,c,BSA.11-27,AB,,sphere,0.18,0.18,0.18,0.18,0.18,0.18,0.18,0.18,0.18,0.18
Phyto,11/12/2021,13:50,EZ2,59,3,5.08%,0.0683,314.159,1.0928,16,95.83,145,Cocconeis placentula,Diatom,Cocconeis,placentula,,2,2,18.5,i,BSA.11-28,AB,High sediment and detritus. Many broken diatoms.,elliptic prism,254.34,,,,,,,,,
Phyto,11/12/2021,13:50,EZ2,59,3,5.08%,0.0683,314.159,1.0928,16,95.83,190,Cyclotella sp.,Diatom,Cyclotella,sp.,,2,2,7.4,i,BSA.11-28,AB,High sediment and detritus. Many broken diatoms.,cylinder,116.14,,,,,,,,,
Phyto,11/12/2021,13:50,EZ2,59,3,5.08%,0.0683,314.159,1.0928,16,95.83,749,Nitzschia sp.,Diatom,Nitzschia,sp.,,3,3,53.7,i,BSA.11-28,AB,High sediment and detritus. Many broken diatoms.,prism on parallelogram,207.64,,,,,,,,,
Phyto,11/12/2021,13:50,EZ2,59,3,5.08%,0.0683,314.159,1.0928,16,95.83,1364,Plagioselmis nannoplanctica,Soft Body,Plagioselmis,nannoplanctica,,2,2,10.4,i,BSA.11-28,AB,High sediment and detritus. Many broken diatoms.,cone + half sphere,413.64,,,,,,,,,
Phyto,11/12/2021,13:50,EZ2,59,3,5.08%,0.0683,314.159,1.0928,16,95.83,1733,Plagioselmis prolonga,Soft Body,Plagioselmis,prolonga,,2,2,5.6,i,BSA.11-28,AB,High sediment and detritus. Many broken diatoms.,cone + half sphere,76.35,,,,,,,,,
Phyto,11/12/2021,13:50,EZ2,59,3,5.08%,0.0683,314.159,1.0928,16,95.83,1419,Eucapsis microscopica,Soft Body,Eucapsis,microscopica,,393,786,0.8,c,BSA.11-28,AB,High sediment and detritus. Many broken diatoms.,sphere,0.18,0.18,0.18,0.18,0.18,0.18,0.18,0.18,0.18,0.18
