MethodCode,SampleDate,SampleTime,StationCode,Depth (m),Volume Received (mL),Volume Analyzed (mL),Percent of Sample Counted,Field-of-view (mm²),Slide/ Chamber Area (mm²),Area Counted,Number of Fields Counted,Factor,BSA_TIN,Taxon,Diatom/SoftBody,Genus,Species,Synonym,Unit Abundance,Number of cells per unit,GALD 1,GALD 2,GALD 3,Colony/Filament/Individual Group Code,BSA#,Taxonomist,Comments,Shape,Biovolume 1,Biovolume 2,Biovolume 3,Biovolume 4,Biovolume 5,Biovolume 6,Biovolume 7,Biovolume 8,Biovolume 9,Biovolume 10,Dimension,Measurement average,Measurement 1,Measurement 2,Measurement 3,Measurement 4,Measurement 5,Measurement 6,Measurement 7,Measurement 8,Measurement 9,Measurement 10,Measurement 11,Measurement 12,Measurement 13,Measurement 14,Measurement 15,Measurement 16,Measurement 17,Measurement 18,Measurement 19,Measurement 20,Measurement 21,Measurement 22,Measurement 23,Measurement 24,Measurement 25
Phyto,7/1/2019,11:09,LIS,0,63.0,0.5,0.79%,0.0683,314.159,1.2294,18,511.08,190,cf. Cyclotella sp.,Diatom,Cyclotella,sp.,,2,2,9.3,,,i,BSA.YOLO-01,CT,Moderate sediment and detritus.,cylinder,215.69,,,,,,,,,,Length,6.5,3.7,9.3,,,,,,,,,,,,,,,,,,,,,,,
,,,,,,,,,,,,,,,,,,,,,,,,,,,,,,,,,,,,,,,Width,6.5,3.7,9.3,,,,,,,,,,,,,,,,,,,,,,,
Phyto,7/1/2019,11:09,LIS,0,63.0,0.5,0.79%,0.0683,314.159,1.2294,18,511.08,1774,Desmodesmus sp.,Soft Body,Desmodesmus,sp.,,1,4,5.6,,,c,BSA.YOLO-01,CT,Moderate sediment and detritus.,prolate spheroid,22.99,,,,,,,,,,Length,5.6,5.6,,,,,,,,,,,,,,,,,,,,,,,,
,,,,,,,,,,,,,,,,,,,,,,,,,,,,,,,,,,,,,,,Width,2.8,2.8,,,,,,,,,,,,,,,,,,,,,,,,
Phyto,7/1/2019,11:09,LIS,0,63.0,0.5,0.79%,0.0683,314.159,1.2294,18,511.08,1761,Drepanochloris nannoselene,Soft Body,Drepanochloris,nannoselene,,4,4,4.6,,,i,BSA.YOLO-01,CT,Moderate sediment and detritus.,cylinder + 2 cones,3.02,,,,,,,,,,Length,4.3,4.6,4.6,3.7,,,,,,,,,,,,,,,,,,,,,,
,,,,,,,,,,,,,,,,,,,,,,,,,,,,,,,,,,,,,,,Width,0.9,0.9,0.9,0.9,,,,,,,,,,,,,,,,,,,,,,
,,,,,,,,,,,,,,,,,,,,,,,,,,,,,,,,,,,,,,,Depth,0.9,0.9,0.9,0.9,,,,,,,,,,,,,,,,,,,,,,
Phyto,7/1/2019,11:09,LIS,0,63.0,0.5,0.79%,0.0683,314.159,1.2294,18,511.08,1766,Dolichospermum sp.,Soft Body,Dolichospermum,sp.,,1,12,5.6,,,f,BSA.YOLO-01,CT,Moderate sediment and detritus.,sphere,91.95,,,,,,,,,,Length,5.6,5.6,5.6,5.6,5.6,5.6,,,,,,,,,,,,,,,,,,,,
,,,,,,,,,,,,,,,,,,,,,,,,,,,,,,,,,,,,,,,Width,5.6,5.6,5.6,5.6,5.6,5.6,,,,,,,,,,,,,,,,,,,,
Phyto,7/1/2019,11:09,LIS,0,63.0,0.5,0.79%,0.0683,314.159,1.2294,18,511.08,1419,Eucapsis microscopica,Soft Body,Eucapsis,microscopica,,400,805,0.8,0.8,0.8,c,BSA.YOLO-01,CT,Moderate sediment and detritus.,sphere,0.18,0.18,0.18,0.18,0.18,0.18,0.18,0.18,0.18,0.18,Length,0.8,0.7,0.7,0.7,0.7,0.7,0.7,0.7,0.7,0.7,0.7,0.7,0.7,0.8,0.8,0.8,0.8,0.8,0.8,0.8,0.8,0.8,0.8,0.8,0.8,0.8
Phyto,7/16/2019,9:40,SHR,0,63.0,1,1.59%,0.0697,314.159,0.4879,7,643.90,88,Aulacoseira alpigena,Diatom,Aulacoseira,alpigena,,2,2,5.6,,,i,BSA.YOLO-02,BB,,cylinder,113.30,,,,,,,,,,Length,4.6,4.6,,,,,,,,,,,,,,,,,,,,,,,,
,,,,,,,,,,,,,,,,,,,,,,,,,,,,,,,,,,,,,,,Width,5.6,5.6,,,,,,,,,,,,,,,,,,,,,,,,
Phyto,7/16/2019,9:40,SHR,0,63.0,1,1.59%,0.0697,314.159,0.4879,7,643.90,272,Diatoma moniliformis,Diatom,Diatoma,moniliformis,,1,1,16.7,,,i,BSA.YOLO-02,BB,,elliptic prism,223.24,,,,,,,,,,Length,16.7,16.7,,,,,,,,,,,,,,,,,,,,,,,,
,,,,,,,,,,,,,,,,,,,,,,,,,,,,,,,,,,,,,,,Width,4.6,4.6,,,,,,,,,,,,,,,,,,,,,,,,
,,,,,,,,,,,,,,,,,,,,,,,,,,,,,,,,,,,,,,,Depth,3.7,3.7,,,,,,,,,,,,,,,,,,,,,,,,
Phyto,7/16/2019,9:40,SHR,0,63.0,1,1.59%,0.0697,314.159,0.4879,7,643.90,713,Nitzschia inconspicua,Diatom,Nitzschia,inconspicua,,1,1,7.4,,,i,BSA.YOLO-02,BB,,prism on parallelogram,26.01,,,,,,,,,,Length,7.4,7.4,,,,,,,,,,,,,,,,,,,,,,,,
,,,,,,,,,,,,,,,,,,,,,,,,,,,,,,,,,,,,,,,Width,3.7,3.7,,,,,,,,,,,,,,,,,,,,,,,,
,,,,,,,,,,,,,,,,,,,,,,,,,,,,,,,,,,,,,,,Depth,1.9,1.9,,,,,,,,,,,,,,,,,,,,,,,,
Phyto,7/16/2019,9:40,SHR,0,63.0,1,1.59%,0.0697,314.159,0.4879,7,643.90,749,cf. Nitzschia sp.,Diatom,Nitzschia,sp.,,1,1,20.4,,,i,BSA.YOLO-02,BB,,prism on parallelogram,173.60,,,,,,,,,,Length,20.4,20.4,,,,,,,,,,,,,,,,,,,,,,,,
,,,,,,,,,,,,,,,,,,,,,,,,,,,,,,,,,,,,,,,Width,3.7,3.7,,,,,,,,,,,,,,,,,,,,,,,,
,,,,,,,,,,,,,,,,,,,,,,,,,,,,,,,,,,,,,,,Depth,4.6,4.6,,,,,,,,,,,,,,,,,,,,,,,,
Phyto,7/16/2019,9:40,SHR,0,63.0,1,1.59%,0.0697,314.159,0.4879,7,643.90,987,Thalassiosira sp.,Diatom,Thalassiosira,sp.,,1,1,24.1,,,i,BSA.YOLO-02,BB,,cylinder,5474.00,,,,,,,,,,Length,12.0,12.0,,,,,,,,,,,,,,,,,,,,,,,,
,,,,,,,,,,,,,,,,,,,,,,,,,,,,,,,,,,,,,,,Width,24.1,24.1,,,,,,,,,,,,,,,,,,,,,,,,
Phyto,7/16/2019,9:40,SHR,0,63.0,1,1.59%,0.0697,314.159,0.4879,7,643.90,1037,cf. Chlorella sp.,Soft Body,Chlorella,sp.,,2,2,1.9,,,i,BSA.YOLO-02,BB,,sphere,3.59,,,,,,,,,,Length,1.9,1.9,1.9,,,,,,,,,,,,,,,,,,,,,,,
Phyto,7/16/2019,9:40,SHR,0,63.0,1,1.59%,0.0697,314.159,0.4879,7,643.90,1419,Eucapsis microscopica,Soft Body,Eucapsis,microscopica,,400,834,0.8,0.8,0.8,c,BSA.YOLO-02,BB,,sphere,0.18,0.18,0.18,0.18,0.18,0.18,0.18,0.18,0.18,0.18,Length,0.8,0.7,0.7,0.7,0.7,0.7,0.7,0.7,0.7,0.7,0.7,0.7,0.7,0.8,0.8,0.8,0.8,0.8,0.8,0.8,0.8,0.8,0.8,0.8,0.8,0.8
Phyto,6/18/2019,9:36,SHER,0,62.0,0.5,0.81%,0.0683,314.159,2.3222,34,270.57,44,Achnanthidium minutissimum,Diatom,Achnanthidium,minutissimum,,2,2,13.9,,,i,BSA.YOLO-03,CT,Low sediment and detritus.,elliptic prism,102.61,,,,,,,,,,Length,10.7,13.9,7.4,,,,,,,,,,,,,,,,,,,,,,,
,,,,,,,,,,,,,,,,,,,,,,,,,,,,,,,,,,,,,,,Width,3.7,3.7,3.7,,,,,,,,,,,,,,,,,,,,,,,
,,,,,,,,,,,,,,,,,,,,,,,,,,,,,,,,,,,,,,,Depth,3.3,3.7,2.8,,,,,,,,,,,,,,,,,,,,,,,
Phyto,6/18/2019,9:36,SHER,0,62.0,0.5,0.81%,0.0683,314.159,2.3222,34,270.57,190,cf. Cyclotella sp.,Diatom,Cyclotella,sp.,,4,4,9.3,,,i,BSA.YOLO-03,CT,Low sediment and detritus.,cylinder,130.92,,,,,,,,,,Length,4.2,3.7,3.7,5.6,3.7,,,,,,,,,,,,,,,,,,,,,
,,,,,,,,,,,,,,,,,,,,,,,,,,,,,,,,,,,,,,,Width,6.3,5.6,6.5,9.3,3.7,,,,,,,,,,,,,,,,,,,,,
Phyto,6/18/2019,9:36,SHER,0,62.0,0.5,0.81%,0.0683,314.159,2.3222,34,270.57,310,Encyonema sp.,Diatom,Encyonema,sp.,,1,1,13,,,i,BSA.YOLO-03,CT,Low sediment and detritus.,cymbelloid,44.90,,,,,,,,,,Length,13.0,13.0,,,,,,,,,,,,,,,,,,,,,,,,
,,,,,,,,,,,,,,,,,,,,,,,,,,,,,,,,,,,,,,,Width,3.7,3.7,,,,,,,,,,,,,,,,,,,,,,,,
,,,,,,,,,,,,,,,,,,,,,,,,,,,,,,,,,,,,,,,Depth,2.8,2.8,,,,,,,,,,,,,,,,,,,,,,,,
Phyto,6/18/2019,9:36,SHER,0,62.0,0.5,0.81%,0.0683,314.159,2.3222,34,270.57,749,Nitzschia sp.,Diatom,Nitzschia,sp.,,1,1,13,,,i,BSA.YOLO-03,CT,Low sediment and detritus.,prism on parallelogram,67.34,,,,,,,,,,Length,13.0,13.0,,,,,,,,,,,,,,,,,,,,,,,,
,,,,,,,,,,,,,,,,,,,,,,,,,,,,,,,,,,,,,,,Width,3.7,3.7,,,,,,,,,,,,,,,,,,,,,,,,
,,,,,,,,,,,,,,,,,,,,,,,,,,,,,,,,,,,,,,,Depth,2.8,2.8,,,,,,,,,,,,,,,,,,,,,,,,
Phyto,6/18/2019,9:36,SHER,0,62.0,0.5,0.81%,0.0683,314.159,2.3222,34,270.57,1037,Chlorella sp.,Soft Body,Chlorella,sp.,,8,8,3.7,,,i,BSA.YOLO-03,CT,Low sediment and detritus.,sphere,7.24,,,,,,,,,,Length,2.4,1.9,2.8,3.7,1.9,1.9,,,,,,,,,,,,,,,,,,,,
Phyto,6/18/2019,9:36,SHER,0,62.0,0.5,0.81%,0.0683,314.159,2.3222,34,270.57,1364,Plagioselmis nannoplanctica,Soft Body,Plagioselmis,nannoplanctica,,1,1,10.2,,,i,BSA.YOLO-03,CT,Low sediment and detritus.,cone + half sphere,430.35,,,,,,,,,,Length,10.2,10.2,,,,,,,,,,,,,,,,,,,,,,,,
,,,,,,,,,,,,,,,,,,,,,,,,,,,,,,,,,,,,,,,Width,5.6,5.6,,,,,,,,,,,,,,,,,,,,,,,,
Phyto,6/18/2019,9:36,SHER,0,62.0,0.5,0.81%,0.0683,314.159,2.3222,34,270.57,1419,Eucapsis microscopica,Soft Body,Eucapsis,microscopica,,388,793,0.8,0.8,0.8,c,BSA.YOLO-03,CT,Low sediment and detritus.,sphere,0.18,0.18,0.18,0.18,0.18,0.18,0.18,0.18,0.18,0.18,Length,0.8,0.7,0.7,0.7,0.7,0.7,0.7,0.7,0.7,0.7,0.7,0.7,0.7,0.8,0.8,0.8,0.8,0.8,0.8,0.8,0.8,0.8,0.8,0.8,0.8,0.8
Phyto,7/2/2019,9:56,SHR,0,64.0,1,1.56%,0.0697,314.159,1.394,20,225.37,1037,Chlorella sp.,Soft Body,Chlorella,sp.,,1,1,1.9,,,i,BSA.YOLO-04,BB,,sphere,3.59,,,,,,,,,,Length,1.9,1.9,,,,,,,,,,,,,,,,,,,,,,,,
Phyto,7/2/2019,9:56,SHR,0,64.0,1,1.56%,0.0697,314.159,1.394,20,225.37,1365,Plagioselmis lacustris,Soft Body,Plagioselmis,lacustris,,1,1,13,,,i,BSA.YOLO-04,BB,,cone + half sphere,902.58,,,,,,,,,,Length,13.0,13.0,,,,,,,,,,,,,,,,,,,,,,,,
,,,,,,,,,,,,,,,,,,,,,,,,,,,,,,,,,,,,,,,Width,7.4,7.4,,,,,,,,,,,,,,,,,,,,,,,,
Phyto,7/2/2019,9:56,SHR,0,64.0,1,1.56%,0.0697,314.159,1.394,20,225.37,1419,Eucapsis microscopica,Soft Body,Eucapsis,microscopica,,403,834,0.8,0.8,0.8,c,BSA.YOLO-04,BB,,sphere,0.18,0.18,0.18,0.18,0.18,0.18,0.18,0.18,0.18,0.18,Length,0.8,0.7,0.7,0.7,0.7,0.7,0.7,0.7,0.7,0.7,0.7,0.7,0.7,0.8,0.8,0.8,0.8,0.8,0.8,0.8,0.8,0.8,0.8,0.8,0.8,0.8
Phyto,6/3/2019,11:45,LIS,0,62.0,0.5,0.81%,0.0697,314.159,0.3485,5,1802.92,191,Cyclotella spp.,Diatom,Cyclotella,spp.,,3,3,13,,,i,BSA.YOLO-05,BB,High sediment and detritus.,cylinder,312.47,,,,,,,,,,Length,4.6,6.5,4.6,2.8,,,,,,,,,,,,,,,,,,,,,,
,,,,,,,,,,,,,,,,,,,,,,,,,,,,,,,,,,,,,,,Width,9.3,13.0,9.3,5.6,,,,,,,,,,,,,,,,,,,,,,
Phyto,6/3/2019,11:45,LIS,0,62.0,0.5,0.81%,0.0697,314.159,0.3485,5,1802.92,1892,Cylindrotheca closterium,Diatom,Cylindrotheca,closterium,,1,1,10.2,,,i,BSA.YOLO-05,BB,High sediment and detritus.,prolate spheroid + 2 cylinders,27.83,,,,,,,,,,Length,9.3,9.3,,,,,,,,,,,,,,,,,,,,,,,,
,,,,,,,,,,,,,,,,,,,,,,,,,,,,,,,,,,,,,,,Width,1.9,1.9,,,,,,,,,,,,,,,,,,,,,,,,
,,,,,,,,,,,,,,,,,,,,,,,,,,,,,,,,,,,,,,,Ends Length,10.2,10.2,,,,,,,,,,,,,,,,,,,,,,,,
,,,,,,,,,,,,,,,,,,,,,,,,,,,,,,,,,,,,,,,Ends Width,0.8,0.8,,,,,,,,,,,,,,,,,,,,,,,,
Phyto,6/3/2019,11:45,LIS,0,62.0,0.5,0.81%,0.0697,314.159,0.3485,5,1802.92,1037,Chlorella sp.,Soft Body,Chlorella,sp.,,3,3,2.4,,,i,BSA.YOLO-05,BB,High sediment and detritus.,sphere,5.58,,,,,,,,,,Length,2.2,1.9,2.4,2.4,,,,,,,,,,,,,,,,,,,,,,
Phyto,6/3/2019,11:45,LIS,0,62.0,0.5,0.81%,0.0697,314.159,0.3485,5,1802.92,1341,Chroomonas rosenbergii,Soft Body,Chroomonas,rosenbergii,,1,1,7.4,,,i,BSA.YOLO-05,BB,High sediment and detritus.,cone + half sphere,159.13,,,,,,,,,,Length,7.4,7.4,,,,,,,,,,,,,,,,,,,,,,,,
,,,,,,,,,,,,,,,,,,,,,,,,,,,,,,,,,,,,,,,Width,3.7,3.7,,,,,,,,,,,,,,,,,,,,,,,,
Phyto,6/3/2019,11:45,LIS,0,62.0,0.5,0.81%,0.0697,314.159,0.3485,5,1802.92,1419,Eucapsis microscopica,Soft Body,Eucapsis,microscopica,,416,870,0.8,0.8,0.8,c,BSA.YOLO-05,BB,High sediment and detritus.,sphere,0.18,0.18,0.18,0.18,0.18,0.18,0.18,0.18,0.18,0.18,Length,0.8,0.7,0.7,0.7,0.7,0.7,0.7,0.7,0.7,0.7,0.7,0.7,0.7,0.8,0.8,0.8,0.8,0.8,0.8,0.8,0.8,0.8,0.8,0.8,0.8,0.8
Phyto,7/1/2019,9:27,STTD,0,62.0,0.5,0.81%,0.0683,314.159,1.0928,16,574.96,190,Cyclotella sp.,Diatom,Cyclotella,sp.,,1,1,5.6,,,i,BSA.YOLO-06,CT,Moderate sediment and detritus.,cylinder,91.13,,,,,,,,,,Length,3.7,3.7,,,,,,,,,,,,,,,,,,,,,,,,
,,,,,,,,,,,,,,,,,,,,,,,,,,,,,,,,,,,,,,,Width,5.6,5.6,,,,,,,,,,,,,,,,,,,,,,,,
Phyto,7/1/2019,9:27,STTD,0,62.0,0.5,0.81%,0.0683,314.159,1.0928,16,574.96,1037,Chlorella sp.,Soft Body,Chlorella,sp.,,1,1,2.8,,,i,BSA.YOLO-06,CT,Moderate sediment and detritus.,sphere,11.49,,,,,,,,,,Length,2.8,2.8,,,,,,,,,,,,,,,,,,,,,,,,
Phyto,7/1/2019,9:27,STTD,0,62.0,0.5,0.81%,0.0683,314.159,1.0928,16,574.96,1761,Drepanochloris nannoselene,Soft Body,Drepanochloris,nannoselene,,1,1,4.6,,,i,BSA.YOLO-06,CT,Moderate sediment and detritus.,cylinder + 2 cones,3.21,,,,,,,,,,Length,4.6,4.6,,,,,,,,,,,,,,,,,,,,,,,,
,,,,,,,,,,,,,,,,,,,,,,,,,,,,,,,,,,,,,,,Width,0.9,0.9,,,,,,,,,,,,,,,,,,,,,,,,
,,,,,,,,,,,,,,,,,,,,,,,,,,,,,,,,,,,,,,,Depth,0.9,0.9,,,,,,,,,,,,,,,,,,,,,,,,
Phyto,7/1/2019,9:27,STTD,0,62.0,0.5,0.81%,0.0683,314.159,1.0928,16,574.96,1419,Eucapsis microscopica,Soft Body,Eucapsis,microscopica,,397,804,0.8,0.8,0.8,c,BSA.YOLO-06,CT,Moderate sediment and detritus.,sphere,0.18,0.18,0.18,0.18,0.18,0.18,0.18,0.18,0.18,0.18,Length,0.8,0.7,0.7,0.7,0.7,0.7,0.7,0.7,0.7,0.7,0.7,0.7,0.7,0.8,0.8,0.8,0.8,0.8,0.8,0.8,0.8,0.8,0.8,0.8,0.8,0.8
Phyto,8/6/2019,13:50,RD22,0,61.0,0.5,0.82%,0.0697,314.159,0.3485,5,1802.92,730,Nitzschia palea,Diatom,Nitzschia,palea,,1,1,37,,,i,BSA.YOLO-07,BB,,prism on parallelogram,294.34,,,,,,,,,,Length,37.0,37.0,,,,,,,,,,,,,,,,,,,,,,,,
,,,,,,,,,,,,,,,,,,,,,,,,,,,,,,,,,,,,,,,Width,4.3,4.3,,,,,,,,,,,,,,,,,,,,,,,,
,,,,,,,,,,,,,,,,,,,,,,,,,,,,,,,,,,,,,,,Depth,3.7,3.7,,,,,,,,,,,,,,,,,,,,,,,,
Phyto,8/6/2019,13:50,RD22,0,61.0,0.5,0.82%,0.0697,314.159,0.3485,5,1802.92,1037,Chlorella sp.,Soft Body,Chlorella,sp.,,8,8,2.4,,,i,BSA.YOLO-07,BB,,sphere,4.19,,,,,,,,,,Length,2.0,1.9,1.9,1.9,1.9,2.4,,,,,,,,,,,,,,,,,,,,
Phyto,8/6/2019,13:50,RD22,0,61.0,0.5,0.82%,0.0697,314.159,0.3485,5,1802.92,1692,Kephyrion sp.,Soft Body,Kephyrion,sp.,,2,2,5.6,,,i,BSA.YOLO-07,BB,,prolate spheroid,73.30,,,,,,,,,,Length,5.6,5.6,,,,,,,,,,,,,,,,,,,,,,,,
,,,,,,,,,,,,,,,,,,,,,,,,,,,,,,,,,,,,,,,Width,5.0,5.0,,,,,,,,,,,,,,,,,,,,,,,,
Phyto,8/6/2019,13:50,RD22,0,61.0,0.5,0.82%,0.0697,314.159,0.3485,5,1802.92,1419,Eucapsis microscopica,Soft Body,Eucapsis,microscopica,,434,920,0.8,0.8,0.8,c,BSA.YOLO-07,BB,,sphere,0.18,0.18,0.18,0.18,0.18,0.18,0.18,0.18,0.18,0.18,Length,0.8,0.7,0.7,0.7,0.7,0.7,0.7,0.7,0.7,0.7,0.7,0.7,0.7,0.8,0.8,0.8,0.8,0.8,0.8,0.8,0.8,0.8,0.8,0.8,0.8,0.8
Phyto,7/15/2019,11:07,LIS,0,64.0,0.5,0.78%,0.0697,314.159,0.4182,6,1502.43,190,Cyclotella sp.,Diatom,Cyclotella,sp.,,1,1,5.6,,,i,BSA.YOLO-08,BB,,cylinder,68.96,,,,,,,,,,Length,2.8,2.8,,,,,,,,,,,,,,,,,,,,,,,,
,,,,,,,,,,,,,,,,,,,,,,,,,,,,,,,,,,,,,,,Width,5.6,5.6,,,,,,,,,,,,,,,,,,,,,,,,
Phyto,7/15/2019,11:07,LIS,0,64.0,0.5,0.78%,0.0697,314.159,0.4182,6,1502.43,730,Nitzschia palea,Diatom,Nitzschia,palea,,1,1,31.5,,,i,BSA.YOLO-08,BB,,prism on parallelogram,326.34,,,,,,,,,,Length,31.5,31.5,,,,,,,,,,,,,,,,,,,,,,,,
,,,,,,,,,,,,,,,,,,,,,,,,,,,,,,,,,,,,,,,Width,5.6,5.6,,,,,,,,,,,,,,,,,,,,,,,,
,,,,,,,,,,,,,,,,,,,,,,,,,,,,,,,,,,,,,,,Depth,3.7,3.7,,,,,,,,,,,,,,,,,,,,,,,,
Phyto,7/15/2019,11:07,LIS,0,64.0,0.5,0.78%,0.0697,314.159,0.4182,6,1502.43,1037,Chlorella sp.,Soft Body,Chlorella,sp.,,3,3,1.9,,,i,BSA.YOLO-08,BB,,sphere,3.59,,,,,,,,,,Length,1.9,1.9,1.9,1.9,,,,,,,,,,,,,,,,,,,,,,
Phyto,7/15/2019,11:07,LIS,0,64.0,0.5,0.78%,0.0697,314.159,0.4182,6,1502.43,1365,Plagioselmis lacustris,Soft Body,Plagioselmis,lacustris,,1,1,11.1,,,i,BSA.YOLO-08,BB,,cone + half sphere,567.71,,,,,,,,,,Length,11.1,11.1,,,,,,,,,,,,,,,,,,,,,,,,
,,,,,,,,,,,,,,,,,,,,,,,,,,,,,,,,,,,,,,,Width,6.5,6.5,,,,,,,,,,,,,,,,,,,,,,,,
Phyto,7/15/2019,11:07,LIS,0,64.0,0.5,0.78%,0.0697,314.159,0.4182,6,1502.43,1420,Chroococcus minimus,Soft Body,Chroococcus,minimus,,1,2,1.9,,,c,BSA.YOLO-08,BB,,sphere,3.59,,,,,,,,,,Length,1.9,1.9,1.9,,,,,,,,,,,,,,,,,,,,,,,
Phyto,7/15/2019,11:07,LIS,0,64.0,0.5,0.78%,0.0697,314.159,0.4182,6,1502.43,1419,Eucapsis microscopica,Soft Body,Eucapsis,microscopica,,455,963,0.8,0.8,0.8,c,BSA.YOLO-08,BB,,sphere,0.18,0.18,0.18,0.18,0.18,0.18,0.18,0.18,0.18,0.18,Length,0.8,0.7,0.7,0.7,0.7,0.7,0.7,0.7,0.7,0.7,0.7,0.7,0.7,0.8,0.8,0.8,0.8,0.8,0.8,0.8,0.8,0.8,0.8,0.8,0.8,0.8
Phyto,8/6/2019,14:10,RD22-DUP,0,63.0,0.5,0.79%,0.0697,314.159,0.3485,5,1802.92,1037,Chlorella sp.,Soft Body,Chlorella,sp.,,5,5,1.9,,,i,BSA.YOLO-09,BB,,sphere,3.59,,,,,,,,,,Length,1.9,1.9,1.9,1.9,1.9,1.9,,,,,,,,,,,,,,,,,,,,
Phyto,8/6/2019,14:10,RD22-DUP,0,63.0,0.5,0.79%,0.0697,314.159,0.3485,5,1802.92,1419,Eucapsis microscopica,Soft Body,Eucapsis,microscopica,,396,842,0.8,0.8,0.8,c,BSA.YOLO-09,BB,,sphere,0.18,0.18,0.18,0.18,0.18,0.18,0.18,0.18,0.18,0.18,Length,0.8,0.7,0.7,0.7,0.7,0.7,0.7,0.7,0.7,0.7,0.7,0.7,0.7,0.8,0.8,0.8,0.8,0.8,0.8,0.8,0.8,0.8,0.8,0.8,0.8,0.8
Phyto,8/6/2019,9:26,I80,1,61.0,0.5,0.82%,0.0683,314.159,0.5464,8,1149.92,190,Cyclotella sp.,Diatom,Cyclotella,sp.,,6,6,20.4,,,i,BSA.YOLO-10,CT,High sediment and detritus. ,cylinder,1056.59,,,,,,,,,,Length,9.5,5.6,5.6,14.8,10.2,11.1,,,,,,,,,,,,,,,,,,,,
,,,,,,,,,,,,,,,,,,,,,,,,,,,,,,,,,,,,,,,Width,11.9,7.4,7.4,20.4,11.1,13.0,,,,,,,,,,,,,,,,,,,,
Phyto,8/6/2019,9:26,I80,1,61.0,0.5,0.82%,0.0683,314.159,0.5464,8,1149.92,1860,Skeletonema potamos,Diatom,Skeletonema,potamos,,1,1,10.2,,,i,BSA.YOLO-10,CT,High sediment and detritus. ,cylinder + 2 half spheres,62.81,,,,,,,,,,Length,10.2,10.2,,,,,,,,,,,,,,,,,,,,,,,,
,,,,,,,,,,,,,,,,,,,,,,,,,,,,,,,,,,,,,,,Width,2.8,2.8,,,,,,,,,,,,,,,,,,,,,,,,
Phyto,8/6/2019,9:26,I80,1,61.0,0.5,0.82%,0.0683,314.159,0.5464,8,1149.92,1020,Carteria sp.,Soft Body,Carteria,sp.,,1,1,14.8,,,i,BSA.YOLO-10,CT,High sediment and detritus. ,sphere,670.23,,,,,,,,,,Length,14.8,14.8,,,,,,,,,,,,,,,,,,,,,,,,
,,,,,,,,,,,,,,,,,,,,,,,,,,,,,,,,,,,,,,,Width,9.3,9.3,,,,,,,,,,,,,,,,,,,,,,,,
Phyto,8/6/2019,9:26,I80,1,61.0,0.5,0.82%,0.0683,314.159,0.5464,8,1149.92,1037,Chlorella sp.,Soft Body,Chlorella,sp.,,7,7,2.8,,,i,BSA.YOLO-10,CT,High sediment and detritus. ,sphere,6.37,,,,,,,,,,Length,2.3,1.9,2.8,1.9,1.9,2.8,,,,,,,,,,,,,,,,,,,,
Phyto,8/6/2019,9:26,I80,1,61.0,0.5,0.82%,0.0683,314.159,0.5464,8,1149.92,1138,Monoraphidium sp.,Soft Body,Monoraphidium,sp.,,1,1,14.8,,,i,BSA.YOLO-10,CT,High sediment and detritus. ,2 cones,6.28,,,,,,,,,,Length,14.8,14.8,,,,,,,,,,,,,,,,,,,,,,,,
,,,,,,,,,,,,,,,,,,,,,,,,,,,,,,,,,,,,,,,Width,0.9,0.9,,,,,,,,,,,,,,,,,,,,,,,,
Phyto,8/6/2019,9:26,I80,1,61.0,0.5,0.82%,0.0683,314.159,0.5464,8,1149.92,1419,Eucapsis microscopica,Soft Body,Eucapsis,microscopica,,406,819,0.8,0.8,0.8,c,BSA.YOLO-10,CT,High sediment and detritus. ,sphere,0.18,0.18,0.18,0.18,0.18,0.18,0.18,0.18,0.18,0.18,Length,0.8,0.7,0.7,0.7,0.7,0.7,0.7,0.7,0.7,0.7,0.7,0.7,0.7,0.8,0.8,0.8,0.8,0.8,0.8,0.8,0.8,0.8,0.8,0.8,0.8,0.8
Phyto,8/5/2019,9:14,SHER,1,63.0,0.5,0.79%,0.0683,314.159,2.732,40,229.98,1037,Chlorella sp.,Soft Body,Chlorella,sp.,,1,1,1.9,,,i,BSA.YOLO-11,CT,,sphere,3.59,,,,,,,,,,Length,1.9,1.9,,,,,,,,,,,,,,,,,,,,,,,,
Phyto,8/5/2019,9:14,SHER,1,63.0,0.5,0.79%,0.0683,314.159,2.732,40,229.98,1806,cf. Chrysochromulina sp.,Soft Body,Chrysochromulina,sp.,,1,1,2.8,,,i,BSA.YOLO-11,CT,,prolate spheroid,11.49,,,,,,,,,,Length,2.8,2.8,,,,,,,,,,,,,,,,,,,,,,,,
,,,,,,,,,,,,,,,,,,,,,,,,,,,,,,,,,,,,,,,Width,2.8,2.8,,,,,,,,,,,,,,,,,,,,,,,,
Phyto,8/5/2019,9:14,SHER,1,63.0,0.5,0.79%,0.0683,314.159,2.732,40,229.98,1313,Dinobryon sp.,Soft Body,Dinobryon,sp.,,1,1,12,,,i,BSA.YOLO-11,CT,,prolate spheroid,197.04,,,,,,,,,,Length,12.0,12.0,,,,,,,,,,,,,,,,,,,,,,,,
,,,,,,,,,,,,,,,,,,,,,,,,,,,,,,,,,,,,,,,Width,5.6,5.6,,,,,,,,,,,,,,,,,,,,,,,,
Phyto,8/5/2019,9:14,SHER,1,63.0,0.5,0.79%,0.0683,314.159,2.732,40,229.98,1365,Plagioselmis lacustris,Soft Body,Plagioselmis,lacustris,,1,1,13,,,i,BSA.YOLO-11,CT,,cone + half sphere,822.94,,,,,,,,,,Length,13.0,13.0,,,,,,,,,,,,,,,,,,,,,,,,
,,,,,,,,,,,,,,,,,,,,,,,,,,,,,,,,,,,,,,,Width,5.6,5.6,,,,,,,,,,,,,,,,,,,,,,,,
Phyto,8/5/2019,9:14,SHER,1,63.0,0.5,0.79%,0.0683,314.159,2.732,40,229.98,1364,Plagioselmis nannoplanctica,Soft Body,Plagioselmis,nannoplanctica,,1,1,9.3,,,i,BSA.YOLO-11,CT,,cone + half sphere,314.74,,,,,,,,,,Length,9.3,9.3,,,,,,,,,,,,,,,,,,,,,,,,
,,,,,,,,,,,,,,,,,,,,,,,,,,,,,,,,,,,,,,,Width,4.6,4.6,,,,,,,,,,,,,,,,,,,,,,,,
Phyto,8/5/2019,9:14,SHER,1,63.0,0.5,0.79%,0.0683,314.159,2.732,40,229.98,1419,Eucapsis microscopica,Soft Body,Eucapsis,microscopica,,396,792,0.8,0.8,0.8,c,BSA.YOLO-11,CT,,sphere,0.18,0.18,0.18,0.18,0.18,0.18,0.18,0.18,0.18,0.18,Length,0.8,0.7,0.7,0.7,0.7,0.7,0.7,0.7,0.7,0.7,0.7,0.7,0.7,0.8,0.8,0.8,0.8,0.8,0.8,0.8,0.8,0.8,0.8,0.8,0.8,0.8
Phyto,8/6/2019,10:14,RMB,1,61.0,0.5,0.82%,0.0697,314.159,0.4879,7,1287.80,749,Nitzschia sp.,Diatom,Nitzschia,sp.,,1,1,25.9,,,i,BSA.YOLO-12,BB,,prism on parallelogram,206.03,,,,,,,,,,Length,25.9,25.9,,,,,,,,,,,,,,,,,,,,,,,,
,,,,,,,,,,,,,,,,,,,,,,,,,,,,,,,,,,,,,,,Width ,4.3,4.3,,,,,,,,,,,,,,,,,,,,,,,,
,,,,,,,,,,,,,,,,,,,,,,,,,,,,,,,,,,,,,,,Depth,3.7,3.7,,,,,,,,,,,,,,,,,,,,,,,,
Phyto,8/6/2019,10:14,RMB,1,61.0,0.5,0.82%,0.0697,314.159,0.4879,7,1287.80,1037,Chlorella sp.,Soft Body,Chlorella,sp.,,3,3,2.4,,,i,BSA.YOLO-12,BB,,sphere,5.58,,,,,,,,,,Length,2.2,2.4,1.9,,,,,,,,,,,,,,,,,,,,,,,
Phyto,8/6/2019,10:14,RMB,1,61.0,0.5,0.82%,0.0697,314.159,0.4879,7,1287.80,1871,Lemmermannia triangularis,Soft Body,Lemmermannia,triangularis,,1,4,3.1,,,c,BSA.YOLO-12,BB,,sphere,15.60,,,,,,,,,,Length,3.1,3.1,,,,,,,,,,,,,,,,,,,,,,,,
Phyto,8/6/2019,10:14,RMB,1,61.0,0.5,0.82%,0.0697,314.159,0.4879,7,1287.80,1419,Eucapsis microscopica,Soft Body,Eucapsis,microscopica,,449,932,0.8,0.8,0.8,c,BSA.YOLO-12,BB,,sphere,0.18,0.18,0.18,0.18,0.18,0.18,0.18,0.18,0.18,0.18,Length,0.8,0.7,0.7,0.7,0.7,0.7,0.7,0.7,0.7,0.7,0.7,0.7,0.7,0.8,0.8,0.8,0.8,0.8,0.8,0.8,0.8,0.8,0.8,0.8,0.8,0.8
Phyto,7/15/2019,9:23,STTD,0,65.0,0.5,0.77%,0.0697,314.159,0.5576,8,1126.83,1037,Chlorella sp.,Soft Body,Chlorella,sp.,,3,3,1.9,,,i,BSA.YOLO-13,BB,,sphere,3.59,,,,,,,,,,Length,1.9,1.9,1.9,1.9,,,,,,,,,,,,,,,,,,,,,,
Phyto,7/15/2019,9:23,STTD,0,65.0,0.5,0.77%,0.0697,314.159,0.5576,8,1126.83,1119,Lagerheimia genevensis,Soft Body,Lagerheimia,genevensis,,1,1,4.6,,,i,BSA.YOLO-13,BB,,ellipsoid,32.97,,,,,,,,,,Length,4.6,4.6,,,,,,,,,,,,,,,,,,,,,,,,
,,,,,,,,,,,,,,,,,,,,,,,,,,,,,,,,,,,,,,,Width,3.7,3.7,,,,,,,,,,,,,,,,,,,,,,,,
,,,,,,,,,,,,,,,,,,,,,,,,,,,,,,,,,,,,,,,Depth,3.7,3.7,,,,,,,,,,,,,,,,,,,,,,,,
Phyto,7/15/2019,9:23,STTD,0,65.0,0.5,0.77%,0.0697,314.159,0.5576,8,1126.83,1419,Eucapsis microscopica,Soft Body,Eucapsis,microscopica,,418,888,0.8,0.8,0.8,c,BSA.YOLO-13,BB,,sphere,0.18,0.18,0.18,0.18,0.18,0.18,0.18,0.18,0.18,0.18,Length,0.8,0.7,0.7,0.7,0.7,0.7,0.7,0.7,0.7,0.7,0.7,0.7,0.7,0.8,0.8,0.8,0.8,0.8,0.8,0.8,0.8,0.8,0.8,0.8,0.8,0.8
Phyto,8/7/2019,11:59,BL5,1,59.0,0.5,0.85%,0.0697,314.159,0.9758,14,643.90,713,Nitzschia inconspicua,Diatom,Nitzschia,inconspicua,,1,1,9.3,,,i,BSA.YOLO-14,BB,,prism on parallelogram,55.99,,,,,,,,,,Length,9.3,9.3,,,,,,,,,,,,,,,,,,,,,,,,
,,,,,,,,,,,,,,,,,,,,,,,,,,,,,,,,,,,,,,,Width,4.3,4.3,,,,,,,,,,,,,,,,,,,,,,,,
,,,,,,,,,,,,,,,,,,,,,,,,,,,,,,,,,,,,,,,Depth,2.8,2.8,,,,,,,,,,,,,,,,,,,,,,,,
Phyto,8/7/2019,11:59,BL5,1,59.0,0.5,0.85%,0.0697,314.159,0.9758,14,643.90,1037,Chlorella sp.,Soft Body,Chlorella,sp.,,4,4,1.9,,,i,BSA.YOLO-14,BB,,sphere,3.59,,,,,,,,,,Length,1.9,1.9,,,,,,,,,,,,,,,,,,,,,,,,
Phyto,8/7/2019,11:59,BL5,1,59.0,0.5,0.85%,0.0697,314.159,0.9758,14,643.90,1419,Eucapsis microscopica,Soft Body,Eucapsis,microscopica,,398,826,0.8,0.8,0.8,c,BSA.YOLO-14,BB,,sphere,0.18,0.18,0.18,0.18,0.18,0.18,0.18,0.18,0.18,0.18,Length,0.8,0.7,0.7,0.7,0.7,0.7,0.7,0.7,0.7,0.7,0.7,0.7,0.7,0.8,0.8,0.8,0.8,0.8,0.8,0.8,0.8,0.8,0.8,0.8,0.8,0.8
Phyto,8/6/2019,11:57,RCS,1,62.0,0.5,0.81%,0.0683,314.159,0.6147,9,1022.15,190,Cyclotella sp.,Diatom,Cyclotella,sp.,,1,1,5.6,,,i,BSA.YOLO-15,CT,High sediment and detritus.,cylinder,91.13,,,,,,,,,,Length,3.7,3.7,,,,,,,,,,,,,,,,,,,,,,,,
,,,,,,,,,,,,,,,,,,,,,,,,,,,,,,,,,,,,,,,Width,5.6,5.6,,,,,,,,,,,,,,,,,,,,,,,,
Phyto,8/6/2019,11:57,RCS,1,62.0,0.5,0.81%,0.0683,314.159,0.6147,9,1022.15,1031,Chlamydomonas sp.,Soft Body,Chlamydomonas,sp.,,1,1,5.6,,,i,BSA.YOLO-15,CT,High sediment and detritus.,sphere,75.53,,,,,,,,,,Length,5.6,5.6,,,,,,,,,,,,,,,,,,,,,,,,
,,,,,,,,,,,,,,,,,,,,,,,,,,,,,,,,,,,,,,,Width,5.6,5.6,,,,,,,,,,,,,,,,,,,,,,,,
,,,,,,,,,,,,,,,,,,,,,,,,,,,,,,,,,,,,,,,Depth,4.6,4.6,,,,,,,,,,,,,,,,,,,,,,,,
Phyto,8/6/2019,11:57,RCS,1,62.0,0.5,0.81%,0.0683,314.159,0.6147,9,1022.15,1037,Chlorella sp.,Soft Body,Chlorella,sp.,,3,3,3.7,,,i,BSA.YOLO-15,CT,High sediment and detritus.,sphere,15.60,,,,,,,,,,Length,3.1,2.8,2.8,3.7,,,,,,,,,,,,,,,,,,,,,,
Phyto,8/6/2019,11:57,RCS,1,62.0,0.5,0.81%,0.0683,314.159,0.6147,9,1022.15,1136,Monoraphidium griffithii,Soft Body,Monoraphidium,griffithii,,1,1,74.1,,,i,BSA.YOLO-15,CT,High sediment and detritus.,2 cones,304.18,,,,,,,,,,Length,74.1,74.1,,,,,,,,,,,,,,,,,,,,,,,,
,,,,,,,,,,,,,,,,,,,,,,,,,,,,,,,,,,,,,,,Width,2.8,2.8,,,,,,,,,,,,,,,,,,,,,,,,
Phyto,8/6/2019,11:57,RCS,1,62.0,0.5,0.81%,0.0683,314.159,0.6147,9,1022.15,1138,Monoraphidium sp.,Soft Body,Monoraphidium,sp.,,1,1,27.8,,,i,BSA.YOLO-15,CT,High sediment and detritus.,2 cones,52.55,,,,,,,,,,Length,27.8,27.8,,,,,,,,,,,,,,,,,,,,,,,,
,,,,,,,,,,,,,,,,,,,,,,,,,,,,,,,,,,,,,,,Width,1.9,1.9,,,,,,,,,,,,,,,,,,,,,,,,
Phyto,8/6/2019,11:57,RCS,1,62.0,0.5,0.81%,0.0683,314.159,0.6147,9,1022.15,1923,Chrysosaccus sp.,Soft Body,Chrysosaccus,sp.,,2,2,6.5,,,i,BSA.YOLO-15,CT,High sediment and detritus.,prolate spheroid,67.58,,,,,,,,,,Length,6.1,6.5,5.6,,,,,,,,,,,,,,,,,,,,,,,
,,,,,,,,,,,,,,,,,,,,,,,,,,,,,,,,,,,,,,,Width,4.6,4.6,4.6,,,,,,,,,,,,,,,,,,,,,,,
Phyto,8/6/2019,11:57,RCS,1,62.0,0.5,0.81%,0.0683,314.159,0.6147,9,1022.15,1393,Aphanizomenon sp.,Soft Body,Aphanizomenon,sp.,,1,26,7.4,,,f,BSA.YOLO-15,CT,High sediment and detritus.,cylinder,79.57,,,,,,,,,,Length,7.4,7.4,,,,,,,,,,,,,,,,,,,,,,,,
,,,,,,,,,,,,,,,,,,,,,,,,,,,,,,,,,,,,,,,Width,3.7,3.7,,,,,,,,,,,,,,,,,,,,,,,,
Phyto,8/6/2019,11:57,RCS,1,62.0,0.5,0.81%,0.0683,314.159,0.6147,9,1022.15,1419,Eucapsis microscopica,Soft Body,Eucapsis,microscopica,,412,827,0.8,0.8,0.8,c,BSA.YOLO-15,CT,High sediment and detritus.,sphere,0.18,0.18,0.18,0.18,0.18,0.18,0.18,0.18,0.18,0.18,Length,0.8,0.7,0.7,0.7,0.7,0.7,0.7,0.7,0.7,0.7,0.7,0.7,0.7,0.8,0.8,0.8,0.8,0.8,0.8,0.8,0.8,0.8,0.8,0.8,0.8,0.8
Phyto,8/6/2019,11:28,LIS,1,59.0,0.5,0.85%,0.0683,314.159,0.5464,8,1149.92,1860,Skeletonema potamos,Diatom,Skeletonema,potamos,,1,1,11.1,,,i,BSA.YOLO-16,CT,Moderate sediment and detritus.,cylinder + 2 half spheres,68.35,,,,,,,,,,Length,11.1,11.1,,,,,,,,,,,,,,,,,,,,,,,,
,,,,,,,,,,,,,,,,,,,,,,,,,,,,,,,,,,,,,,,Width,2.8,2.8,,,,,,,,,,,,,,,,,,,,,,,,
Phyto,8/6/2019,11:28,LIS,1,59.0,0.5,0.85%,0.0683,314.159,0.5464,8,1149.92,1020,Carteria sp.,Soft Body,Carteria,sp.,,2,2,13.9,,,i,BSA.YOLO-16,CT,Moderate sediment and detritus.,sphere,611.36,,,,,,,,,,Length,13.5,13.9,13.0,,,,,,,,,,,,,,,,,,,,,,,
,,,,,,,,,,,,,,,,,,,,,,,,,,,,,,,,,,,,,,,Width,9.3,9.3,9.3,,,,,,,,,,,,,,,,,,,,,,,
Phyto,8/6/2019,11:28,LIS,1,59.0,0.5,0.85%,0.0683,314.159,0.5464,8,1149.92,1037,Chlorella sp.,Soft Body,Chlorella,sp.,,1,1,2.8,,,i,BSA.YOLO-16,CT,Moderate sediment and detritus.,sphere,11.49,,,,,,,,,,Length,2.8,2.8,,,,,,,,,,,,,,,,,,,,,,,,
Phyto,8/6/2019,11:28,LIS,1,59.0,0.5,0.85%,0.0683,314.159,0.5464,8,1149.92,1803,Raphidocelis danubiana,Soft Body,Raphidocelis,danubiana,,1,6,5.6,,,c,BSA.YOLO-16,CT,Moderate sediment and detritus.,2 cones,22.99,,,,,,,,,,Length,5.6,5.6,5.6,5.6,5.6,5.6,,,,,,,,,,,,,,,,,,,,
,,,,,,,,,,,,,,,,,,,,,,,,,,,,,,,,,,,,,,,Width,2.8,2.8,2.8,2.8,2.8,2.8,,,,,,,,,,,,,,,,,,,,
Phyto,8/6/2019,11:28,LIS,1,59.0,0.5,0.85%,0.0683,314.159,0.5464,8,1149.92,1235,Scenedesmus sp.,Soft Body,Scenedesmus,sp.,,1,2,5.6,,,c,BSA.YOLO-16,CT,Moderate sediment and detritus.,prolate spheroid,22.99,,,,,,,,,,Length,5.6,5.6,5.6,,,,,,,,,,,,,,,,,,,,,,,
,,,,,,,,,,,,,,,,,,,,,,,,,,,,,,,,,,,,,,,Width,2.8,2.8,2.8,,,,,,,,,,,,,,,,,,,,,,,
Phyto,8/6/2019,11:28,LIS,1,59.0,0.5,0.85%,0.0683,314.159,0.5464,8,1149.92,1806,Chrysochromulina sp.,Soft Body,Chrysochromulina,sp.,,1,1,5.6,,,i,BSA.YOLO-16,CT,Moderate sediment and detritus.,prolate spheroid,62.04,,,,,,,,,,Length,5.6,5.6,,,,,,,,,,,,,,,,,,,,,,,,
,,,,,,,,,,,,,,,,,,,,,,,,,,,,,,,,,,,,,,,Width,4.6,4.6,,,,,,,,,,,,,,,,,,,,,,,,
Phyto,8/6/2019,11:28,LIS,1,59.0,0.5,0.85%,0.0683,314.159,0.5464,8,1149.92,1733,Plagioselmis prolonga,Soft Body,Plagioselmis,prolonga,,1,1,7.4,,,i,BSA.YOLO-16,CT,Moderate sediment and detritus.,cone + half sphere,159.13,,,,,,,,,,Length,7.4,7.4,,,,,,,,,,,,,,,,,,,,,,,,
,,,,,,,,,,,,,,,,,,,,,,,,,,,,,,,,,,,,,,,Width,3.7,3.7,,,,,,,,,,,,,,,,,,,,,,,,
Phyto,8/6/2019,11:28,LIS,1,59.0,0.5,0.85%,0.0683,314.159,0.5464,8,1149.92,1419,Eucapsis microscopica,Soft Body,Eucapsis,microscopica,,406,820,0.8,0.8,0.8,c,BSA.YOLO-16,CT,Moderate sediment and detritus.,sphere,0.18,0.18,0.18,0.18,0.18,0.18,0.18,0.18,0.18,0.18,Length,0.8,0.7,0.7,0.7,0.7,0.7,0.7,0.7,0.7,0.7,0.7,0.7,0.7,0.8,0.8,0.8,0.8,0.8,0.8,0.8,0.8,0.8,0.8,0.8,0.8,0.8
Phyto,8/6/2019,11:28,LIS,1,59.0,0.5,0.85%,0.0683,314.159,0.5464,8,1149.92,1477,cf. Microcystis sp.,Soft Body,Microcystis,sp.,,1,1,4.6,,,i,BSA.YOLO-16,CT,Moderate sediment and detritus.,sphere,50.96,,,,,,,,,,Length,4.6,4.6,,,,,,,,,,,,,,,,,,,,,,,,
Phyto,8/7/2019,10:59,LIB,1,56.0,0.5,0.89%,0.0697,314.159,1.1152,16,563.41,145,Cocconeis placentula,Diatom,Cocconeis,placentula,,1,1,20.4,,,i,BSA.YOLO-17,BB,,elliptic prism,958.12,,,,,,,,,,Length,20.4,20.4,,,,,,,,,,,,,,,,,,,,,,,,
,,,,,,,,,,,,,,,,,,,,,,,,,,,,,,,,,,,,,,,Width,13.0,13.0,,,,,,,,,,,,,,,,,,,,,,,,
,,,,,,,,,,,,,,,,,,,,,,,,,,,,,,,,,,,,,,,Depth,4.6,4.6,,,,,,,,,,,,,,,,,,,,,,,,
Phyto,8/7/2019,10:59,LIB,1,56.0,0.5,0.89%,0.0697,314.159,1.1152,16,563.41,190,Cyclotella sp.,Diatom,Cyclotella,sp.,,1,1,8.3,,,i,BSA.YOLO-17,BB,,cylinder,216.42,,,,,,,,,,Length,4.0,4.0,,,,,,,,,,,,,,,,,,,,,,,,
,,,,,,,,,,,,,,,,,,,,,,,,,,,,,,,,,,,,,,,Width,8.3,8.3,,,,,,,,,,,,,,,,,,,,,,,,
Phyto,8/7/2019,10:59,LIB,1,56.0,0.5,0.89%,0.0697,314.159,1.1152,16,563.41,1037,Chlorella sp.,Soft Body,Chlorella,sp.,,2,2,1.9,,,i,BSA.YOLO-17,BB,,sphere,3.59,,,,,,,,,,Length,1.9,1.9,1.9,,,,,,,,,,,,,,,,,,,,,,,
Phyto,8/7/2019,10:59,LIB,1,56.0,0.5,0.89%,0.0697,314.159,1.1152,16,563.41,1419,Eucapsis microscopica,Soft Body,Eucapsis,microscopica,,407,898,0.8,0.8,0.8,c,BSA.YOLO-17,BB,,sphere,0.18,0.18,0.18,0.18,0.18,0.18,0.18,0.18,0.18,0.18,Length,0.8,0.7,0.7,0.7,0.7,0.7,0.7,0.7,0.7,0.7,0.7,0.7,0.7,0.8,0.8,0.8,0.8,0.8,0.8,0.8,0.8,0.8,0.8,0.8,0.8,0.8
Phyto,8/7/2019,12:39,STTD,1,57.0,0.5,0.88%,0.0683,314.159,0.8879,13,707.65,46,Achnanthidium sp.,Diatom,Achnanthidium,sp.,,1,1,11.1,,,i,BSA.YOLO-18,CT,Moderate sediment and detritus.,elliptic prism,90.32,,,,,,,,,,Length,11.1,11.1,,,,,,,,,,,,,,,,,,,,,,,,
,,,,,,,,,,,,,,,,,,,,,,,,,,,,,,,,,,,,,,,Width,3.7,3.7,,,,,,,,,,,,,,,,,,,,,,,,
,,,,,,,,,,,,,,,,,,,,,,,,,,,,,,,,,,,,,,,Depth,2.8,2.8,,,,,,,,,,,,,,,,,,,,,,,,
Phyto,8/7/2019,12:39,STTD,1,57.0,0.5,0.88%,0.0683,314.159,0.8879,13,707.65,1037,Chlorella sp.,Soft Body,Chlorella,sp.,,8,8,1.9,,,i,BSA.YOLO-18,CT,Moderate sediment and detritus.,sphere,3.59,,,,,,,,,,Length,1.9,1.9,1.9,1.9,1.9,1.9,,,,,,,,,,,,,,,,,,,,
Phyto,8/7/2019,12:39,STTD,1,57.0,0.5,0.88%,0.0683,314.159,0.8879,13,707.65,1364,Plagioselmis nannoplanctica,Soft Body,Plagioselmis,nannoplanctica,,1,1,9.3,,,i,BSA.YOLO-18,CT,Moderate sediment and detritus.,cone + half sphere,337.38,,,,,,,,,,Length,9.3,9.3,,,,,,,,,,,,,,,,,,,,,,,,
,,,,,,,,,,,,,,,,,,,,,,,,,,,,,,,,,,,,,,,Width,5.6,5.6,,,,,,,,,,,,,,,,,,,,,,,,
Phyto,8/7/2019,12:39,STTD,1,57.0,0.5,0.88%,0.0683,314.159,0.8879,13,707.65,1419,Eucapsis microscopica,Soft Body,Eucapsis,microscopica,,421,859,0.8,0.8,0.8,c,BSA.YOLO-18,CT,Moderate sediment and detritus.,sphere,0.18,0.18,0.18,0.18,0.18,0.18,0.18,0.18,0.18,0.18,Length,0.8,0.7,0.7,0.7,0.7,0.7,0.7,0.7,0.7,0.7,0.7,0.7,0.7,0.8,0.8,0.8,0.8,0.8,0.8,0.8,0.8,0.8,0.8,0.8,0.8,0.8
Phyto,8/7/2019,11:05,LIB DUP,1,60.0,0.5,0.83%,0.0697,314.159,1.7425,25,360.58,1037,Chlorella sp.,Soft Body,Chlorella,sp.,,5,5,2.4,,,i,BSA.YOLO-19,BB,,sphere,5.58,,,,,,,,,,Length,2.2,1.9,1.9,2.4,2.4,2.4,,,,,,,,,,,,,,,,,,,,
Phyto,8/7/2019,11:05,LIB DUP,1,60.0,0.5,0.83%,0.0697,314.159,1.7425,25,360.58,1420,Chroococcus minimus,Soft Body,Chroococcus,minimus,,2,6,2.4,,,c,BSA.YOLO-19,BB,,sphere,7.24,,,,,,,,,,Length,2.4,2.4,2.4,2.4,2.4,2.4,,,,,,,,,,,,,,,,,,,,
Phyto,8/7/2019,11:05,LIB DUP,1,60.0,0.5,0.83%,0.0697,314.159,1.7425,25,360.58,1419,Eucapsis microscopica,Soft Body,Eucapsis,microscopica,,410,836,0.8,0.8,0.8,c,BSA.YOLO-19,BB,,sphere,0.18,0.18,0.18,0.18,0.18,0.18,0.18,0.18,0.18,0.18,Length,0.8,0.7,0.7,0.7,0.7,0.7,0.7,0.7,0.7,0.7,0.7,0.7,0.7,0.8,0.8,0.8,0.8,0.8,0.8,0.8,0.8,0.8,0.8,0.8,0.8,0.8
Phyto,8/20/2019,9:27,I80,1,62.0,0.5,0.81%,0.0683,314.159,0.5464,8,1149.92,631,Navicula sp.,Diatom,Navicula,sp.,,2,2,27.8,,,i,BSA.YOLO-20,CT,High sediment and detritus.,elliptic prism,331.98,,,,,,,,,,Length,20.4,27.8,13.0,,,,,,,,,,,,,,,,,,,,,,,
,,,,,,,,,,,,,,,,,,,,,,,,,,,,,,,,,,,,,,,Width,5.6,5.6,5.6,,,,,,,,,,,,,,,,,,,,,,,
,,,,,,,,,,,,,,,,,,,,,,,,,,,,,,,,,,,,,,,Depth,3.7,3.7,3.7,,,,,,,,,,,,,,,,,,,,,,,
Phyto,8/20/2019,9:27,I80,1,62.0,0.5,0.81%,0.0683,314.159,0.5464,8,1149.92,1037,Chlorella sp.,Soft Body,Chlorella,sp.,,12,12,3.7,,,i,BSA.YOLO-20,CT,High sediment and detritus.,sphere,14.14,,,,,,,,,,Length,3.0,2.8,2.8,2.8,2.8,3.7,,,,,,,,,,,,,,,,,,,,
Phyto,8/20/2019,9:27,I80,1,62.0,0.5,0.81%,0.0683,314.159,0.5464,8,1149.92,1761,Drepanochloris nannoselene,Soft Body,Drepanochloris,nannoselene,,1,1,6.5,,,i,BSA.YOLO-20,CT,High sediment and detritus.,cylinder + 2 cones,4.42,,,,,,,,,,Length,6.5,6.5,,,,,,,,,,,,,,,,,,,,,,,,
,,,,,,,,,,,,,,,,,,,,,,,,,,,,,,,,,,,,,,,Width,0.9,0.9,,,,,,,,,,,,,,,,,,,,,,,,
,,,,,,,,,,,,,,,,,,,,,,,,,,,,,,,,,,,,,,,Depth,0.9,0.9,,,,,,,,,,,,,,,,,,,,,,,,
Phyto,8/20/2019,9:27,I80,1,62.0,0.5,0.81%,0.0683,314.159,0.5464,8,1149.92,1419,Eucapsis microscopica,Soft Body,Eucapsis,microscopica,,441,889,0.8,0.8,0.8,c,BSA.YOLO-20,CT,High sediment and detritus.,sphere,0.18,0.18,0.18,0.18,0.18,0.18,0.18,0.18,0.18,0.18,Length,0.8,0.7,0.7,0.7,0.7,0.7,0.7,0.7,0.7,0.7,0.7,0.7,0.7,0.8,0.8,0.8,0.8,0.8,0.8,0.8,0.8,0.8,0.8,0.8,0.8,0.8
Phyto,8/7/2019,12:49,STTD DUP,1,57.0,0.5,0.88%,0.0683,314.159,0.6147,9,1022.15,145,Cocconeis placentula,Diatom,Cocconeis,placentula,,1,1,27.8,,,i,BSA.YOLO-21,CT,Moderate sediment and detritus.,elliptic prism,1349.13,,,,,,,,,,Length,27.8,27.8,,,,,,,,,,,,,,,,,,,,,,,,
,,,,,,,,,,,,,,,,,,,,,,,,,,,,,,,,,,,,,,,Width,16.7,16.7,,,,,,,,,,,,,,,,,,,,,,,,
,,,,,,,,,,,,,,,,,,,,,,,,,,,,,,,,,,,,,,,Depth,3.7,3.7,,,,,,,,,,,,,,,,,,,,,,,,
Phyto,8/7/2019,12:49,STTD DUP,1,57.0,0.5,0.88%,0.0683,314.159,0.6147,9,1022.15,1037,Chlorella sp.,Soft Body,Chlorella,sp.,,7,7,2.8,,,i,BSA.YOLO-21,CT,Moderate sediment and detritus.,sphere,7.24,,,,,,,,,,Length,2.4,1.9,1.9,2.8,2.8,2.8,,,,,,,,,,,,,,,,,,,,
Phyto,8/7/2019,12:49,STTD DUP,1,57.0,0.5,0.88%,0.0683,314.159,0.6147,9,1022.15,1419,Eucapsis microscopica,Soft Body,Eucapsis,microscopica,,392,791,0.8,0.8,0.8,c,BSA.YOLO-21,CT,Moderate sediment and detritus.,sphere,0.18,0.18,0.18,0.18,0.18,0.18,0.18,0.18,0.18,0.18,Length,0.8,0.7,0.7,0.7,0.7,0.7,0.7,0.7,0.7,0.7,0.7,0.7,0.7,0.8,0.8,0.8,0.8,0.8,0.8,0.8,0.8,0.8,0.8,0.8,0.8,0.8
Phyto,8/7/2019,10:23,RYI,1,60.0,0.5,0.83%,0.0697,314.159,1.5334,22,409.75,713,Nitzschia inconspicua,Diatom,Nitzschia,inconspicua,,1,1,7.4,,,i,BSA.YOLO-22,BB,,prism on parallelogram,19.68,,,,,,,,,,Length,7.4,7.4,,,,,,,,,,,,,,,,,,,,,,,,
,,,,,,,,,,,,,,,,,,,,,,,,,,,,,,,,,,,,,,,Width,2.8,2.8,,,,,,,,,,,,,,,,,,,,,,,,
,,,,,,,,,,,,,,,,,,,,,,,,,,,,,,,,,,,,,,,Depth,1.9,1.9,,,,,,,,,,,,,,,,,,,,,,,,
Phyto,8/7/2019,10:23,RYI,1,60.0,0.5,0.83%,0.0697,314.159,1.5334,22,409.75,1037,Chlorella sp.,Soft Body,Chlorella,sp.,,5,5,2.8,,,i,BSA.YOLO-22,BB,,sphere,7.24,,,,,,,,,,Length,2.4,2.8,2.8,2.8,1.9,1.9,,,,,,,,,,,,,,,,,,,,
Phyto,8/7/2019,10:23,RYI,1,60.0,0.5,0.83%,0.0697,314.159,1.5334,22,409.75,1761,Drepanochloris nannoselene,Soft Body,Drepanochloris,nannoselene,,1,1,3.1,,,i,BSA.YOLO-22,BB,,cylinder + 2 cones,2.26,,,,,,,,,,Length,3.1,3.1,,,,,,,,,,,,,,,,,,,,,,,,
,,,,,,,,,,,,,,,,,,,,,,,,,,,,,,,,,,,,,,,Width,0.9,0.9,,,,,,,,,,,,,,,,,,,,,,,,
,,,,,,,,,,,,,,,,,,,,,,,,,,,,,,,,,,,,,,,Depth,0.9,0.9,,,,,,,,,,,,,,,,,,,,,,,,
Phyto,8/7/2019,10:23,RYI,1,60.0,0.5,0.83%,0.0697,314.159,1.5334,22,409.75,1135,Monoraphidium convolutum,Soft Body,Monoraphidium,convolutum,,1,1,8.3,,,i,BSA.YOLO-22,BB,,2 cones,25.03,,,,,,,,,,Length,8.3,8.3,,,,,,,,,,,,,,,,,,,,,,,,
,,,,,,,,,,,,,,,,,,,,,,,,,,,,,,,,,,,,,,,Width,2.4,2.4,,,,,,,,,,,,,,,,,,,,,,,,
Phyto,8/7/2019,10:23,RYI,1,60.0,0.5,0.83%,0.0697,314.159,1.5334,22,409.75,1419,Eucapsis microscopica,Soft Body,Eucapsis,microscopica,,413,850,0.8,0.8,0.8,c,BSA.YOLO-22,BB,,sphere,0.18,0.18,0.18,0.18,0.18,0.18,0.18,0.18,0.18,0.18,Length,0.8,0.7,0.7,0.7,0.7,0.7,0.7,0.7,0.7,0.7,0.7,0.7,0.7,0.8,0.8,0.8,0.8,0.8,0.8,0.8,0.8,0.8,0.8,0.8,0.8,0.8
Phyto,8/7/2019,9:36,RVB,1,62.0,0.5,0.81%,0.0697,314.159,1.7425,25,360.58,749,Nitzschia sp.,Diatom,Nitzschia,sp.,,1,1,46.3,,,i,BSA.YOLO-23,BB,,prism on parallelogram,265.53,,,,,,,,,,Length,46.3,46.3,,,,,,,,,,,,,,,,,,,,,,,,
,,,,,,,,,,,,,,,,,,,,,,,,,,,,,,,,,,,,,,,Width,3.1,3.1,,,,,,,,,,,,,,,,,,,,,,,,
,,,,,,,,,,,,,,,,,,,,,,,,,,,,,,,,,,,,,,,Depth,3.7,3.7,,,,,,,,,,,,,,,,,,,,,,,,
Phyto,8/7/2019,9:36,RVB,1,62.0,0.5,0.81%,0.0697,314.159,1.7425,25,360.58,1037,Chlorella sp.,Soft Body,Chlorella,sp.,,6,6,2.8,,,i,BSA.YOLO-23,BB,,sphere,6.37,,,,,,,,,,Length,2.3,1.9,1.9,1.9,2.8,2.8,,,,,,,,,,,,,,,,,,,,
Phyto,8/7/2019,9:36,RVB,1,62.0,0.5,0.81%,0.0697,314.159,1.7425,25,360.58,1923,cf. Chrysosaccus sp.,Soft Body,Chrysosaccus,sp.,,1,1,4.6,,,c,BSA.YOLO-23,BB,,prolate spheroid,50.96,,,,,,,,,,Length,4.6,4.6,,,,,,,,,,,,,,,,,,,,,,,,
,,,,,,,,,,,,,,,,,,,,,,,,,,,,,,,,,,,,,,,Width,4.6,4.6,,,,,,,,,,,,,,,,,,,,,,,,
Phyto,8/7/2019,9:36,RVB,1,62.0,0.5,0.81%,0.0697,314.159,1.7425,25,360.58,1419,Eucapsis microscopica,Soft Body,Eucapsis,microscopica,,403,854,0.8,0.8,0.8,c,BSA.YOLO-23,BB,,sphere,0.18,0.18,0.18,0.18,0.18,0.18,0.18,0.18,0.18,0.18,Length,0.8,0.7,0.7,0.7,0.7,0.7,0.7,0.7,0.7,0.7,0.7,0.7,0.7,0.8,0.8,0.8,0.8,0.8,0.8,0.8,0.8,0.8,0.8,0.8,0.8,0.8
Phyto,8/20/2019,9:40,I80 DUP,1,62.0,0.5,0.81%,0.0683,314.159,0.5464,8,1149.92,190,Cyclotella sp.,Diatom,Cyclotella,sp.,,3,3,8.3,,,i,BSA.YOLO-24,CT,High sediment and detritus.,cylinder,172.55,,,,,,,,,,Length,5.2,4.6,7.4,3.7,,,,,,,,,,,,,,,,,,,,,,
,,,,,,,,,,,,,,,,,,,,,,,,,,,,,,,,,,,,,,,Width,6.5,6.5,8.3,4.6,,,,,,,,,,,,,,,,,,,,,,
Phyto,8/20/2019,9:40,I80 DUP,1,62.0,0.5,0.81%,0.0683,314.159,0.5464,8,1149.92,1020,Carteria sp.,Soft Body,Carteria,sp.,,1,1,13,,,i,BSA.YOLO-24,CT,High sediment and detritus.,sphere,588.72,,,,,,,,,,Length,13.0,13.0,,,,,,,,,,,,,,,,,,,,,,,,
,,,,,,,,,,,,,,,,,,,,,,,,,,,,,,,,,,,,,,,Width,9.3,9.3,,,,,,,,,,,,,,,,,,,,,,,,
Phyto,8/20/2019,9:40,I80 DUP,1,62.0,0.5,0.81%,0.0683,314.159,0.5464,8,1149.92,1037,Chlorella sp.,Soft Body,Chlorella,sp.,,7,7,2.8,,,i,BSA.YOLO-24,CT,High sediment and detritus.,sphere,4.85,,,,,,,,,,Length,2.1,1.9,1.9,1.9,1.9,2.8,,,,,,,,,,,,,,,,,,,,
Phyto,8/20/2019,9:40,I80 DUP,1,62.0,0.5,0.81%,0.0683,314.159,0.5464,8,1149.92,1761,Drepanochloris nannoselene,Soft Body,Drepanochloris,nannoselene,,1,1,4.6,,,i,BSA.YOLO-24,CT,High sediment and detritus.,cylinder + 2 cones,3.21,,,,,,,,,,Length,4.6,4.6,,,,,,,,,,,,,,,,,,,,,,,,
,,,,,,,,,,,,,,,,,,,,,,,,,,,,,,,,,,,,,,,Width,0.9,0.9,,,,,,,,,,,,,,,,,,,,,,,,
,,,,,,,,,,,,,,,,,,,,,,,,,,,,,,,,,,,,,,,Depth,0.9,0.9,,,,,,,,,,,,,,,,,,,,,,,,
Phyto,8/20/2019,9:40,I80 DUP,1,62.0,0.5,0.81%,0.0683,314.159,0.5464,8,1149.92,1419,Eucapsis microscopica,Soft Body,Eucapsis,microscopica,,406,820,0.8,0.8,0.8,c,BSA.YOLO-24,CT,High sediment and detritus.,sphere,0.18,0.18,0.18,0.18,0.18,0.18,0.18,0.18,0.18,0.18,Length,0.8,0.7,0.7,0.7,0.7,0.7,0.7,0.7,0.7,0.7,0.7,0.7,0.7,0.8,0.8,0.8,0.8,0.8,0.8,0.8,0.8,0.8,0.8,0.8,0.8,0.8
Phyto,8/19/2019,10:00,SHER,1,63.0,0.5,0.79%,0.0683,314.159,2.049,30,306.65,190,cf. Cyclotella sp.,Diatom,Cyclotella,sp.,,1,1,6.5,,,i,BSA.YOLO-25,CT,,cylinder,75.58,,,,,,,,,,Length,3.7,4.6,2.8,,,,,,,,,,,,,,,,,,,,,,,
,,,,,,,,,,,,,,,,,,,,,,,,,,,,,,,,,,,,,,,Width,5.1,6.5,3.7,,,,,,,,,,,,,,,,,,,,,,,
Phyto,8/19/2019,10:00,SHER,1,63.0,0.5,0.79%,0.0683,314.159,2.049,30,306.65,278,Diatoma vulgaris,Diatom,Diatoma,vulgaris,,1,1,27.8,,,i,BSA.YOLO-25,CT,,elliptic prism,1648.03,,,,,,,,,,Length,27.8,27.8,,,,,,,,,,,,,,,,,,,,,,,,
,,,,,,,,,,,,,,,,,,,,,,,,,,,,,,,,,,,,,,,Width,10.2,10.2,,,,,,,,,,,,,,,,,,,,,,,,
,,,,,,,,,,,,,,,,,,,,,,,,,,,,,,,,,,,,,,,Depth,7.4,7.4,,,,,,,,,,,,,,,,,,,,,,,,
Phyto,8/19/2019,10:00,SHER,1,63.0,0.5,0.79%,0.0683,314.159,2.049,30,306.65,310,Encyonema sp.,Diatom,Encyonema,sp.,,1,1,37,,,i,BSA.YOLO-25,CT,,cymbelloid,1491.25,,,,,,,,,,Length,37.0,37.0,,,,,,,,,,,,,,,,,,,,,,,,
,,,,,,,,,,,,,,,,,,,,,,,,,,,,,,,,,,,,,,,Width,13.0,13.0,,,,,,,,,,,,,,,,,,,,,,,,
,,,,,,,,,,,,,,,,,,,,,,,,,,,,,,,,,,,,,,,Depth,9.3,9.3,,,,,,,,,,,,,,,,,,,,,,,,
Phyto,8/19/2019,10:00,SHER,1,63.0,0.5,0.79%,0.0683,314.159,2.049,30,306.65,631,Navicula sp.,Diatom,Navicula,sp.,,1,1,100,,,i,BSA.YOLO-25,CT,,elliptic prism,35016.95,,,,,,,,,,Length,100.0,100.0,,,,,,,,,,,,,,,,,,,,,,,,
,,,,,,,,,,,,,,,,,,,,,,,,,,,,,,,,,,,,,,,Width,24.1,24.1,,,,,,,,,,,,,,,,,,,,,,,,
,,,,,,,,,,,,,,,,,,,,,,,,,,,,,,,,,,,,,,,Depth,18.5,18.5,,,,,,,,,,,,,,,,,,,,,,,,
Phyto,8/19/2019,10:00,SHER,1,63.0,0.5,0.79%,0.0683,314.159,2.049,30,306.65,927,Staurosirella pinnata,Diatom,Staurosirella,pinnata,,1,1,6.5,,,i,BSA.YOLO-25,CT,,elliptic prism,40.02,,,,,,,,,,Length,6.5,6.5,,,,,,,,,,,,,,,,,,,,,,,,
,,,,,,,,,,,,,,,,,,,,,,,,,,,,,,,,,,,,,,,Width,2.8,2.8,,,,,,,,,,,,,,,,,,,,,,,,
,,,,,,,,,,,,,,,,,,,,,,,,,,,,,,,,,,,,,,,Depth,2.8,2.8,,,,,,,,,,,,,,,,,,,,,,,,
Phyto,8/19/2019,10:00,SHER,1,63.0,0.5,0.79%,0.0683,314.159,2.049,30,306.65,1037,Chlorella sp.,Soft Body,Chlorella,sp.,,5,5,2.8,,,i,BSA.YOLO-25,CT,,sphere,6.37,,,,,,,,,,Length,2.3,1.9,1.9,2.8,1.9,2.8,,,,,,,,,,,,,,,,,,,,
Phyto,8/19/2019,10:00,SHER,1,63.0,0.5,0.79%,0.0683,314.159,2.049,30,306.65,1923,Chrysosaccus sp.,Soft Body,Chrysosaccus,sp.,,1,3,7.4,,,c,BSA.YOLO-25,CT,,prolate spheroid,68.69,,,,,,,,,,Length,6.2,7.4,5.6,5.6,,,,,,,,,,,,,,,,,,,,,,
,,,,,,,,,,,,,,,,,,,,,,,,,,,,,,,,,,,,,,,Width,4.9,5.6,4.6,4.6,,,,,,,,,,,,,,,,,,,,,,
Phyto,8/19/2019,10:00,SHER,1,63.0,0.5,0.79%,0.0683,314.159,2.049,30,306.65,1419,Eucapsis microscopica,Soft Body,Eucapsis,microscopica,,395,793,0.8,0.8,0.8,c,BSA.YOLO-25,CT,,sphere,0.18,0.18,0.18,0.18,0.18,0.18,0.18,0.18,0.18,0.18,Length,0.8,0.7,0.7,0.7,0.7,0.7,0.7,0.7,0.7,0.7,0.7,0.7,0.7,0.8,0.8,0.8,0.8,0.8,0.8,0.8,0.8,0.8,0.8,0.8,0.8,0.8
Phyto,8/20/2019,11:23,LIS,1,61.0,0.5,0.82%,0.0683,314.159,0.4781,7,1314.20,190,Cyclotella sp.,Diatom,Cyclotella,sp.,,9,9,7.4,,,i,BSA.YOLO-26,CT,High sediment and detritus.,cylinder,125.76,,,,,,,,,,Length,4.6,4.6,5.6,2.8,4.6,5.6,,,,,,,,,,,,,,,,,,,,
,,,,,,,,,,,,,,,,,,,,,,,,,,,,,,,,,,,,,,,Width,5.9,5.6,7.4,3.7,5.6,7.4,,,,,,,,,,,,,,,,,,,,
Phyto,8/20/2019,11:23,LIS,1,61.0,0.5,0.82%,0.0683,314.159,0.4781,7,1314.20,1860,Skeletonema potamos,Diatom,Skeletonema,potamos,,1,1,11.1,,,i,BSA.YOLO-26,CT,High sediment and detritus.,cylinder + 2 half spheres,68.35,,,,,,,,,,Length,11.1,11.1,,,,,,,,,,,,,,,,,,,,,,,,
,,,,,,,,,,,,,,,,,,,,,,,,,,,,,,,,,,,,,,,Width,2.8,2.8,,,,,,,,,,,,,,,,,,,,,,,,
Phyto,8/20/2019,11:23,LIS,1,61.0,0.5,0.82%,0.0683,314.159,0.4781,7,1314.20,1020,Carteria sp.,Soft Body,Carteria,sp.,,1,1,13,,,i,BSA.YOLO-26,CT,High sediment and detritus.,sphere,708.18,,,,,,,,,,Length,13.0,13.0,,,,,,,,,,,,,,,,,,,,,,,,
,,,,,,,,,,,,,,,,,,,,,,,,,,,,,,,,,,,,,,,Width,10.2,10.2,,,,,,,,,,,,,,,,,,,,,,,,
Phyto,8/20/2019,11:23,LIS,1,61.0,0.5,0.82%,0.0683,314.159,0.4781,7,1314.20,1037,Chlorella sp.,Soft Body,Chlorella,sp.,,4,4,3.7,,,i,BSA.YOLO-26,CT,High sediment and detritus.,sphere,11.49,,,,,,,,,,Length,2.8,2.8,3.7,2.8,1.9,,,,,,,,,,,,,,,,,,,,,
Phyto,8/20/2019,11:23,LIS,1,61.0,0.5,0.82%,0.0683,314.159,0.4781,7,1314.20,1761,Drepanochloris nannoselene,Soft Body,Drepanochloris,nannoselene,,1,1,6.5,,,i,BSA.YOLO-26,CT,High sediment and detritus.,cylinder + 2 cones,21.12,,,,,,,,,,Length,6.5,6.5,,,,,,,,,,,,,,,,,,,,,,,,
,,,,,,,,,,,,,,,,,,,,,,,,,,,,,,,,,,,,,,,Width,1.9,1.9,,,,,,,,,,,,,,,,,,,,,,,,
,,,,,,,,,,,,,,,,,,,,,,,,,,,,,,,,,,,,,,,Depth,1.9,1.9,,,,,,,,,,,,,,,,,,,,,,,,
Phyto,8/20/2019,11:23,LIS,1,61.0,0.5,0.82%,0.0683,314.159,0.4781,7,1314.20,1140,Monoraphidium tortile,Soft Body,Monoraphidium,tortile,,1,1,35.2,,,i,BSA.YOLO-26,CT,High sediment and detritus.,2 cones,66.53,,,,,,,,,,Length,35.2,35.2,,,,,,,,,,,,,,,,,,,,,,,,
,,,,,,,,,,,,,,,,,,,,,,,,,,,,,,,,,,,,,,,Width,1.9,1.9,,,,,,,,,,,,,,,,,,,,,,,,
Phyto,8/20/2019,11:23,LIS,1,61.0,0.5,0.82%,0.0683,314.159,0.4781,7,1314.20,1419,Eucapsis microscopica,Soft Body,Eucapsis,microscopica,,393,792,0.8,0.8,0.8,c,BSA.YOLO-26,CT,High sediment and detritus.,sphere,0.18,0.18,0.18,0.18,0.18,0.18,0.18,0.18,0.18,0.18,Length,0.8,0.7,0.7,0.7,0.7,0.7,0.7,0.7,0.7,0.7,0.7,0.7,0.7,0.8,0.8,0.8,0.8,0.8,0.8,0.8,0.8,0.8,0.8,0.8,0.8,0.8
Phyto,8/20/2019,11:14,RCS,1,61.0,0.5,0.82%,0.0683,314.159,0.7513,11,836.31,749,Nitzschia sp.,Diatom,Nitzschia,sp.,,1,1,79.6,,,i,BSA.YOLO-27,CT,Moderate sediment and detritus.,prism on parallelogram,677.40,,,,,,,,,,Length,79.6,79.6,,,,,,,,,,,,,,,,,,,,,,,,
,,,,,,,,,,,,,,,,,,,,,,,,,,,,,,,,,,,,,,,Width,4.6,4.6,,,,,,,,,,,,,,,,,,,,,,,,
,,,,,,,,,,,,,,,,,,,,,,,,,,,,,,,,,,,,,,,Depth,3.7,3.7,,,,,,,,,,,,,,,,,,,,,,,,
Phyto,8/20/2019,11:14,RCS,1,61.0,0.5,0.82%,0.0683,314.159,0.7513,11,836.31,1020,Carteria sp.,Soft Body,Carteria,sp.,,1,1,11.1,,,i,BSA.YOLO-27,CT,Moderate sediment and detritus.,sphere,390.79,,,,,,,,,,Length,11.1,11.1,,,,,,,,,,,,,,,,,,,,,,,,
,,,,,,,,,,,,,,,,,,,,,,,,,,,,,,,,,,,,,,,Width,8.2,8.2,,,,,,,,,,,,,,,,,,,,,,,,
Phyto,8/20/2019,11:14,RCS,1,61.0,0.5,0.82%,0.0683,314.159,0.7513,11,836.31,1037,Chlorella sp.,Soft Body,Chlorella,sp.,,11,11,3.7,,,i,BSA.YOLO-27,CT,Moderate sediment and detritus.,sphere,7.24,,,,,,,,,,Length,2.4,1.9,2.8,1.9,1.9,3.7,,,,,,,,,,,,,,,,,,,,
Phyto,8/20/2019,11:14,RCS,1,61.0,0.5,0.82%,0.0683,314.159,0.7513,11,836.31,1761,Drepanochloris nannoselene,Soft Body,Drepanochloris,nannoselene,,4,4,5.6,,,i,BSA.YOLO-27,CT,Moderate sediment and detritus.,cylinder + 2 cones,6.45,,,,,,,,,,Length,5.1,4.6,5.6,5.6,4.6,,,,,,,,,,,,,,,,,,,,,
,,,,,,,,,,,,,,,,,,,,,,,,,,,,,,,,,,,,,,,Width,1.2,0.9,1.9,0.9,0.9,,,,,,,,,,,,,,,,,,,,,
,,,,,,,,,,,,,,,,,,,,,,,,,,,,,,,,,,,,,,,Depth,1.2,0.9,1.9,0.9,0.9,,,,,,,,,,,,,,,,,,,,,
Phyto,8/20/2019,11:14,RCS,1,61.0,0.5,0.82%,0.0683,314.159,0.7513,11,836.31,1419,Eucapsis microscopica,Soft Body,Eucapsis,microscopica,,418,849,0.8,0.8,0.8,c,BSA.YOLO-27,CT,Moderate sediment and detritus.,sphere,0.18,0.18,0.18,0.18,0.18,0.18,0.18,0.18,0.18,0.18,Length,0.8,0.7,0.7,0.7,0.7,0.7,0.7,0.7,0.7,0.7,0.7,0.7,0.7,0.8,0.8,0.8,0.8,0.8,0.8,0.8,0.8,0.8,0.8,0.8,0.8,0.8
Phyto,8/21/2019,11:35,BL5,1,64.0,0.5,0.78%,0.0683,314.159,1.8441,27,340.72,1037,Chlorella sp.,Soft Body,Chlorella,sp.,,10,10,2.8,,,i,BSA.YOLO-28,CT,,sphere,4.85,,,,,,,,,,Length,2.1,1.9,1.9,2.8,1.9,1.9,,,,,,,,,,,,,,,,,,,,
Phyto,8/21/2019,11:35,BL5,1,64.0,0.5,0.78%,0.0683,314.159,1.8441,27,340.72,1419,Eucapsis microscopica,Soft Body,Eucapsis,microscopica,,396,799,0.8,0.8,0.8,c,BSA.YOLO-28,CT,,sphere,0.18,0.18,0.18,0.18,0.18,0.18,0.18,0.18,0.18,0.18,Length,0.8,0.7,0.7,0.7,0.7,0.7,0.7,0.7,0.7,0.7,0.7,0.7,0.7,0.8,0.8,0.8,0.8,0.8,0.8,0.8,0.8,0.8,0.8,0.8,0.8,0.8
Phyto,6/3/2019,9:22,STTD,0,61.0,0.5,0.82%,0.0697,314.159,0.3485,5,1802.92,1037,Chlorella sp.,Soft Body,Chlorella,sp.,,5,5,1.9,,,i,BSA.YOLO-29,BB,,sphere,3.59,,,,,,,,,,Length,1.9,1.9,1.9,1.9,1.9,1.9,,,,,,,,,,,,,,,,,,,,
Phyto,6/3/2019,9:22,STTD,0,61.0,0.5,0.82%,0.0697,314.159,0.3485,5,1802.92,1419,Eucapsis microscopica,Soft Body,Eucapsis,microscopica,,425,888,0.8,0.8,0.8,c,BSA.YOLO-29,BB,,sphere,0.18,0.18,0.18,0.18,0.18,0.18,0.18,0.18,0.18,0.18,Length,0.8,0.7,0.7,0.7,0.7,0.7,0.7,0.7,0.7,0.7,0.7,0.7,0.7,0.8,0.8,0.8,0.8,0.8,0.8,0.8,0.8,0.8,0.8,0.8,0.8,0.8
Phyto,8/20/2019,12:50,RD22,1,65.0,0.5,0.77%,0.0683,314.159,0.5464,8,1149.92,749,Nitzschia sp.,Diatom,Nitzschia,sp.,,1,1,27.8,,,i,BSA.YOLO-30,CT,Moderate sediment and deritus.,prism on parallelogram,108.98,,,,,,,,,,Length,27.8,27.8,,,,,,,,,,,,,,,,,,,,,,,,
,,,,,,,,,,,,,,,,,,,,,,,,,,,,,,,,,,,,,,,Width,2.8,2.8,,,,,,,,,,,,,,,,,,,,,,,,
,,,,,,,,,,,,,,,,,,,,,,,,,,,,,,,,,,,,,,,Depth,2.8,2.8,,,,,,,,,,,,,,,,,,,,,,,,
Phyto,8/20/2019,12:50,RD22,1,65.0,0.5,0.77%,0.0683,314.159,0.5464,8,1149.92,1037,Chlorella sp.,Soft Body,Chlorella,sp.,,6,6,2.8,,,i,BSA.YOLO-30,CT,Moderate sediment and deritus.,sphere,6.37,,,,,,,,,,Length,2.3,2.8,1.9,1.9,1.9,2.8,,,,,,,,,,,,,,,,,,,,
Phyto,8/20/2019,12:50,RD22,1,65.0,0.5,0.77%,0.0683,314.159,0.5464,8,1149.92,1119,Lagerheimia genevensis,Soft Body,Lagerheimia,genevensis,,1,1,4.6,,,i,BSA.YOLO-30,CT,Moderate sediment and deritus.,ellipsoid,24.95,,,,,,,,,,Length,4.6,4.6,,,,,,,,,,,,,,,,,,,,,,,,
,,,,,,,,,,,,,,,,,,,,,,,,,,,,,,,,,,,,,,,Width,3.7,3.7,,,,,,,,,,,,,,,,,,,,,,,,
,,,,,,,,,,,,,,,,,,,,,,,,,,,,,,,,,,,,,,,Depth,2.8,2.8,,,,,,,,,,,,,,,,,,,,,,,,
Phyto,8/20/2019,12:50,RD22,1,65.0,0.5,0.77%,0.0683,314.159,0.5464,8,1149.92,1134,Monoraphidium contortum,Soft Body,Monoraphidium,contortum,,1,1,7.4,,,i,BSA.YOLO-30,CT,Moderate sediment and deritus.,2 cones,13.99,,,,,,,,,,Length,7.4,7.4,,,,,,,,,,,,,,,,,,,,,,,,
,,,,,,,,,,,,,,,,,,,,,,,,,,,,,,,,,,,,,,,Width,1.9,1.9,,,,,,,,,,,,,,,,,,,,,,,,
Phyto,8/20/2019,12:50,RD22,1,65.0,0.5,0.77%,0.0683,314.159,0.5464,8,1149.92,1419,Eucapsis microscopica,Soft Body,Eucapsis,microscopica,,433,876,0.8,0.8,0.8,c,BSA.YOLO-30,CT,Moderate sediment and deritus.,sphere,0.18,0.18,0.18,0.18,0.18,0.18,0.18,0.18,0.18,0.18,Length,0.8,0.7,0.7,0.7,0.7,0.7,0.7,0.7,0.7,0.7,0.7,0.7,0.7,0.8,0.8,0.8,0.8,0.8,0.8,0.8,0.8,0.8,0.8,0.8,0.8,0.8
Phyto,8/21/2019,10:55,LIB,1,64.0,0.5,0.78%,0.0683,314.159,1.8441,27,340.72,190,cf. Cyclotella sp.,Diatom,Cyclotella,sp.,,1,1,7.4,,,i,BSA.YOLO-31,CT,,cylinder,240.85,,,,,,,,,,Length,5.6,5.6,,,,,,,,,,,,,,,,,,,,,,,,
,,,,,,,,,,,,,,,,,,,,,,,,,,,,,,,,,,,,,,,Width,7.4,7.4,,,,,,,,,,,,,,,,,,,,,,,,
Phyto,8/21/2019,10:55,LIB,1,64.0,0.5,0.78%,0.0683,314.159,1.8441,27,340.72,1037,Chlorella sp.,Soft Body,Chlorella,sp.,,25,25,2.8,,,i,BSA.YOLO-31,CT,,sphere,6.37,,,,,,,,,,Length,2.3,1.9,1.9,2.8,1.9,2.8,,,,,,,,,,,,,,,,,,,,
Phyto,8/21/2019,10:55,LIB,1,64.0,0.5,0.78%,0.0683,314.159,1.8441,27,340.72,1419,Eucapsis microscopica,Soft Body,Eucapsis,microscopica,,378,773,0.8,0.8,0.8,c,BSA.YOLO-31,CT,,sphere,0.18,0.18,0.18,0.18,0.18,0.18,0.18,0.18,0.18,0.18,Length,0.8,0.7,0.7,0.7,0.7,0.7,0.7,0.7,0.7,0.7,0.7,0.7,0.7,0.8,0.8,0.8,0.8,0.8,0.8,0.8,0.8,0.8,0.8,0.8,0.8,0.8
Phyto,8/21/2019,10:55,LIB,1,64.0,0.5,0.78%,0.0683,314.159,1.8441,27,340.72,1468,Merismopedia sp.,Soft Body,Merismopedia,sp.,,1,8,1.9,,,c,BSA.YOLO-31,CT,,cube,6.86,,,,,,,,,,Length,1.9,1.9,1.9,1.9,1.9,1.9,,,,,,,,,,,,,,,,,,,,
Phyto,8/21/2019,9:30,RVB,1,61.0,0.5,0.82%,0.0683,314.159,2.6637,39,235.88,145,Cocconeis placentula,Diatom,Cocconeis,placentula,,1,1,22.2,,,i,BSA.YOLO-32,CT,,elliptic prism,634.66,,,,,,,,,,Length,22.2,22.2,,,,,,,,,,,,,,,,,,,,,,,,
,,,,,,,,,,,,,,,,,,,,,,,,,,,,,,,,,,,,,,,Width,13.0,13.0,,,,,,,,,,,,,,,,,,,,,,,,
,,,,,,,,,,,,,,,,,,,,,,,,,,,,,,,,,,,,,,,Depth,2.8,2.8,,,,,,,,,,,,,,,,,,,,,,,,
Phyto,8/21/2019,9:30,RVB,1,61.0,0.5,0.82%,0.0683,314.159,2.6637,39,235.88,190,cf. Cyclotella sp.,Diatom,Cyclotella,sp.,,3,3,20.4,,,i,BSA.YOLO-32,CT,,cylinder,563.81,,,,,,,,,,Length,8.3,2.8,18.5,3.7,,,,,,,,,,,,,,,,,,,,,,
,,,,,,,,,,,,,,,,,,,,,,,,,,,,,,,,,,,,,,,Width,9.3,3.7,20.4,3.7,,,,,,,,,,,,,,,,,,,,,,
Phyto,8/21/2019,9:30,RVB,1,61.0,0.5,0.82%,0.0683,314.159,2.6637,39,235.88,1037,Chlorella sp.,Soft Body,Chlorella,sp.,,7,7,2.8,,,i,BSA.YOLO-32,CT,,sphere,6.37,,,,,,,,,,Length,2.3,1.9,1.9,2.8,2.8,1.9,,,,,,,,,,,,,,,,,,,,
Phyto,8/21/2019,9:30,RVB,1,61.0,0.5,0.82%,0.0683,314.159,2.6637,39,235.88,1923,Chrysosaccus sp.,Soft Body,Chrysosaccus,sp.,,2,5,5.6,,,c,BSA.YOLO-32,CT,,prolate spheroid,62.04,,,,,,,,,,Length,5.6,5.6,5.6,5.6,5.6,5.6,,,,,,,,,,,,,,,,,,,,
,,,,,,,,,,,,,,,,,,,,,,,,,,,,,,,,,,,,,,,Width,4.6,4.6,4.6,4.6,4.6,4.6,,,,,,,,,,,,,,,,,,,,
Phyto,8/21/2019,9:30,RVB,1,61.0,0.5,0.82%,0.0683,314.159,2.6637,39,235.88,1419,Eucapsis microscopica,Soft Body,Eucapsis,microscopica,,396,799,0.8,0.8,0.8,c,BSA.YOLO-32,CT,,sphere,0.18,0.18,0.18,0.18,0.18,0.18,0.18,0.18,0.18,0.18,Length,0.8,0.7,0.7,0.7,0.7,0.7,0.7,0.7,0.7,0.7,0.7,0.7,0.7,0.8,0.8,0.8,0.8,0.8,0.8,0.8,0.8,0.8,0.8,0.8,0.8,0.8
Phyto,8/20/2019,10:30,RMB,1,64.0,0.5,0.78%,0.0683,314.159,0.8879,13,707.65,1184,Pediastrum tetras,Soft Body,Pediastrum,tetras,,1,8,14.8,,,c,BSA.YOLO-33,CT,High sediment and detritus.,elliptic prism,22.09,,,,,,,,,,Length,14.8,14.8,,,,,,,,,,,,,,,,,,,,,,,,
,,,,,,,,,,,,,,,,,,,,,,,,,,,,,,,,,,,,,,,Width,14.8,14.8,,,,,,,,,,,,,,,,,,,,,,,,
,,,,,,,,,,,,,,,,,,,,,,,,,,,,,,,,,,,,,,,Depth,1.9,1.9,,,,,,,,,,,,,,,,,,,,,,,,
Phyto,8/20/2019,10:30,RMB,1,64.0,0.5,0.78%,0.0683,314.159,0.8879,13,707.65,1419,Eucapsis microscopica,Soft Body,Eucapsis,microscopica,,422,857,0.8,0.8,0.8,c,BSA.YOLO-33,CT,High sediment and detritus.,sphere,0.18,0.18,0.18,0.18,0.18,0.18,0.18,0.18,0.18,0.18,Length,0.8,0.7,0.7,0.7,0.7,0.7,0.7,0.7,0.7,0.7,0.7,0.7,0.7,0.8,0.8,0.8,0.8,0.8,0.8,0.8,0.8,0.8,0.8,0.8,0.8,0.8
Phyto,8/21/2019,10:20,RYI,1,62.0,0.5,0.81%,0.0683,314.159,2.5954,38,242.09,631,Navicula sp.,Diatom,Navicula,sp.,,1,1,38.9,,,i,BSA.YOLO-34,BB,Fragment.,elliptic prism,2102.59,,,,,,,,,,Length,38.9,38.9,,,,,,,,,,,,,,,,,,,,,,,,
,,,,,,,,,,,,,,,,,,,,,,,,,,,,,,,,,,,,,,,Width,9.3,9.3,,,,,,,,,,,,,,,,,,,,,,,,
,,,,,,,,,,,,,,,,,,,,,,,,,,,,,,,,,,,,,,,Depth,7.4,7.4,,,,,,,,,,,,,,,,,,,,,,,,
Phyto,8/21/2019,10:20,RYI,1,62.0,0.5,0.81%,0.0683,314.159,2.5954,38,242.09,1037,Chlorella sp.,Soft Body,Chlorella,sp.,,7,7,2.8,,,i,BSA.YOLO-34,BB,,sphere,6.37,,,,,,,,,,Length,2.3,1.9,2.8,1.9,1.9,2.8,,,,,,,,,,,,,,,,,,,,
Phyto,8/21/2019,10:20,RYI,1,62.0,0.5,0.81%,0.0683,314.159,2.5954,38,242.09,1419,Eucapsis microscopica,Soft Body,Eucapsis,microscopica,,392,794,0.8,0.8,0.8,c,BSA.YOLO-34,BB,,sphere,0.18,0.18,0.18,0.18,0.18,0.18,0.18,0.18,0.18,0.18,Length,0.8,0.7,0.7,0.7,0.7,0.7,0.7,0.7,0.7,0.7,0.7,0.7,0.7,0.8,0.8,0.8,0.8,0.8,0.8,0.8,0.8,0.8,0.8,0.8,0.8,0.8
Phyto,8/21/2019,12:20,STTD,1,61.0,0.5,0.82%,0.0683,314.159,1.1611,17,541.14,190,Cyclotella sp.,Diatom,Cyclotella,sp.,,1,1,7.4,,,i,BSA.YOLO-35,CT,Moderate sediment and detritus. ,cylinder,279.55,,,,,,,,,,Length,6.5,6.5,,,,,,,,,,,,,,,,,,,,,,,,
,,,,,,,,,,,,,,,,,,,,,,,,,,,,,,,,,,,,,,,Width,7.4,7.4,,,,,,,,,,,,,,,,,,,,,,,,
Phyto,8/21/2019,12:20,STTD,1,61.0,0.5,0.82%,0.0683,314.159,1.1611,17,541.14,1037,Chlorella sp.,Soft Body,Chlorella,sp.,,1,1,2.8,,,i,BSA.YOLO-35,CT,Moderate sediment and detritus. ,sphere,11.49,,,,,,,,,,Length,2.8,2.8,,,,,,,,,,,,,,,,,,,,,,,,
Phyto,8/21/2019,12:20,STTD,1,61.0,0.5,0.82%,0.0683,314.159,1.1611,17,541.14,1235,Scenedesmus sp.,Soft Body,Scenedesmus,sp.,,1,2,5.6,,,c,BSA.YOLO-35,CT,Moderate sediment and detritus. ,prolate spheroid,10.59,,,,,,,,,,Length,5.6,5.6,,,,,,,,,,,,,,,,,,,,,,,,
,,,,,,,,,,,,,,,,,,,,,,,,,,,,,,,,,,,,,,,Width,1.9,1.9,,,,,,,,,,,,,,,,,,,,,,,,
Phyto,8/21/2019,12:20,STTD,1,61.0,0.5,0.82%,0.0683,314.159,1.1611,17,541.14,1419,Eucapsis microscopica,Soft Body,Eucapsis,microscopica,,416,851,0.8,0.8,0.8,c,BSA.YOLO-35,CT,Moderate sediment and detritus. ,sphere,0.18,0.18,0.18,0.18,0.18,0.18,0.18,0.18,0.18,0.18,Length,0.8,0.7,0.7,0.7,0.7,0.7,0.7,0.7,0.7,0.7,0.7,0.7,0.7,0.8,0.8,0.8,0.8,0.8,0.8,0.8,0.8,0.8,0.8,0.8,0.8,0.8
Phyto,6/4/2019,9:11,SHR,0,63.0,0.5,0.79%,0.0697,314.159,1.1849,17,530.27,190,cf. Cyclotella sp.,Diatom,Cyclotella,sp.,,2,2,5.6,,,i,BSA.YOLO-36,BB,Low sediment and detritus.,cylinder,68.96,,,,,,,,,,Length,2.8,2.8,2.8,,,,,,,,,,,,,,,,,,,,,,,
,,,,,,,,,,,,,,,,,,,,,,,,,,,,,,,,,,,,,,,Width,5.6,5.6,5.6,,,,,,,,,,,,,,,,,,,,,,,
Phyto,6/4/2019,9:11,SHR,0,63.0,0.5,0.79%,0.0697,314.159,1.1849,17,530.27,1031,Chlamydomonas sp.,Soft Body,Chlamydomonas,sp.,,1,1,7.4,,,i,BSA.YOLO-36,BB,Low sediment and detritus.,sphere,212.17,,,,,,,,,,Length,7.4,7.4,,,,,,,,,,,,,,,,,,,,,,,,
,,,,,,,,,,,,,,,,,,,,,,,,,,,,,,,,,,,,,,,Width,7.4,7.4,,,,,,,,,,,,,,,,,,,,,,,,
,,,,,,,,,,,,,,,,,,,,,,,,,,,,,,,,,,,,,,,Depth,7.4,7.4,,,,,,,,,,,,,,,,,,,,,,,,
Phyto,6/4/2019,9:11,SHR,0,63.0,0.5,0.79%,0.0697,314.159,1.1849,17,530.27,1037,Chlorella sp.,Soft Body,Chlorella,sp.,,6,6,1.9,,,i,BSA.YOLO-36,BB,Low sediment and detritus.,sphere,3.59,,,,,,,,,,Length,1.9,1.9,1.9,1.9,1.9,1.9,,,,,,,,,,,,,,,,,,,,
Phyto,6/4/2019,9:11,SHR,0,63.0,0.5,0.79%,0.0697,314.159,1.1849,17,530.27,1923,cf. Chrysosaccus sp.,Soft Body,Chrysosaccus,sp.,,1,3,4.6,,,c,BSA.YOLO-36,BB,Low sediment and detritus.,prolate spheroid,50.96,,,,,,,,,,Length,4.6,4.6,4.6,4.6,,,,,,,,,,,,,,,,,,,,,,
,,,,,,,,,,,,,,,,,,,,,,,,,,,,,,,,,,,,,,,Width,4.6,4.6,4.6,4.6,,,,,,,,,,,,,,,,,,,,,,
Phyto,6/4/2019,9:11,SHR,0,63.0,0.5,0.79%,0.0697,314.159,1.1849,17,530.27,1830,Kephyrion elegans,Soft Body,Kephyrion,elegans,,1,1,6.5,,,i,BSA.YOLO-36,BB,Low sediment and detritus.,prolate spheroid,85.08,,,,,,,,,,Length,6.5,6.5,,,,,,,,,,,,,,,,,,,,,,,,
,,,,,,,,,,,,,,,,,,,,,,,,,,,,,,,,,,,,,,,Width,5.0,5.0,,,,,,,,,,,,,,,,,,,,,,,,
Phyto,6/4/2019,9:11,SHR,0,63.0,0.5,0.79%,0.0697,314.159,1.1849,17,530.27,1419,Eucapsis microscopica,Soft Body,Eucapsis,microscopica,,390,820,0.8,0.8,0.8,c,BSA.YOLO-36,BB,Low sediment and detritus.,sphere,0.18,0.18,0.18,0.18,0.18,0.18,0.18,0.18,0.18,0.18,Length,0.8,0.7,0.7,0.7,0.7,0.7,0.7,0.7,0.7,0.7,0.7,0.7,0.7,0.8,0.8,0.8,0.8,0.8,0.8,0.8,0.8,0.8,0.8,0.8,0.8,0.8
Phyto,9/3/2019,11:30,LIS DUP,1,64.0,0.5,0.78%,0.0683,314.159,1.0245,15,613.29,190,cf. Cyclotella sp.,Diatom,Cyclotella,sp.,,3,3,7.4,,,i,BSA.YOLO-37,CT,Moderate sediment and detritus.,cylinder,167.06,,,,,,,,,,Length,4.6,4.6,3.7,5.6,,,,,,,,,,,,,,,,,,,,,,
,,,,,,,,,,,,,,,,,,,,,,,,,,,,,,,,,,,,,,,Width,6.8,7.4,5.6,7.4,,,,,,,,,,,,,,,,,,,,,,
Phyto,9/3/2019,11:30,LIS DUP,1,64.0,0.5,0.78%,0.0683,314.159,1.0245,15,613.29,540,Melosira varians,Diatom,Melosira,varians,,2,2,24.1,,,i,BSA.YOLO-37,CT,Moderate sediment and detritus.,cylinder,3198.85,,,,,,,,,,Length,24.1,24.1,24.1,,,,,,,,,,,,,,,,,,,,,,,
,,,,,,,,,,,,,,,,,,,,,,,,,,,,,,,,,,,,,,,Width,13.0,13.0,13.0,,,,,,,,,,,,,,,,,,,,,,,
Phyto,9/3/2019,11:30,LIS DUP,1,64.0,0.5,0.78%,0.0683,314.159,1.0245,15,613.29,749,Nitzschia sp.,Diatom,Nitzschia,sp.,,1,1,48.2,,,i,BSA.YOLO-37,CT,Moderate sediment and detritus.,prism on parallelogram,329.93,,,,,,,,,,Length,48.2,48.2,,,,,,,,,,,,,,,,,,,,,,,,
,,,,,,,,,,,,,,,,,,,,,,,,,,,,,,,,,,,,,,,Width,3.7,3.7,,,,,,,,,,,,,,,,,,,,,,,,
,,,,,,,,,,,,,,,,,,,,,,,,,,,,,,,,,,,,,,,Depth,3.7,3.7,,,,,,,,,,,,,,,,,,,,,,,,
Phyto,9/3/2019,11:30,LIS DUP,1,64.0,0.5,0.78%,0.0683,314.159,1.0245,15,613.29,1809,Synedra delicatissima var. angustissima,Diatom,Synedra,delicatissima var. angustissima,,1,1,48.2,,,i,BSA.YOLO-37,CT,Moderate sediment and detritus.,box,296.79,,,,,,,,,,Length,48.2,48.2,,,,,,,,,,,,,,,,,,,,,,,,
,,,,,,,,,,,,,,,,,,,,,,,,,,,,,,,,,,,,,,,Width,2.8,2.8,,,,,,,,,,,,,,,,,,,,,,,,
,,,,,,,,,,,,,,,,,,,,,,,,,,,,,,,,,,,,,,,Depth,2.8,2.8,,,,,,,,,,,,,,,,,,,,,,,,
Phyto,9/3/2019,11:30,LIS DUP,1,64.0,0.5,0.78%,0.0683,314.159,1.0245,15,613.29,1037,Chlorella sp.,Soft Body,Chlorella,sp.,,2,2,2.8,,,i,BSA.YOLO-37,CT,Moderate sediment and detritus.,sphere,11.49,,,,,,,,,,Length,2.8,2.8,2.8,,,,,,,,,,,,,,,,,,,,,,,
Phyto,9/3/2019,11:30,LIS DUP,1,64.0,0.5,0.78%,0.0683,314.159,1.0245,15,613.29,1419,Eucapsis microscopica,Soft Body,Eucapsis,microscopica,,417,838,0.8,0.8,0.8,c,BSA.YOLO-37,CT,Moderate sediment and detritus.,sphere,0.18,0.18,0.18,0.18,0.18,0.18,0.18,0.18,0.18,0.18,Length,0.8,0.7,0.7,0.7,0.7,0.7,0.7,0.7,0.7,0.7,0.7,0.7,0.7,0.8,0.8,0.8,0.8,0.8,0.8,0.8,0.8,0.8,0.8,0.8,0.8,0.8
Phyto,9/3/2019,9:24,RMB,1,63.0,0.5,0.79%,0.0697,314.159,0.6273,9,1001.62,631,Navicula sp.,Diatom,Navicula,sp.,,1,1,31.5,,,i,BSA.YOLO-38,BB,,elliptic prism,739.73,,,,,,,,,,Length,31.5,31.5,,,,,,,,,,,,,,,,,,,,,,,,
,,,,,,,,,,,,,,,,,,,,,,,,,,,,,,,,,,,,,,,Width,6.5,6.5,,,,,,,,,,,,,,,,,,,,,,,,
,,,,,,,,,,,,,,,,,,,,,,,,,,,,,,,,,,,,,,,Depth,4.6,4.6,,,,,,,,,,,,,,,,,,,,,,,,
Phyto,9/3/2019,9:24,RMB,1,63.0,0.5,0.79%,0.0697,314.159,0.6273,9,1001.62,1037,Chlorella sp.,Soft Body,Chlorella,sp.,,1,1,1.9,,,i,BSA.YOLO-38,BB,,sphere,3.59,,,,,,,,,,Length,1.9,1.9,,,,,,,,,,,,,,,,,,,,,,,,
Phyto,9/3/2019,9:24,RMB,1,63.0,0.5,0.79%,0.0697,314.159,0.6273,9,1001.62,1419,Eucapsis microscopica,Soft Body,Eucapsis,microscopica,,411,840,0.8,0.8,0.8,c,BSA.YOLO-38,BB,,sphere,0.18,0.18,0.18,0.18,0.18,0.18,0.18,0.18,0.18,0.18,Length,0.8,0.7,0.7,0.7,0.7,0.7,0.7,0.7,0.7,0.7,0.7,0.7,0.7,0.8,0.8,0.8,0.8,0.8,0.8,0.8,0.8,0.8,0.8,0.8,0.8,0.8
Phyto,9/3/2019,10:20,RCS,1,63.0,0.5,0.79%,0.0683,314.159,1.5026,22,418.15,190,Cyclotella sp.,Diatom,Cyclotella,sp.,,2,2,7.4,,,i,BSA.YOLO-39,CT,Moderate sediment and detritus.,cylinder,215.51,,,,,,,,,,Length,5.6,5.6,5.6,,,,,,,,,,,,,,,,,,,,,,,
,,,,,,,,,,,,,,,,,,,,,,,,,,,,,,,,,,,,,,,Width,7.0,7.4,6.5,,,,,,,,,,,,,,,,,,,,,,,
Phyto,9/3/2019,10:20,RCS,1,63.0,0.5,0.79%,0.0683,314.159,1.5026,22,418.15,1134,Monoraphidium contortum,Soft Body,Monoraphidium,contortum,,1,1,7.4,,,i,BSA.YOLO-39,CT,Moderate sediment and detritus.,2 cones,13.99,,,,,,,,,,Length,7.4,7.4,,,,,,,,,,,,,,,,,,,,,,,,
,,,,,,,,,,,,,,,,,,,,,,,,,,,,,,,,,,,,,,,Width,1.9,1.9,,,,,,,,,,,,,,,,,,,,,,,,
Phyto,9/3/2019,10:20,RCS,1,63.0,0.5,0.79%,0.0683,314.159,1.5026,22,418.15,1235,Scenedesmus sp.,Soft Body,Scenedesmus,sp.,,1,2,5.6,,,c,BSA.YOLO-39,CT,Moderate sediment and detritus.,prolate spheroid,10.59,,,,,,,,,,Length,5.6,5.6,5.6,,,,,,,,,,,,,,,,,,,,,,,
,,,,,,,,,,,,,,,,,,,,,,,,,,,,,,,,,,,,,,,Width,1.9,1.9,1.9,,,,,,,,,,,,,,,,,,,,,,,
Phyto,9/3/2019,10:20,RCS,1,63.0,0.5,0.79%,0.0683,314.159,1.5026,22,418.15,1806,cf. Chrysochromulina sp.,Soft Body,Chrysochromulina,sp.,,1,1,3.7,,,i,BSA.YOLO-39,CT,Moderate sediment and detritus.,prolate spheroid,15.19,,,,,,,,,,Length,3.7,3.7,,,,,,,,,,,,,,,,,,,,,,,,
,,,,,,,,,,,,,,,,,,,,,,,,,,,,,,,,,,,,,,,Width,2.8,2.8,,,,,,,,,,,,,,,,,,,,,,,,
Phyto,9/3/2019,10:20,RCS,1,63.0,0.5,0.79%,0.0683,314.159,1.5026,22,418.15,1419,Eucapsis microscopica,Soft Body,Eucapsis,microscopica,,398,809,0.8,0.8,0.8,c,BSA.YOLO-39,CT,Moderate sediment and detritus.,sphere,0.18,0.18,0.18,0.18,0.18,0.18,0.18,0.18,0.18,0.18,Length,0.8,0.7,0.7,0.7,0.7,0.7,0.7,0.7,0.7,0.7,0.7,0.7,0.7,0.8,0.8,0.8,0.8,0.8,0.8,0.8,0.8,0.8,0.8,0.8,0.8,0.8
Phyto,6/17/2019,11:47,LIS,0,63.0,0.5,0.79%,0.0697,314.159,0.4182,6,1502.43,1037,Chlorella sp.,Soft Body,Chlorella,sp.,,1,1,1.9,,,i,BSA.YOLO-40,BB,,sphere,3.59,,,,,,,,,,Length,1.9,1.9,,,,,,,,,,,,,,,,,,,,,,,,
Phyto,6/17/2019,11:47,LIS,0,63.0,0.5,0.79%,0.0697,314.159,0.4182,6,1502.43,1419,Eucapsis microscopica,Soft Body,Eucapsis,microscopica,,462,978,0.8,0.8,0.8,c,BSA.YOLO-40,BB,,sphere,0.18,0.18,0.18,0.18,0.18,0.18,0.18,0.18,0.18,0.18,Length,0.8,0.7,0.7,0.7,0.7,0.7,0.7,0.7,0.7,0.7,0.7,0.7,0.7,0.8,0.8,0.8,0.8,0.8,0.8,0.8,0.8,0.8,0.8,0.8,0.8,0.8
Phyto,9/4/2019,10:50,LIB,1,62.0,0.5,0.81%,0.0697,314.159,2.2304,32,281.71,145,Cocconeis placentula,Diatom,Cocconeis,placentula,,1,1,18.5,,,i,BSA.YOLO-41,BB,,elliptic prism,596.74,,,,,,,,,,Length,18.5,18.5,,,,,,,,,,,,,,,,,,,,,,,,
,,,,,,,,,,,,,,,,,,,,,,,,,,,,,,,,,,,,,,,Width,11.1,11.1,,,,,,,,,,,,,,,,,,,,,,,,
,,,,,,,,,,,,,,,,,,,,,,,,,,,,,,,,,,,,,,,Depth,3.7,3.7,,,,,,,,,,,,,,,,,,,,,,,,
Phyto,9/4/2019,10:50,LIB,1,62.0,0.5,0.81%,0.0697,314.159,2.2304,32,281.71,1037,Chlorella sp.,Soft Body,Chlorella,sp.,,9,9,1.9,,,i,BSA.YOLO-41,BB,,sphere,3.59,,,,,,,,,,Length,1.9,1.9,1.9,1.9,1.9,1.9,,,,,,,,,,,,,,,,,,,,
Phyto,9/4/2019,10:50,LIB,1,62.0,0.5,0.81%,0.0697,314.159,2.2304,32,281.71,1419,Eucapsis microscopica,Soft Body,Eucapsis,microscopica,,394,832,0.8,0.8,0.8,c,BSA.YOLO-41,BB,,sphere,0.18,0.18,0.18,0.18,0.18,0.18,0.18,0.18,0.18,0.18,Length,0.8,0.7,0.7,0.7,0.7,0.7,0.7,0.7,0.7,0.7,0.7,0.7,0.7,0.8,0.8,0.8,0.8,0.8,0.8,0.8,0.8,0.8,0.8,0.8,0.8,0.8
Phyto,9/4/2019,12:02,STTD,1,62.0,0.5,0.81%,0.0683,314.159,0.683,10,919.94,190,Cyclotella sp.,Diatom,Cyclotella,sp.,,4,4,8.2,,,i,BSA.YOLO-42,CT,High sediment and detritus.,cylinder,162.18,,,,,,,,,,Length,4.6,3.7,3.7,3.7,7.4,,,,,,,,,,,,,,,,,,,,,
,,,,,,,,,,,,,,,,,,,,,,,,,,,,,,,,,,,,,,,Width,6.7,7.4,5.6,5.6,8.2,,,,,,,,,,,,,,,,,,,,,
Phyto,9/4/2019,12:02,STTD,1,62.0,0.5,0.81%,0.0683,314.159,0.683,10,919.94,1037,Chlorella sp.,Soft Body,Chlorella,sp.,,10,10,2.8,,,i,BSA.YOLO-42,CT,High sediment and detritus.,sphere,6.37,,,,,,,,,,Length,2.3,1.9,1.9,2.8,2.8,1.9,,,,,,,,,,,,,,,,,,,,
Phyto,9/4/2019,12:02,STTD,1,62.0,0.5,0.81%,0.0683,314.159,0.683,10,919.94,1774,Desmodesmus sp.,Soft Body,Desmodesmus,sp.,,1,4,5.6,,,c,BSA.YOLO-42,CT,High sediment and detritus.,prolate spheroid,22.99,,,,,,,,,,Length,5.6,5.6,5.6,5.6,5.6,,,,,,,,,,,,,,,,,,,,,
,,,,,,,,,,,,,,,,,,,,,,,,,,,,,,,,,,,,,,,Width,2.8,2.8,2.8,2.8,2.8,,,,,,,,,,,,,,,,,,,,,
Phyto,9/4/2019,12:02,STTD,1,62.0,0.5,0.81%,0.0683,314.159,0.683,10,919.94,1138,Monoraphidium sp.,Soft Body,Monoraphidium,sp.,,1,1,11.1,,,i,BSA.YOLO-42,CT,High sediment and detritus.,2 cones,4.71,,,,,,,,,,Length,11.1,11.1,,,,,,,,,,,,,,,,,,,,,,,,
,,,,,,,,,,,,,,,,,,,,,,,,,,,,,,,,,,,,,,,Width,0.9,0.9,,,,,,,,,,,,,,,,,,,,,,,,
Phyto,9/4/2019,12:02,STTD,1,62.0,0.5,0.81%,0.0683,314.159,0.683,10,919.94,1419,Eucapsis microscopica,Soft Body,Eucapsis,microscopica,,406,828,0.8,0.8,0.8,c,BSA.YOLO-42,CT,High sediment and detritus.,sphere,0.18,0.18,0.18,0.18,0.18,0.18,0.18,0.18,0.18,0.18,Length,0.8,0.7,0.7,0.7,0.7,0.7,0.7,0.7,0.7,0.7,0.7,0.7,0.7,0.8,0.8,0.8,0.8,0.8,0.8,0.8,0.8,0.8,0.8,0.8,0.8,0.8
Phyto,6/17/2019,10:15,STTD,0,63.0,0.5,0.79%,0.0683,314.159,1.1611,17,541.14,1037,Chlorella sp.,Soft Body,Chlorella,sp.,,3,3,2.8,,,i,BSA.YOLO-43,CT,High sediment and moderate detritus.,sphere,5.58,,,,,,,,,,Length,2.2,2.8,1.9,1.9,,,,,,,,,,,,,,,,,,,,,,
Phyto,6/17/2019,10:15,STTD,0,63.0,0.5,0.79%,0.0683,314.159,1.1611,17,541.14,1419,Eucapsis microscopica,Soft Body,Eucapsis,microscopica,,401,806,0.8,0.8,0.8,c,BSA.YOLO-43,CT,High sediment and moderate detritus.,sphere,0.18,0.18,0.18,0.18,0.18,0.18,0.18,0.18,0.18,0.18,Length,0.8,0.7,0.7,0.7,0.7,0.7,0.7,0.7,0.7,0.7,0.7,0.7,0.7,0.8,0.8,0.8,0.8,0.8,0.8,0.8,0.8,0.8,0.8,0.8,0.8,0.8
Phyto,9/4/2019,9:40,RVB,1,62.0,0.5,0.81%,0.0697,314.159,1.8819,27,333.87,191,Cyclotella spp.,Diatom,Cyclotella,spp.,,6,6,8.3,,,i,BSA.YOLO-44,BB,,cylinder,181.58,,,,,,,,,,Length,3.8,2.8,4.0,4.0,4.0,4.0,,,,,,,,,,,,,,,,,,,,
,,,,,,,,,,,,,,,,,,,,,,,,,,,,,,,,,,,,,,,Width,7.8,5.6,8.3,8.3,8.3,8.3,,,,,,,,,,,,,,,,,,,,
Phyto,9/4/2019,9:40,RVB,1,62.0,0.5,0.81%,0.0697,314.159,1.8819,27,333.87,1037,Chlorella sp.,Soft Body,Chlorella,sp.,,9,9,2.4,,,i,BSA.YOLO-44,BB,,sphere,4.85,,,,,,,,,,Length,2.1,1.9,1.9,1.9,2.4,2.4,,,,,,,,,,,,,,,,,,,,
Phyto,9/4/2019,9:40,RVB,1,62.0,0.5,0.81%,0.0697,314.159,1.8819,27,333.87,1419,Eucapsis microscopica,Soft Body,Eucapsis,microscopica,,387,804,0.8,0.8,0.8,c,BSA.YOLO-44,BB,,sphere,0.18,0.18,0.18,0.18,0.18,0.18,0.18,0.18,0.18,0.18,Length,0.8,0.7,0.7,0.7,0.7,0.7,0.7,0.7,0.7,0.7,0.7,0.7,0.7,0.8,0.8,0.8,0.8,0.8,0.8,0.8,0.8,0.8,0.8,0.8,0.8,0.8
Phyto,8/21/2019,12:35,STTD DUP,1,63.0,0.5,0.79%,0.0683,314.159,0.683,10,919.94,190,Cyclotella sp.,Diatom,Cyclotella,sp.,,2,2,10.2,,,i,BSA.YOLO-45,CT,Moderate sediment and detritus.,cylinder,343.12,,,,,,,,,,Length,7.0,4.6,9.3,,,,,,,,,,,,,,,,,,,,,,,
,,,,,,,,,,,,,,,,,,,,,,,,,,,,,,,,,,,,,,,Width,7.9,5.6,10.2,,,,,,,,,,,,,,,,,,,,,,,
Phyto,8/21/2019,12:35,STTD DUP,1,63.0,0.5,0.79%,0.0683,314.159,0.683,10,919.94,631,Navicula sp.,Diatom,Navicula,sp.,,1,1,27.8,,,i,BSA.YOLO-45,CT,Moderate sediment and detritus.,elliptic prism,743.23,,,,,,,,,,Length,27.8,27.8,,,,,,,,,,,,,,,,,,,,,,,,
,,,,,,,,,,,,,,,,,,,,,,,,,,,,,,,,,,,,,,,Width,7.4,7.4,,,,,,,,,,,,,,,,,,,,,,,,
,,,,,,,,,,,,,,,,,,,,,,,,,,,,,,,,,,,,,,,Depth,4.6,4.6,,,,,,,,,,,,,,,,,,,,,,,,
Phyto,8/21/2019,12:35,STTD DUP,1,63.0,0.5,0.79%,0.0683,314.159,0.683,10,919.94,1037,Chlorella sp.,Soft Body,Chlorella,sp.,,5,5,2.8,,,i,BSA.YOLO-45,CT,Moderate sediment and detritus.,sphere,7.24,,,,,,,,,,Length,2.4,2.8,2.8,2.8,1.9,1.9,,,,,,,,,,,,,,,,,,,,
Phyto,8/21/2019,12:35,STTD DUP,1,63.0,0.5,0.79%,0.0683,314.159,0.683,10,919.94,1419,Eucapsis microscopica,Soft Body,Eucapsis,microscopica,,415,839,0.8,0.8,0.8,c,BSA.YOLO-45,CT,Moderate sediment and detritus.,sphere,0.18,0.18,0.18,0.18,0.18,0.18,0.18,0.18,0.18,0.18,Length,0.8,0.7,0.7,0.7,0.7,0.7,0.7,0.7,0.7,0.7,0.7,0.7,0.7,0.8,0.8,0.8,0.8,0.8,0.8,0.8,0.8,0.8,0.8,0.8,0.8,0.8
Phyto,9/4/2019,12:25,STTD DUP,1,63.0,0.5,0.79%,0.0683,314.159,1.0245,15,613.29,749,Nitzschia sp.,Diatom,Nitzschia,sp.,,2,2,59.3,,,i,BSA.YOLO-46,CT,Moderate sediment and detritus.,prism on parallelogram,222.16,,,,,,,,,,Length,40.8,59.3,22.2,,,,,,,,,,,,,,,,,,,,,,,
,,,,,,,,,,,,,,,,,,,,,,,,,,,,,,,,,,,,,,,Width,3.3,3.7,2.8,,,,,,,,,,,,,,,,,,,,,,,
,,,,,,,,,,,,,,,,,,,,,,,,,,,,,,,,,,,,,,,Depth,3.3,3.7,2.8,,,,,,,,,,,,,,,,,,,,,,,
Phyto,9/4/2019,12:25,STTD DUP,1,63.0,0.5,0.79%,0.0683,314.159,1.0245,15,613.29,1037,Chlorella sp.,Soft Body,Chlorella,sp.,,4,4,3.7,,,i,BSA.YOLO-46,CT,Moderate sediment and detritus.,sphere,9.20,,,,,,,,,,Length,2.6,1.9,3.7,2.8,1.9,,,,,,,,,,,,,,,,,,,,,
Phyto,9/4/2019,12:25,STTD DUP,1,63.0,0.5,0.79%,0.0683,314.159,1.0245,15,613.29,1162,Oocystis sp.,Soft Body,Oocystis,sp.,,1,4,4.6,,,c,BSA.YOLO-46,CT,Moderate sediment and detritus.,prolate spheroid,18.88,,,,,,,,,,Length,4.6,4.6,4.6,4.6,4.6,,,,,,,,,,,,,,,,,,,,,
,,,,,,,,,,,,,,,,,,,,,,,,,,,,,,,,,,,,,,,Width,2.8,2.8,2.8,2.8,2.8,,,,,,,,,,,,,,,,,,,,,
Phyto,9/4/2019,12:25,STTD DUP,1,63.0,0.5,0.79%,0.0683,314.159,1.0245,15,613.29,1289,Tetrastrum staurogeniaeforme,Soft Body,Tetrastrum,staurogeniaeforme,,1,4,3.7,,,c,BSA.YOLO-46,CT,Moderate sediment and detritus.,sphere,26.52,,,,,,,,,,Length,3.7,3.7,3.7,3.7,3.7,,,,,,,,,,,,,,,,,,,,,
Phyto,9/4/2019,12:25,STTD DUP,1,63.0,0.5,0.79%,0.0683,314.159,1.0245,15,613.29,1419,Eucapsis microscopica,Soft Body,Eucapsis,microscopica,,394,799,0.8,0.8,0.8,c,BSA.YOLO-46,CT,Moderate sediment and detritus.,sphere,0.18,0.18,0.18,0.18,0.18,0.18,0.18,0.18,0.18,0.18,Length,0.8,0.7,0.7,0.7,0.7,0.7,0.7,0.7,0.7,0.7,0.7,0.7,0.7,0.8,0.8,0.8,0.8,0.8,0.8,0.8,0.8,0.8,0.8,0.8,0.8,0.8
Phyto,9/17/2019,10:14,LIS,1,60.0,0.5,0.83%,0.0697,314.159,0.5576,8,1126.83,1037,Chlorella sp.,Soft Body,Chlorella,sp.,,6,6,1.9,,,i,BSA.YOLO-47,BB,,sphere,3.59,,,,,,,,,,Length,1.9,1.9,1.9,1.9,1.9,1.9,,,,,,,,,,,,,,,,,,,,
Phyto,9/17/2019,10:14,LIS,1,60.0,0.5,0.83%,0.0697,314.159,0.5576,8,1126.83,1138,Monoraphidium sp.,Soft Body,Monoraphidium,sp.,,2,2,22.2,,,i,BSA.YOLO-47,BB,,2 cones,16.02,,,,,,,,,,Length,18.1,22.2,13.9,,,,,,,,,,,,,,,,,,,,,,,
,,,,,,,,,,,,,,,,,,,,,,,,,,,,,,,,,,,,,,,Width,1.3,1.3,1.3,,,,,,,,,,,,,,,,,,,,,,,
Phyto,9/17/2019,10:14,LIS,1,60.0,0.5,0.83%,0.0697,314.159,0.5576,8,1126.83,1420,Chroococcus minimus,Soft Body,Chroococcus,minimus,,4,10,1.9,,,c,BSA.YOLO-47,BB,,sphere,3.59,,,,,,,,,,Length,1.9,1.9,1.9,1.9,1.9,1.9,,,,,,,,,,,,,,,,,,,,
Phyto,9/17/2019,10:14,LIS,1,60.0,0.5,0.83%,0.0697,314.159,0.5576,8,1126.83,1419,Eucapsis microscopica,Soft Body,Eucapsis,microscopica,,422,864,0.8,0.8,0.8,c,BSA.YOLO-47,BB,,sphere,0.18,0.18,0.18,0.18,0.18,0.18,0.18,0.18,0.18,0.18,Length,0.8,0.7,0.7,0.7,0.7,0.7,0.7,0.7,0.7,0.7,0.7,0.7,0.7,0.8,0.8,0.8,0.8,0.8,0.8,0.8,0.8,0.8,0.8,0.8,0.8,0.8
Phyto,9/5/2019,9:45,SHR,1,59.0,0.5,0.85%,0.0683,314.159,2.6637,39,235.88,190,cf. Cyclotella sp.,Diatom,Cyclotella,sp.,,1,1,4.6,,,i,BSA.YOLO-48,CT,,cylinder,61.49,,,,,,,,,,Length,3.7,3.7,,,,,,,,,,,,,,,,,,,,,,,,
,,,,,,,,,,,,,,,,,,,,,,,,,,,,,,,,,,,,,,,Width,4.6,4.6,,,,,,,,,,,,,,,,,,,,,,,,
Phyto,9/5/2019,9:45,SHR,1,59.0,0.5,0.85%,0.0683,314.159,2.6637,39,235.88,1037,Chlorella sp.,Soft Body,Chlorella,sp.,,5,5,2.8,,,i,BSA.YOLO-48,CT,,sphere,9.20,,,,,,,,,,Length,2.6,2.8,2.8,2.8,1.9,2.8,,,,,,,,,,,,,,,,,,,,
Phyto,9/5/2019,9:45,SHR,1,59.0,0.5,0.85%,0.0683,314.159,2.6637,39,235.88,1419,Eucapsis microscopica,Soft Body,Eucapsis,microscopica,,398,798,0.8,0.8,0.8,c,BSA.YOLO-48,CT,,sphere,0.18,0.18,0.18,0.18,0.18,0.18,0.18,0.18,0.18,0.18,Length,0.8,0.7,0.7,0.7,0.7,0.7,0.7,0.7,0.7,0.7,0.7,0.7,0.7,0.8,0.8,0.8,0.8,0.8,0.8,0.8,0.8,0.8,0.8,0.8,0.8,0.8
Phyto,9/4/2019,11:23,BL5,1,60.0,0.5,0.83%,0.0697,314.159,1.8122,26,346.72,631,Navicula sp.,Diatom,Navicula,sp.,,1,1,27.8,,,i,BSA.YOLO-49,BB,,elliptic prism,682.97,,,,,,,,,,Length,27.8,27.8,,,,,,,,,,,,,,,,,,,,,,,,
,,,,,,,,,,,,,,,,,,,,,,,,,,,,,,,,,,,,,,,Width,6.8,6.8,,,,,,,,,,,,,,,,,,,,,,,,
,,,,,,,,,,,,,,,,,,,,,,,,,,,,,,,,,,,,,,,Depth,4.6,4.6,,,,,,,,,,,,,,,,,,,,,,,,
Phyto,9/4/2019,11:23,BL5,1,60.0,0.5,0.83%,0.0697,314.159,1.8122,26,346.72,1037,Chlorella sp.,Soft Body,Chlorella,sp.,,9,9,1.9,,,i,BSA.YOLO-49,BB,,sphere,3.59,,,,,,,,,,Length,1.9,1.9,1.9,1.9,1.9,1.9,,,,,,,,,,,,,,,,,,,,
Phyto,9/4/2019,11:23,BL5,1,60.0,0.5,0.83%,0.0697,314.159,1.8122,26,346.72,1364,Plagioselmis nannoplanctica,Soft Body,Plagioselmis,nannoplanctica,,1,1,8.3,,,i,BSA.YOLO-49,BB,,cone + half sphere,227.25,,,,,,,,,,Length,8.3,8.3,,,,,,,,,,,,,,,,,,,,,,,,
,,,,,,,,,,,,,,,,,,,,,,,,,,,,,,,,,,,,,,,Width,4.3,4.3,,,,,,,,,,,,,,,,,,,,,,,,
Phyto,9/4/2019,11:23,BL5,1,60.0,0.5,0.83%,0.0697,314.159,1.8122,26,346.72,1419,Eucapsis microscopica,Soft Body,Eucapsis,microscopica,,398,846,0.8,0.8,0.8,c,BSA.YOLO-49,BB,,sphere,0.18,0.18,0.18,0.18,0.18,0.18,0.18,0.18,0.18,0.18,Length,0.8,0.7,0.7,0.7,0.7,0.7,0.7,0.7,0.7,0.7,0.7,0.7,0.7,0.8,0.8,0.8,0.8,0.8,0.8,0.8,0.8,0.8,0.8,0.8,0.8,0.8
Phyto,9/3/2019,11:18,LIS,1,61.0,0.5,0.82%,0.0683,314.159,0.683,10,919.94,190,cf. Cyclotella sp.,Diatom,Cyclotella,sp.,,2,2,5.6,,,i,BSA.YOLO-50,CT,High sediment and detritus.,cylinder,91.13,,,,,,,,,,Length,3.7,3.7,3.7,,,,,,,,,,,,,,,,,,,,,,,
,,,,,,,,,,,,,,,,,,,,,,,,,,,,,,,,,,,,,,,Width,5.6,5.6,5.6,,,,,,,,,,,,,,,,,,,,,,,
Phyto,9/3/2019,11:18,LIS,1,61.0,0.5,0.82%,0.0683,314.159,0.683,10,919.94,631,Navicula sp.,Diatom,Navicula,sp.,,1,1,24.1,,,i,BSA.YOLO-50,CT,High sediment and detritus.,elliptic prism,392.19,,,,,,,,,,Length,24.1,24.1,,,,,,,,,,,,,,,,,,,,,,,,
,,,,,,,,,,,,,,,,,,,,,,,,,,,,,,,,,,,,,,,Width,5.6,5.6,,,,,,,,,,,,,,,,,,,,,,,,
,,,,,,,,,,,,,,,,,,,,,,,,,,,,,,,,,,,,,,,Depth,3.7,3.7,,,,,,,,,,,,,,,,,,,,,,,,
Phyto,9/3/2019,11:18,LIS,1,61.0,0.5,0.82%,0.0683,314.159,0.683,10,919.94,1037,Chlorella sp.,Soft Body,Chlorella,sp.,,2,2,2.8,,,i,BSA.YOLO-50,CT,High sediment and detritus.,sphere,7.24,,,,,,,,,,Length,2.4,2.8,1.9,,,,,,,,,,,,,,,,,,,,,,,
Phyto,9/3/2019,11:18,LIS,1,61.0,0.5,0.82%,0.0683,314.159,0.683,10,919.94,1119,Lagerheimia genevensis,Soft Body,Lagerheimia,genevensis,,1,1,4.6,,,i,BSA.YOLO-50,CT,High sediment and detritus.,ellipsoid,18.88,,,,,,,,,,Length,4.6,4.6,,,,,,,,,,,,,,,,,,,,,,,,
,,,,,,,,,,,,,,,,,,,,,,,,,,,,,,,,,,,,,,,Width,2.8,2.8,,,,,,,,,,,,,,,,,,,,,,,,
,,,,,,,,,,,,,,,,,,,,,,,,,,,,,,,,,,,,,,,Depth,2.8,2.8,,,,,,,,,,,,,,,,,,,,,,,,
Phyto,9/3/2019,11:18,LIS,1,61.0,0.5,0.82%,0.0683,314.159,0.683,10,919.94,1134,Monoraphidium contortum,Soft Body,Monoraphidium,contortum,,2,2,11.1,,,i,BSA.YOLO-50,CT,High sediment and detritus.,2 cones,19.28,,,,,,,,,,Length,10.2,11.1,9.3,,,,,,,,,,,,,,,,,,,,,,,
,,,,,,,,,,,,,,,,,,,,,,,,,,,,,,,,,,,,,,,Width,1.9,1.9,1.9,,,,,,,,,,,,,,,,,,,,,,,
Phyto,9/3/2019,11:18,LIS,1,61.0,0.5,0.82%,0.0683,314.159,0.683,10,919.94,1419,Eucapsis microscopica,Soft Body,Eucapsis,microscopica,,403,817,0.8,0.8,0.8,c,BSA.YOLO-50,CT,High sediment and detritus.,sphere,0.18,0.18,0.18,0.18,0.18,0.18,0.18,0.18,0.18,0.18,Length,0.8,0.7,0.7,0.7,0.7,0.7,0.7,0.7,0.7,0.7,0.7,0.7,0.7,0.8,0.8,0.8,0.8,0.8,0.8,0.8,0.8,0.8,0.8,0.8,0.8,0.8
Phyto,9/5/2019,10:07,SHR DUP,1,62.0,0.5,0.81%,0.0683,314.159,2.1173,31,296.75,190,cf. Cyclotella sp.,Diatom,Cyclotella,sp.,,3,3,6.5,,,i,BSA.YOLO-51,CT,,cylinder,81.63,,,,,,,,,,Length,3.7,3.7,3.7,3.7,,,,,,,,,,,,,,,,,,,,,,
,,,,,,,,,,,,,,,,,,,,,,,,,,,,,,,,,,,,,,,Width,5.3,5.6,3.7,6.5,,,,,,,,,,,,,,,,,,,,,,
Phyto,9/5/2019,10:07,SHR DUP,1,62.0,0.5,0.81%,0.0683,314.159,2.1173,31,296.75,464,Gomphonema sp.,Diatom,Gomphonema,sp.,,2,2,13.9,,,i,BSA.YOLO-51,CT,,gomphonemoid,259.43,,,,,,,,,,Width,5.6,4.6,6.5,,,,,,,,,,,,,,,,,,,,,,,
,,,,,,,,,,,,,,,,,,,,,,,,,,,,,,,,,,,,,,,Depth,5.1,4.6,5.6,,,,,,,,,,,,,,,,,,,,,,,
,,,,,,,,,,,,,,,,,,,,,,,,,,,,,,,,,,,,,,,E,13.9,11.1,16.7,,,,,,,,,,,,,,,,,,,,,,,
,,,,,,,,,,,,,,,,,,,,,,,,,,,,,,,,,,,,,,,F,8.4,7.4,9.3,,,,,,,,,,,,,,,,,,,,,,,
Phyto,9/5/2019,10:07,SHR DUP,1,62.0,0.5,0.81%,0.0683,314.159,2.1173,31,296.75,1007,Ulnaria ulna,Diatom,Ulnaria,ulna,,1,1,24.1,,,i,BSA.YOLO-51,CT,Fragment.,elliptic prism,688.98,,,,,,,,,,Length,24.1,24.1,,,,,,,,,,,,,,,,,,,,,,,,
,,,,,,,,,,,,,,,,,,,,,,,,,,,,,,,,,,,,,,,Widh,6.5,6.5,,,,,,,,,,,,,,,,,,,,,,,,
,,,,,,,,,,,,,,,,,,,,,,,,,,,,,,,,,,,,,,,Depth,5.6,5.6,,,,,,,,,,,,,,,,,,,,,,,,
Phyto,9/5/2019,10:07,SHR DUP,1,62.0,0.5,0.81%,0.0683,314.159,2.1173,31,296.75,1037,Chlorella sp.,Soft Body,Chlorella,sp.,,4,4,2.8,,,i,BSA.YOLO-51,CT,,sphere,4.85,,,,,,,,,,Length,2.1,1.9,1.9,2.8,1.9,,,,,,,,,,,,,,,,,,,,,
Phyto,9/5/2019,10:07,SHR DUP,1,62.0,0.5,0.81%,0.0683,314.159,2.1173,31,296.75,1419,Eucapsis microscopica,Soft Body,Eucapsis,microscopica,,396,793,0.8,0.8,0.8,c,BSA.YOLO-51,CT,,sphere,0.18,0.18,0.18,0.18,0.18,0.18,0.18,0.18,0.18,0.18,Length,0.8,0.7,0.7,0.7,0.7,0.7,0.7,0.7,0.7,0.7,0.7,0.7,0.7,0.8,0.8,0.8,0.8,0.8,0.8,0.8,0.8,0.8,0.8,0.8,0.8,0.8
Phyto,9/17/2019,9:13,I80,1,63.0,0.5,0.79%,0.0683,314.159,0.9562,14,657.10,190,cf. Cyclotella sp.,Diatom,Cyclotella,sp.,,4,4,6.5,,,i,BSA.YOLO-52,CT,High sediment and detritus.,cylinder,97.76,,,,,,,,,,Length,3.7,3.7,3.7,3.7,3.7,,,,,,,,,,,,,,,,,,,,,
,,,,,,,,,,,,,,,,,,,,,,,,,,,,,,,,,,,,,,,Width,5.8,5.6,5.6,5.6,6.5,,,,,,,,,,,,,,,,,,,,,
Phyto,9/17/2019,9:13,I80,1,63.0,0.5,0.79%,0.0683,314.159,0.9562,14,657.10,1037,Chlorella sp.,Soft Body,Chlorella,sp.,,14,14,3.7,,,i,BSA.YOLO-52,CT,High sediment and detritus.,sphere,7.24,,,,,,,,,,Length,2.4,2.8,3.7,1.9,1.9,1.9,,,,,,,,,,,,,,,,,,,,
Phyto,9/17/2019,9:13,I80,1,63.0,0.5,0.79%,0.0683,314.159,0.9562,14,657.10,1138,Monoraphidium sp.,Soft Body,Monoraphidium,sp.,,2,2,7.4,,,i,BSA.YOLO-52,CT,High sediment and detritus.,2 cones,7.59,,,,,,,,,,Length,7.4,7.4,7.4,,,,,,,,,,,,,,,,,,,,,,,
,,,,,,,,,,,,,,,,,,,,,,,,,,,,,,,,,,,,,,,Width,1.4,1.9,0.9,,,,,,,,,,,,,,,,,,,,,,,
Phyto,9/17/2019,9:13,I80,1,63.0,0.5,0.79%,0.0683,314.159,0.9562,14,657.10,1419,Eucapsis microscopica,Soft Body,Eucapsis,microscopica,,407,825,0.8,0.8,0.8,c,BSA.YOLO-52,CT,High sediment and detritus.,sphere,0.18,0.18,0.18,0.18,0.18,0.18,0.18,0.18,0.18,0.18,Length,0.8,0.7,0.7,0.7,0.7,0.7,0.7,0.7,0.7,0.7,0.7,0.7,0.7,0.8,0.8,0.8,0.8,0.8,0.8,0.8,0.8,0.8,0.8,0.8,0.8,0.8
Phyto,9/17/2019,10:58,RCS,1,62.0,0.5,0.81%,0.0697,314.159,0.5576,8,1126.83,702,Nitzschia fonticola,Diatom,Nitzschia,fonticola,,1,1,16.7,,,i,BSA.YOLO-53,BB,,prism on parallelogram,44.42,,,,,,,,,,Length,16.7,16.7,,,,,,,,,,,,,,,,,,,,,,,,
,,,,,,,,,,,,,,,,,,,,,,,,,,,,,,,,,,,,,,,Width,2.8,2.8,,,,,,,,,,,,,,,,,,,,,,,,
,,,,,,,,,,,,,,,,,,,,,,,,,,,,,,,,,,,,,,,Depth,1.9,1.9,,,,,,,,,,,,,,,,,,,,,,,,
Phyto,9/17/2019,10:58,RCS,1,62.0,0.5,0.81%,0.0697,314.159,0.5576,8,1126.83,1037,Chlorella sp.,Soft Body,Chlorella,sp.,,5,5,2.8,,,i,BSA.YOLO-53,BB,,sphere,4.85,,,,,,,,,,Length,2.1,1.9,1.9,1.9,1.9,2.8,,,,,,,,,,,,,,,,,,,,
Phyto,9/17/2019,10:58,RCS,1,62.0,0.5,0.81%,0.0697,314.159,0.5576,8,1126.83,1419,Eucapsis microscopica,Soft Body,Eucapsis,microscopica,,423,868,0.8,0.8,0.8,c,BSA.YOLO-53,BB,,sphere,0.18,0.18,0.18,0.18,0.18,0.18,0.18,0.18,0.18,0.18,Length,0.8,0.7,0.7,0.7,0.7,0.7,0.7,0.7,0.7,0.7,0.7,0.7,0.7,0.8,0.8,0.8,0.8,0.8,0.8,0.8,0.8,0.8,0.8,0.8,0.8,0.8
Phyto,9/16/2019,9:40,SHER,1,61.0,5,8.20%,0.0683,314.159,0.8879,13,70.76,46,cf. Achnanthidium sp.,Diatom,Achnanthidium,sp.,,1,1,18.5,,,i,BSA.YOLO-54,CT,,elliptic prism,150.53,,,,,,,,,,Length,18.5,18.5,,,,,,,,,,,,,,,,,,,,,,,,
,,,,,,,,,,,,,,,,,,,,,,,,,,,,,,,,,,,,,,,Width,3.7,3.7,,,,,,,,,,,,,,,,,,,,,,,,
,,,,,,,,,,,,,,,,,,,,,,,,,,,,,,,,,,,,,,,Depth,2.8,2.8,,,,,,,,,,,,,,,,,,,,,,,,
Phyto,9/16/2019,9:40,SHER,1,61.0,5,8.20%,0.0683,314.159,0.8879,13,70.76,730,Nitzschia palea,Diatom,Nitzschia,palea,,1,1,18.5,,,i,BSA.YOLO-54,CT,,prism on parallelogram,126.63,,,,,,,,,,Length,18.5,18.5,,,,,,,,,,,,,,,,,,,,,,,,
,,,,,,,,,,,,,,,,,,,,,,,,,,,,,,,,,,,,,,,Width,3.7,3.7,,,,,,,,,,,,,,,,,,,,,,,,
,,,,,,,,,,,,,,,,,,,,,,,,,,,,,,,,,,,,,,,Depth,3.7,3.7,,,,,,,,,,,,,,,,,,,,,,,,
Phyto,9/16/2019,9:40,SHER,1,61.0,5,8.20%,0.0683,314.159,0.8879,13,70.76,1007,Ulnaria ulna,Diatom,Ulnaria,ulna,,1,1,133.3,,,i,BSA.YOLO-54,CT,,elliptic prism,7039.59,,,,,,,,,,Length,133.3,133.3,,,,,,,,,,,,,,,,,,,,,,,,
,,,,,,,,,,,,,,,,,,,,,,,,,,,,,,,,,,,,,,,Width,8.2,8.2,,,,,,,,,,,,,,,,,,,,,,,,
,,,,,,,,,,,,,,,,,,,,,,,,,,,,,,,,,,,,,,,Depth,8.2,8.2,,,,,,,,,,,,,,,,,,,,,,,,
Phyto,9/16/2019,9:40,SHER,1,61.0,5,8.20%,0.0683,314.159,0.8879,13,70.76,1037,Chlorella sp.,Soft Body,Chlorella,sp.,,37,37,2.8,,,i,BSA.YOLO-54,CT,,sphere,4.85,,,,,,,,,,Length,2.1,1.9,1.9,1.9,1.9,2.8,,,,,,,,,,,,,,,,,,,,
Phyto,9/16/2019,9:40,SHER,1,61.0,5,8.20%,0.0683,314.159,0.8879,13,70.76,1761,Drepanochloris nannoselene,Soft Body,Drepanochloris,nannoselene,,1,1,5.6,,,i,BSA.YOLO-54,CT,,cylinder + 2 cones,3.85,,,,,,,,,,Length,5.6,5.6,,,,,,,,,,,,,,,,,,,,,,,,
,,,,,,,,,,,,,,,,,,,,,,,,,,,,,,,,,,,,,,,Width,0.9,0.9,,,,,,,,,,,,,,,,,,,,,,,,
,,,,,,,,,,,,,,,,,,,,,,,,,,,,,,,,,,,,,,,Depth,0.9,0.9,,,,,,,,,,,,,,,,,,,,,,,,
Phyto,9/16/2019,9:40,SHER,1,61.0,5,8.20%,0.0683,314.159,0.8879,13,70.76,1419,Eucapsis microscopica,Soft Body,Eucapsis,microscopica,,368,745,0.8,0.8,0.8,c,BSA.YOLO-54,CT,,sphere,0.18,0.18,0.18,0.18,0.18,0.18,0.18,0.18,0.18,0.18,Length,0.8,0.7,0.7,0.7,0.7,0.7,0.7,0.7,0.7,0.7,0.7,0.7,0.7,0.8,0.8,0.8,0.8,0.8,0.8,0.8,0.8,0.8,0.8,0.8,0.8,0.8
Phyto,9/3/2019,12:04,RD22,1,62.0,0.5,0.81%,0.0683,314.159,1.5709,23,399.97,190,cf. Cyclotella sp.,Diatom,Cyclotella,sp.,,1,1,5.6,,,i,BSA.YOLO-55,CT,Moderate sediment and detritus.,cylinder,91.13,,,,,,,,,,Length,3.7,3.7,,,,,,,,,,,,,,,,,,,,,,,,
,,,,,,,,,,,,,,,,,,,,,,,,,,,,,,,,,,,,,,,Width,5.6,5.6,,,,,,,,,,,,,,,,,,,,,,,,
Phyto,9/3/2019,12:04,RD22,1,62.0,0.5,0.81%,0.0683,314.159,1.5709,23,399.97,1037,Chlorella sp.,Soft Body,Chlorella,sp.,,1,1,3.7,,,i,BSA.YOLO-55,CT,Moderate sediment and detritus.,sphere,26.52,,,,,,,,,,Length,3.7,3.7,,,,,,,,,,,,,,,,,,,,,,,,
Phyto,9/3/2019,12:04,RD22,1,62.0,0.5,0.81%,0.0683,314.159,1.5709,23,399.97,1134,Monoraphidium contortum,Soft Body,Monoraphidium,contortum,,1,1,9.3,,,i,BSA.YOLO-55,CT,Moderate sediment and detritus.,2 cones,17.58,,,,,,,,,,Length,9.3,9.3,,,,,,,,,,,,,,,,,,,,,,,,
,,,,,,,,,,,,,,,,,,,,,,,,,,,,,,,,,,,,,,,Width,1.9,1.9,,,,,,,,,,,,,,,,,,,,,,,,
Phyto,9/3/2019,12:04,RD22,1,62.0,0.5,0.81%,0.0683,314.159,1.5709,23,399.97,1419,Eucapsis microscopica,Soft Body,Eucapsis,microscopica,,408,826,0.8,0.8,0.8,c,BSA.YOLO-55,CT,Moderate sediment and detritus.,sphere,0.18,0.18,0.18,0.18,0.18,0.18,0.18,0.18,0.18,0.18,Length,0.8,0.7,0.7,0.7,0.7,0.7,0.7,0.7,0.7,0.7,0.7,0.7,0.7,0.8,0.8,0.8,0.8,0.8,0.8,0.8,0.8,0.8,0.8,0.8,0.8,0.8
Phyto,9/17/2019,11:20,RCS-DUP,1,64.0,0.5,0.78%,0.0697,314.159,0.5576,8,1126.83,730,Nitzschia palea,Diatom,Nitzschia,palea,,1,1,44.4,,,i,BSA.YOLO-56,BB,,prism on parallelogram,353.20,,,,,,,,,,Length,44.4,44.4,,,,,,,,,,,,,,,,,,,,,,,,
,,,,,,,,,,,,,,,,,,,,,,,,,,,,,,,,,,,,,,,Width,4.3,4.3,,,,,,,,,,,,,,,,,,,,,,,,
,,,,,,,,,,,,,,,,,,,,,,,,,,,,,,,,,,,,,,,Depth,3.7,3.7,,,,,,,,,,,,,,,,,,,,,,,,
Phyto,9/17/2019,11:20,RCS-DUP,1,64.0,0.5,0.78%,0.0697,314.159,0.5576,8,1126.83,1037,Chlorella sp.,Soft Body,Chlorella,sp.,,3,3,2.4,,,i,BSA.YOLO-56,BB,,sphere,5.58,,,,,,,,,,Length,2.2,1.9,2.4,2.4,,,,,,,,,,,,,,,,,,,,,,
Phyto,9/17/2019,11:20,RCS-DUP,1,64.0,0.5,0.78%,0.0697,314.159,0.5576,8,1126.83,1077,Crucigenia sp.,Soft Body,Crucigenia,sp.,,1,8,4.6,,,i,BSA.YOLO-56,BB,,cube,62.97,,,,,,,,,,Length,4.6,4.6,4.6,4.6,4.6,4.6,,,,,,,,,,,,,,,,,,,,
,,,,,,,,,,,,,,,,,,,,,,,,,,,,,,,,,,,,,,,Width,3.7,3.7,3.7,3.7,3.7,3.7,,,,,,,,,,,,,,,,,,,,
,,,,,,,,,,,,,,,,,,,,,,,,,,,,,,,,,,,,,,,Depth,3.7,3.7,3.7,3.7,3.7,3.7,,,,,,,,,,,,,,,,,,,,
Phyto,9/17/2019,11:20,RCS-DUP,1,64.0,0.5,0.78%,0.0697,314.159,0.5576,8,1126.83,1420,Chroococcus minimus,Soft Body,Chroococcus,minimus,,2,8,1.9,,,c,BSA.YOLO-56,BB,,sphere,3.59,,,,,,,,,,Length,1.9,1.9,1.9,1.9,1.9,1.9,,,,,,,,,,,,,,,,,,,,
Phyto,9/17/2019,11:20,RCS-DUP,1,64.0,0.5,0.78%,0.0697,314.159,0.5576,8,1126.83,1419,Eucapsis microscopica,Soft Body,Eucapsis,microscopica,,395,816,0.8,0.8,0.8,c,BSA.YOLO-56,BB,,sphere,0.18,0.18,0.18,0.18,0.18,0.18,0.18,0.18,0.18,0.18,Length,0.8,0.7,0.7,0.7,0.7,0.7,0.7,0.7,0.7,0.7,0.7,0.7,0.7,0.8,0.8,0.8,0.8,0.8,0.8,0.8,0.8,0.8,0.8,0.8,0.8,0.8
Phyto,9/3/2019,9:50,I80,1,61.0,0.5,0.82%,0.0683,314.159,1.0928,16,574.96,1917,Aulacoseira granulata var. angustissima,Diatom,Aulacoseira,granulata var. angustissima,,9,9,27.8,,,i,BSA.YOLO-57,CT,Moderate sediment and detritus.,cylinder,462.01,,,,,,,,,,Length,27.8,27.8,27.8,27.8,27.8,27.8,,,,,,,,,,,,,,,,,,,,
,,,,,,,,,,,,,,,,,,,,,,,,,,,,,,,,,,,,,,,Width,4.6,4.6,4.6,4.6,4.6,4.6,,,,,,,,,,,,,,,,,,,,
Phyto,9/3/2019,9:50,I80,1,61.0,0.5,0.82%,0.0683,314.159,1.0928,16,574.96,1031,Chlamydomonas sp.,Soft Body,Chlamydomonas,sp.,,1,1,7.4,,,i,BSA.YOLO-57,CT,Moderate sediment and detritus.,sphere,160.56,,,,,,,,,,Length,7.4,7.4,,,,,,,,,,,,,,,,,,,,,,,,
,,,,,,,,,,,,,,,,,,,,,,,,,,,,,,,,,,,,,,,Width,7.4,7.4,,,,,,,,,,,,,,,,,,,,,,,,
,,,,,,,,,,,,,,,,,,,,,,,,,,,,,,,,,,,,,,,Depth,5.6,5.6,,,,,,,,,,,,,,,,,,,,,,,,
Phyto,9/3/2019,9:50,I80,1,61.0,0.5,0.82%,0.0683,314.159,1.0928,16,574.96,1037,Chlorella sp.,Soft Body,Chlorella,sp.,,1,1,2.8,,,i,BSA.YOLO-57,CT,Moderate sediment and detritus.,sphere,11.49,,,,,,,,,,Length,2.8,2.8,,,,,,,,,,,,,,,,,,,,,,,,
Phyto,9/3/2019,9:50,I80,1,61.0,0.5,0.82%,0.0683,314.159,1.0928,16,574.96,1419,Eucapsis microscopica,Soft Body,Eucapsis,microscopica,,402,818,0.8,0.8,0.8,c,BSA.YOLO-57,CT,Moderate sediment and detritus.,sphere,0.18,0.18,0.18,0.18,0.18,0.18,0.18,0.18,0.18,0.18,Length,0.8,0.7,0.7,0.7,0.7,0.7,0.7,0.7,0.7,0.7,0.7,0.7,0.7,0.8,0.8,0.8,0.8,0.8,0.8,0.8,0.8,0.8,0.8,0.8,0.8,0.8
Phyto,9/4/2019,10:12,RYI,1,61.0,2,3.28%,0.0683,314.159,1.5026,22,104.54,190,cf. Cyclotella sp.,Diatom,Cyclotella,sp.,,4,4,7.4,,,i,BSA.YOLO-58,CT,,cylinder,110.97,,,,,,,,,,Length,4.2,3.7,3.7,3.7,5.6,,,,,,,,,,,,,,,,,,,,,
,,,,,,,,,,,,,,,,,,,,,,,,,,,,,,,,,,,,,,,Width,5.8,6.5,5.6,3.7,7.4,,,,,,,,,,,,,,,,,,,,,
Phyto,9/4/2019,10:12,RYI,1,61.0,2,3.28%,0.0683,314.159,1.5026,22,104.54,1860,Skeletonema potamos,Diatom,Skeletonema,potamos,,1,1,13,,,i,BSA.YOLO-58,CT,,cylinder + 2 half spheres,139.78,,,,,,,,,,Length,13.0,13.0,,,,,,,,,,,,,,,,,,,,,,,,
,,,,,,,,,,,,,,,,,,,,,,,,,,,,,,,,,,,,,,,Width,3.7,3.7,,,,,,,,,,,,,,,,,,,,,,,,
Phyto,9/4/2019,10:12,RYI,1,61.0,2,3.28%,0.0683,314.159,1.5026,22,104.54,1037,Chlorella sp.,Soft Body,Chlorella,sp.,,19,19,3.7,,,i,BSA.YOLO-58,CT,,sphere,9.20,,,,,,,,,,Length,2.6,2.8,1.9,3.7,1.9,2.8,,,,,,,,,,,,,,,,,,,,
Phyto,9/4/2019,10:12,RYI,1,61.0,2,3.28%,0.0683,314.159,1.5026,22,104.54,1761,Drepanochloris nannoselene,Soft Body,Drepanochloris,nannoselene,,1,1,5.6,,,i,BSA.YOLO-58,CT,,cylinder + 2 cones,18.57,,,,,,,,,,Length,5.6,5.6,,,,,,,,,,,,,,,,,,,,,,,,
,,,,,,,,,,,,,,,,,,,,,,,,,,,,,,,,,,,,,,,Width,1.9,1.9,,,,,,,,,,,,,,,,,,,,,,,,
,,,,,,,,,,,,,,,,,,,,,,,,,,,,,,,,,,,,,,,Depth,1.9,1.9,,,,,,,,,,,,,,,,,,,,,,,,
Phyto,9/4/2019,10:12,RYI,1,61.0,2,3.28%,0.0683,314.159,1.5026,22,104.54,1119,Lagerheimia genevensis,Soft Body,Lagerheimia,genevensis,,1,1,5.6,,,i,BSA.YOLO-58,CT,,ellipsoid,40.14,,,,,,,,,,Length,5.6,5.6,,,,,,,,,,,,,,,,,,,,,,,,
,,,,,,,,,,,,,,,,,,,,,,,,,,,,,,,,,,,,,,,Width,3.7,3.7,,,,,,,,,,,,,,,,,,,,,,,,
,,,,,,,,,,,,,,,,,,,,,,,,,,,,,,,,,,,,,,,Depth,3.7,3.7,,,,,,,,,,,,,,,,,,,,,,,,
Phyto,9/4/2019,10:12,RYI,1,61.0,2,3.28%,0.0683,314.159,1.5026,22,104.54,1419,Eucapsis microscopica,Soft Body,Eucapsis,microscopica,,393,803,0.8,0.8,0.8,c,BSA.YOLO-58,CT,,sphere,0.18,0.18,0.18,0.18,0.18,0.18,0.18,0.18,0.18,0.18,Length,0.8,0.7,0.7,0.7,0.7,0.7,0.7,0.7,0.7,0.7,0.7,0.7,0.7,0.8,0.8,0.8,0.8,0.8,0.8,0.8,0.8,0.8,0.8,0.8,0.8,0.8
Phyto,9/17/2019,12:59,RD22,1,61.0,0.5,0.82%,0.0697,314.159,0.5576,8,1126.83,1037,Chlorella sp.,Soft Body,Chlorella,sp.,,8,8,2.8,,,i,BSA.YOLO-59,BB,,sphere,6.37,,,,,,,,,,Length,2.3,2.4,2.4,1.9,1.9,2.8,,,,,,,,,,,,,,,,,,,,
Phyto,9/17/2019,12:59,RD22,1,61.0,0.5,0.82%,0.0697,314.159,0.5576,8,1126.83,1419,Eucapsis microscopica,Soft Body,Eucapsis,microscopica,,428,874,0.8,0.8,0.8,c,BSA.YOLO-59,BB,,sphere,0.18,0.18,0.18,0.18,0.18,0.18,0.18,0.18,0.18,0.18,Length,0.8,0.7,0.7,0.7,0.7,0.7,0.7,0.7,0.7,0.7,0.7,0.7,0.7,0.8,0.8,0.8,0.8,0.8,0.8,0.8,0.8,0.8,0.8,0.8,0.8,0.8
Phyto,9/17/2019,9:17,RMB,1,62.0,0.5,0.81%,0.0697,314.159,0.4879,7,1287.80,182,Cyclotella meneghiniana,Diatom,Cyclotella,meneghiniana,,1,1,13,,,i,BSA.YOLO-60,BB,,cylinder,862.76,,,,,,,,,,Length,6.5,6.5,,,,,,,,,,,,,,,,,,,,,,,,
,,,,,,,,,,,,,,,,,,,,,,,,,,,,,,,,,,,,,,,Width,13.0,13.0,,,,,,,,,,,,,,,,,,,,,,,,
Phyto,9/17/2019,9:17,RMB,1,62.0,0.5,0.81%,0.0697,314.159,0.4879,7,1287.80,540,Melosira varians,Diatom,Melosira,varians,,1,1,21.3,,,i,BSA.YOLO-60,BB,,cylinder,6961.93,,,,,,,,,,Length,21.3,21.3,,,,,,,,,,,,,,,,,,,,,,,,
,,,,,,,,,,,,,,,,,,,,,,,,,,,,,,,,,,,,,,,Width,20.4,20.4,,,,,,,,,,,,,,,,,,,,,,,,
Phyto,9/17/2019,9:17,RMB,1,62.0,0.5,0.81%,0.0697,314.159,0.4879,7,1287.80,631,Navicula sp.,Diatom,Navicula,sp.,,1,1,18.5,,,i,BSA.YOLO-60,BB,,elliptic prism,675.35,,,,,,,,,,Length,18.5,18.5,,,,,,,,,,,,,,,,,,,,,,,,
,,,,,,,,,,,,,,,,,,,,,,,,,,,,,,,,,,,,,,,Width,8.3,8.3,,,,,,,,,,,,,,,,,,,,,,,,
,,,,,,,,,,,,,,,,,,,,,,,,,,,,,,,,,,,,,,,Depth,5.6,5.6,,,,,,,,,,,,,,,,,,,,,,,,
Phyto,9/17/2019,9:17,RMB,1,62.0,0.5,0.81%,0.0697,314.159,0.4879,7,1287.80,1037,Chlorella sp.,Soft Body,Chlorella,sp.,,4,4,2.4,,,i,BSA.YOLO-60,BB,,sphere,5.58,,,,,,,,,,Length,2.2,1.9,1.9,2.4,2.4,,,,,,,,,,,,,,,,,,,,,
Phyto,9/17/2019,9:17,RMB,1,62.0,0.5,0.81%,0.0697,314.159,0.4879,7,1287.80,1364,Plagioselmis nannoplanctica,Soft Body,Plagioselmis,nannoplanctica,,1,1,8.3,,,i,BSA.YOLO-60,BB,,cone + half sphere,227.25,,,,,,,,,,Length,8.3,8.3,,,,,,,,,,,,,,,,,,,,,,,,
,,,,,,,,,,,,,,,,,,,,,,,,,,,,,,,,,,,,,,,Width,4.3,4.3,,,,,,,,,,,,,,,,,,,,,,,,
Phyto,9/17/2019,9:17,RMB,1,62.0,0.5,0.81%,0.0697,314.159,0.4879,7,1287.80,1419,Eucapsis microscopica,Soft Body,Eucapsis,microscopica,,399,818,0.8,0.8,0.8,c,BSA.YOLO-60,BB,,sphere,0.18,0.18,0.18,0.18,0.18,0.18,0.18,0.18,0.18,0.18,Length,0.8,0.7,0.7,0.7,0.7,0.7,0.7,0.7,0.7,0.7,0.7,0.7,0.7,0.8,0.8,0.8,0.8,0.8,0.8,0.8,0.8,0.8,0.8,0.8,0.8,0.8
Phyto,9/18/2019,11:23,BL5 DUP,1,60.0,3,5.00%,0.0697,314.159,0.4879,7,214.63,1037,Chlorella sp.,Soft Body,Chlorella,sp.,,16,16,1.9,,,i,BSA.YOLO-61,CT,,sphere,3.59,,,,,,,,,,Length,1.9,1.9,1.9,1.9,1.9,1.9,,,,,,,,,,,,,,,,,,,,
Phyto,9/18/2019,11:23,BL5 DUP,1,60.0,3,5.00%,0.0697,314.159,0.4879,7,214.63,1419,Eucapsis microscopica,Soft Body,Eucapsis,microscopica,,398,840,0.8,0.8,0.8,c,BSA.YOLO-61,CT,,sphere,0.18,0.18,0.18,0.18,0.18,0.18,0.18,0.18,0.18,0.18,Length,0.8,0.7,0.7,0.7,0.7,0.7,0.7,0.7,0.7,0.7,0.7,0.7,0.7,0.8,0.8,0.8,0.8,0.8,0.8,0.8,0.8,0.8,0.8,0.8,0.8,0.8
Phyto,9/4/2019,10:30,RYI DUP,1,60.0,2,3.33%,0.0697,314.159,0.6273,9,250.41,373,Fragilaria brevistriata,Diatom,Fragilaria,brevistriata,,13,13,13,,,i,BSA.YOLO-62,BB,,elliptic prism,191.45,,,,,,,,,,Length,12.2,13.0,13.0,13.0,11.1,11.1,,,,,,,,,,,,,,,,,,,,
,,,,,,,,,,,,,,,,,,,,,,,,,,,,,,,,,,,,,,,Width,3.7,3.7,3.7,3.7,3.7,3.7,,,,,,,,,,,,,,,,,,,,
,,,,,,,,,,,,,,,,,,,,,,,,,,,,,,,,,,,,,,,Depth,5.4,5.6,5.6,5.6,5.1,5.1,,,,,,,,,,,,,,,,,,,,
Phyto,9/4/2019,10:30,RYI DUP,1,60.0,2,3.33%,0.0697,314.159,0.6273,9,250.41,713,Nitzschia inconspicua,Diatom,Nitzschia,inconspicua,,1,1,7.4,,,i,BSA.YOLO-62,BB,,prism on parallelogram,26.01,,,,,,,,,,Length,7.4,7.4,,,,,,,,,,,,,,,,,,,,,,,,
,,,,,,,,,,,,,,,,,,,,,,,,,,,,,,,,,,,,,,,Width,3.7,3.7,,,,,,,,,,,,,,,,,,,,,,,,
,,,,,,,,,,,,,,,,,,,,,,,,,,,,,,,,,,,,,,,Depth,1.9,1.9,,,,,,,,,,,,,,,,,,,,,,,,
Phyto,9/4/2019,10:30,RYI DUP,1,60.0,2,3.33%,0.0697,314.159,0.6273,9,250.41,1031,Chlamydomonas sp.,Soft Body,Chlamydomonas,sp.,,1,1,7.4,,,i,BSA.YOLO-62,BB,,sphere,212.17,,,,,,,,,,Length,7.4,7.4,,,,,,,,,,,,,,,,,,,,,,,,
,,,,,,,,,,,,,,,,,,,,,,,,,,,,,,,,,,,,,,,Width,7.4,7.4,,,,,,,,,,,,,,,,,,,,,,,,
,,,,,,,,,,,,,,,,,,,,,,,,,,,,,,,,,,,,,,,Depth,7.4,7.4,,,,,,,,,,,,,,,,,,,,,,,,
Phyto,9/4/2019,10:30,RYI DUP,1,60.0,2,3.33%,0.0697,314.159,0.6273,9,250.41,1037,Chlorella sp.,Soft Body,Chlorella,sp.,,6,6,1.9,,,i,BSA.YOLO-62,BB,,sphere,3.59,,,,,,,,,,Length,1.9,1.9,1.9,1.9,1.9,1.9,,,,,,,,,,,,,,,,,,,,
Phyto,9/4/2019,10:30,RYI DUP,1,60.0,2,3.33%,0.0697,314.159,0.6273,9,250.41,1135,Monoraphidium convolutum,Soft Body,Monoraphidium,convolutum,,1,1,7.4,,,i,BSA.YOLO-62,BB,,2 cones,6.55,,,,,,,,,,Length,7.4,7.4,,,,,,,,,,,,,,,,,,,,,,,,
,,,,,,,,,,,,,,,,,,,,,,,,,,,,,,,,,,,,,,,Width,1.3,1.3,,,,,,,,,,,,,,,,,,,,,,,,
Phyto,9/4/2019,10:30,RYI DUP,1,60.0,2,3.33%,0.0697,314.159,0.6273,9,250.41,1419,Eucapsis microscopica,Soft Body,Eucapsis,microscopica,,387,792,0.8,0.8,0.8,c,BSA.YOLO-62,BB,,sphere,0.18,0.18,0.18,0.18,0.18,0.18,0.18,0.18,0.18,0.18,Length,0.8,0.7,0.7,0.7,0.7,0.7,0.7,0.7,0.7,0.7,0.7,0.7,0.7,0.8,0.8,0.8,0.8,0.8,0.8,0.8,0.8,0.8,0.8,0.8,0.8,0.8
Phyto,9/18/2019,12:21,STTD-DUP,1,60.0,0.5,0.83%,0.0697,314.159,0.6273,9,1001.62,1020,Carteria sp.,Soft Body,Carteria,sp.,,1,1,14.2,,,i,BSA.YOLO-63,BB,,sphere,562.76,,,,,,,,,,Length,14.2,14.2,,,,,,,,,,,,,,,,,,,,,,,,
,,,,,,,,,,,,,,,,,,,,,,,,,,,,,,,,,,,,,,,Width,8.7,8.7,,,,,,,,,,,,,,,,,,,,,,,,
Phyto,9/18/2019,12:21,STTD-DUP,1,60.0,0.5,0.83%,0.0697,314.159,0.6273,9,1001.62,1037,Chlorella sp.,Soft Body,Chlorella,sp.,,4,4,1.9,,,i,BSA.YOLO-63,BB,,sphere,3.59,,,,,,,,,,Length,1.9,1.9,1.9,1.9,1.9,,,,,,,,,,,,,,,,,,,,,
Phyto,9/18/2019,12:21,STTD-DUP,1,60.0,0.5,0.83%,0.0697,314.159,0.6273,9,1001.62,1419,Eucapsis microscopica,Soft Body,Eucapsis,microscopica,,432,890,0.8,0.8,0.8,c,BSA.YOLO-63,BB,,sphere,0.18,0.18,0.18,0.18,0.18,0.18,0.18,0.18,0.18,0.18,Length,0.8,0.7,0.7,0.7,0.7,0.7,0.7,0.7,0.7,0.7,0.7,0.7,0.7,0.8,0.8,0.8,0.8,0.8,0.8,0.8,0.8,0.8,0.8,0.8,0.8,0.8
Phyto,9/18/2019,10:23,LIB,1,60.0,3,5.00%,0.0697,314.159,0.8364,12,125.20,190,Cyclotella sp.,Diatom,Cyclotella,sp.,,1,1,5.6,,,i,BSA.YOLO-64,BB,,cylinder,68.96,,,,,,,,,,Length,2.8,2.8,,,,,,,,,,,,,,,,,,,,,,,,
,,,,,,,,,,,,,,,,,,,,,,,,,,,,,,,,,,,,,,,Width,5.6,5.6,,,,,,,,,,,,,,,,,,,,,,,,
Phyto,9/18/2019,10:23,LIB,1,60.0,3,5.00%,0.0697,314.159,0.8364,12,125.20,816,cf. Pinnularia sp.,Diatom,Pinnularia,sp.,,1,1,24.1,,,i,BSA.YOLO-64,BB,,box,644.31,,,,,,,,,,Length,24.1,24.1,,,,,,,,,,,,,,,,,,,,,,,,
,,,,,,,,,,,,,,,,,,,,,,,,,,,,,,,,,,,,,,,Width,7.4,7.4,,,,,,,,,,,,,,,,,,,,,,,,
,,,,,,,,,,,,,,,,,,,,,,,,,,,,,,,,,,,,,,,Depth,4.6,4.6,,,,,,,,,,,,,,,,,,,,,,,,
Phyto,9/18/2019,10:23,LIB,1,60.0,3,5.00%,0.0697,314.159,0.8364,12,125.20,1037,Chlorella sp.,Soft Body,Chlorella,sp.,,13,13,2.8,,,i,BSA.YOLO-64,BB,,sphere,6.37,,,,,,,,,,Length,2.3,1.9,1.9,1.9,2.8,2.8,,,,,,,,,,,,,,,,,,,,
Phyto,9/18/2019,10:23,LIB,1,60.0,3,5.00%,0.0697,314.159,0.8364,12,125.20,1419,Eucapsis microscopica,Soft Body,Eucapsis,microscopica,,417,870,0.8,0.8,0.8,c,BSA.YOLO-64,BB,,sphere,0.18,0.18,0.18,0.18,0.18,0.18,0.18,0.18,0.18,0.18,Length,0.8,0.7,0.7,0.7,0.7,0.7,0.7,0.7,0.7,0.7,0.7,0.7,0.7,0.8,0.8,0.8,0.8,0.8,0.8,0.8,0.8,0.8,0.8,0.8,0.8,0.8
Phyto,9/18/2019,11:59,STTD,1,61.0,0.5,0.82%,0.0697,314.159,0.6273,9,1001.62,1037,Chlorella sp.,Soft Body,Chlorella,sp.,,7,7,2.8,,,i,BSA.YOLO-65,BB,,sphere,4.85,,,,,,,,,,Length,2.1,1.9,1.9,1.9,1.9,2.8,,,,,,,,,,,,,,,,,,,,
Phyto,9/18/2019,11:59,STTD,1,61.0,0.5,0.82%,0.0697,314.159,0.6273,9,1001.62,1761,Drepanochloris nannoselene,Soft Body,Drepanochloris,nannoselene,,1,1,4.3,,,i,BSA.YOLO-65,BB,,cylinder + 2 cones,3.02,,,,,,,,,,Length,4.3,4.3,,,,,,,,,,,,,,,,,,,,,,,,
,,,,,,,,,,,,,,,,,,,,,,,,,,,,,,,,,,,,,,,Width,0.9,0.9,,,,,,,,,,,,,,,,,,,,,,,,
,,,,,,,,,,,,,,,,,,,,,,,,,,,,,,,,,,,,,,,Depth,0.9,0.9,,,,,,,,,,,,,,,,,,,,,,,,
Phyto,9/18/2019,11:59,STTD,1,61.0,0.5,0.82%,0.0697,314.159,0.6273,9,1001.62,1420,Chroococcus minimus,Soft Body,Chroococcus,minimus,,1,2,1.9,,,c,BSA.YOLO-65,BB,,sphere,3.59,,,,,,,,,,Length,1.9,1.9,1.9,,,,,,,,,,,,,,,,,,,,,,,
Phyto,9/18/2019,11:59,STTD,1,61.0,0.5,0.82%,0.0697,314.159,0.6273,9,1001.62,1766,cf. Dolichospermum sp.,Soft Body,Dolichospermum,sp.,,1,1,5.6,,,i,BSA.YOLO-65,BB,,sphere,91.95,,,,,,,,,,Length,5.6,5.6,,,,,,,,,,,,,,,,,,,,,,,,
,,,,,,,,,,,,,,,,,,,,,,,,,,,,,,,,,,,,,,,Width,5.6,5.6,,,,,,,,,,,,,,,,,,,,,,,,
Phyto,9/18/2019,11:59,STTD,1,61.0,0.5,0.82%,0.0697,314.159,0.6273,9,1001.62,1419,Eucapsis microscopica,Soft Body,Eucapsis,microscopica,,430,896,0.8,0.8,0.8,c,BSA.YOLO-65,BB,,sphere,0.18,0.18,0.18,0.18,0.18,0.18,0.18,0.18,0.18,0.18,Length,0.8,0.7,0.7,0.7,0.7,0.7,0.7,0.7,0.7,0.7,0.7,0.7,0.7,0.8,0.8,0.8,0.8,0.8,0.8,0.8,0.8,0.8,0.8,0.8,0.8,0.8
Phyto,9/18/2019,9:01,RVB,1,64.0,2,3.13%,0.0697,314.159,0.8364,12,187.80,182,Cyclotella meneghiniana,Diatom,Cyclotella,meneghiniana,,1,1,14.8,,,i,BSA.YOLO-66,BB,,cylinder,1273.05,,,,,,,,,,Length,7.4,7.4,,,,,,,,,,,,,,,,,,,,,,,,
,,,,,,,,,,,,,,,,,,,,,,,,,,,,,,,,,,,,,,,Width,14.8,14.8,,,,,,,,,,,,,,,,,,,,,,,,
Phyto,9/18/2019,9:01,RVB,1,64.0,2,3.13%,0.0697,314.159,0.8364,12,187.80,1037,Chlorella sp.,Soft Body,Chlorella,sp.,,4,4,2.8,,,i,BSA.YOLO-66,BB,,sphere,7.24,,,,,,,,,,Length,2.4,2.8,1.9,,,,,,,,,,,,,,,,,,,,,,,
Phyto,9/18/2019,9:01,RVB,1,64.0,2,3.13%,0.0697,314.159,0.8364,12,187.80,1419,Eucapsis microscopica,Soft Body,Eucapsis,microscopica,,423,892,0.8,0.8,0.8,c,BSA.YOLO-66,BB,,sphere,0.18,0.18,0.18,0.18,0.18,0.18,0.18,0.18,0.18,0.18,Length,0.8,0.7,0.7,0.7,0.7,0.7,0.7,0.7,0.7,0.7,0.7,0.7,0.7,0.8,0.8,0.8,0.8,0.8,0.8,0.8,0.8,0.8,0.8,0.8,0.8,0.8
Phyto,9/18/2019,10:57,BL5,1,63.0,3,4.76%,0.0697,314.159,0.4182,6,250.41,145,Cocconeis placentula,Diatom,Cocconeis,placentula,,1,1,20.2,,,i,BSA.YOLO-67,BB,,elliptic prism,744.39,,,,,,,,,,Length,20.2,20.2,,,,,,,,,,,,,,,,,,,,,,,,
,,,,,,,,,,,,,,,,,,,,,,,,,,,,,,,,,,,,,,,Width,10.2,10.2,,,,,,,,,,,,,,,,,,,,,,,,
,,,,,,,,,,,,,,,,,,,,,,,,,,,,,,,,,,,,,,,Depth,4.6,4.6,,,,,,,,,,,,,,,,,,,,,,,,
Phyto,9/18/2019,10:57,BL5,1,63.0,3,4.76%,0.0697,314.159,0.4182,6,250.41,182,Cyclotella meneghiniana,Diatom,Cyclotella,meneghiniana,,1,1,13,,,i,BSA.YOLO-67,BB,,cylinder,862.76,,,,,,,,,,Length,6.5,6.5,,,,,,,,,,,,,,,,,,,,,,,,
,,,,,,,,,,,,,,,,,,,,,,,,,,,,,,,,,,,,,,,Width,13.0,13.0,,,,,,,,,,,,,,,,,,,,,,,,
Phyto,9/18/2019,10:57,BL5,1,63.0,3,4.76%,0.0697,314.159,0.4182,6,250.41,190,cf. Cyclotella sp.,Diatom,Cyclotella,sp.,,1,1,7.4,,,i,BSA.YOLO-67,BB,,cylinder,159.13,,,,,,,,,,Length,3.7,3.7,,,,,,,,,,,,,,,,,,,,,,,,
,,,,,,,,,,,,,,,,,,,,,,,,,,,,,,,,,,,,,,,Width,7.4,7.4,,,,,,,,,,,,,,,,,,,,,,,,
Phyto,9/18/2019,10:57,BL5,1,63.0,3,4.76%,0.0697,314.159,0.4182,6,250.41,1037,Chlorella sp.,Soft Body,Chlorella,sp.,,1,1,1.9,,,i,BSA.YOLO-67,BB,,sphere,3.59,,,,,,,,,,Length,1.9,1.9,,,,,,,,,,,,,,,,,,,,,,,,
Phyto,9/18/2019,10:57,BL5,1,63.0,3,4.76%,0.0697,314.159,0.4182,6,250.41,1419,Eucapsis microscopica,Soft Body,Eucapsis,microscopica,,423,890,0.8,0.8,0.8,c,BSA.YOLO-67,BB,,sphere,0.18,0.18,0.18,0.18,0.18,0.18,0.18,0.18,0.18,0.18,Length,0.8,0.7,0.7,0.7,0.7,0.7,0.7,0.7,0.7,0.7,0.7,0.7,0.7,0.8,0.8,0.8,0.8,0.8,0.8,0.8,0.8,0.8,0.8,0.8,0.8,0.8
Phyto,9/18/2019,9:42,RYI,1,62.0,2,3.23%,0.0697,314.159,0.4879,7,321.95,46,Achnanthidium sp.,Diatom,Achnanthidium,sp.,,1,1,12,,,i,BSA.YOLO-68,BB,,elliptic prism,97.64,,,,,,,,,,Length,12.0,12.0,,,,,,,,,,,,,,,,,,,,,,,,
,,,,,,,,,,,,,,,,,,,,,,,,,,,,,,,,,,,,,,,Width,3.7,3.7,,,,,,,,,,,,,,,,,,,,,,,,
,,,,,,,,,,,,,,,,,,,,,,,,,,,,,,,,,,,,,,,Depth,2.8,2.8,,,,,,,,,,,,,,,,,,,,,,,,
Phyto,9/18/2019,9:42,RYI,1,62.0,2,3.23%,0.0697,314.159,0.4879,7,321.95,895,Skeletonema sp.,Diatom,Skeletonema,sp.,,2,2,8.3,,,i,BSA.YOLO-68,BB,,cylinder + 2 half spheres,89.24,,,,,,,,,,Length,8.3,8.3,8.3,,,,,,,,,,,,,,,,,,,,,,,
,,,,,,,,,,,,,,,,,,,,,,,,,,,,,,,,,,,,,,,Width,3.7,3.7,3.7,,,,,,,,,,,,,,,,,,,,,,,
Phyto,9/18/2019,9:42,RYI,1,62.0,2,3.23%,0.0697,314.159,0.4879,7,321.95,1037,Chlorella sp.,Soft Body,Chlorella,sp.,,3,3,2.8,,,i,BSA.YOLO-68,BB,,sphere,8.18,,,,,,,,,,Length,2.5,1.9,2.8,2.8,,,,,,,,,,,,,,,,,,,,,,
Phyto,9/18/2019,9:42,RYI,1,62.0,2,3.23%,0.0697,314.159,0.4879,7,321.95,1419,Eucapsis microscopica,Soft Body,Eucapsis,microscopica,,397,820,0.8,0.8,0.8,c,BSA.YOLO-68,BB,,sphere,0.18,0.18,0.18,0.18,0.18,0.18,0.18,0.18,0.18,0.18,Length,0.8,0.7,0.7,0.7,0.7,0.7,0.7,0.7,0.7,0.7,0.7,0.7,0.7,0.8,0.8,0.8,0.8,0.8,0.8,0.8,0.8,0.8,0.8,0.8,0.8,0.8
,,,,,,,,,,,,,,,,,,,,,,,,,,,,,,,,,,,,,,,,,,,,,,,,,,,,,,,,,,,,,,,,,
